2025-11-11 09:22:03 - facturacion_facil.productos - INFO - productos.py:384 - Botón 'Guardar' creado: .!ctktoplevel.!ctkframe.!canvas.!ctkscrollableframe.!ctkframe.!ctkframe2.!ctkframe.!ctkframe3.!ctkframe2.!ctkbutton en frame .!ctktoplevel.!ctkframe.!canvas.!ctkscrollableframe.!ctkframe.!ctkframe2.!ctkframe.!ctkframe3.!ctkframe2
2025-11-11 09:22:03 - facturacion_facil.productos - INFO - productos.py:397 - Botón 'Cancelar' creado: .!ctktoplevel.!ctkframe.!canvas.!ctkscrollableframe.!ctkframe.!ctkframe2.!ctkframe.!ctkframe3.!ctkframe2.!ctkbutton2 en frame .!ctktoplevel.!ctkframe.!canvas.!ctkscrollableframe.!ctkframe.!ctkframe2.!ctkframe.!ctkframe3.!ctkframe2
2025-11-11 09:22:03 - facturacion_facil.productos - DEBUG - productos.py:60 - Comportamiento de scrolling configurado
2025-11-11 09:22:03 - facturacion_facil.productos - DEBUG - productos.py:117 - Scroll de rueda del ratón configurado para todos los widgets
2025-11-11 09:22:03 - facturacion_facil.productos - DEBUG - productos.py:402 - Cargando lista de productos desde la base de datos
2025-11-11 09:22:03 - facturacion_facil - DEBUG - logger.py:100 - DB SELECT en productos: Cargados 0 productos
2025-11-11 09:22:03 - facturacion_facil.productos - INFO - productos.py:429 - Lista de productos actualizada: 0 productos
2025-11-11 09:22:03 - facturacion_facil.productos - INFO - productos.py:46 - Ventana de productos inicializada correctamente con scrolling habilitado
2025-11-11 09:22:03 - facturacion_facil.test_database_manager - DEBUG - test_database_manager.py:98 - Base de données supprimée: test_test_product_double_click_functionality_x5pgd5vu.db
2025-11-11 09:22:03 - facturacion_facil.test_database_manager - DEBUG - test_database_manager.py:109 - Répertoire supprimé: test_test_product_double_click_functionality_assets_be23rqmi
2025-11-11 09:22:03 - facturacion_facil.test_database_manager - DEBUG - test_database_manager.py:53 - Base de données de test créée: test_test_treeview_selection_event_binding_x4fo2gth.db
2025-11-11 09:22:03 - facturacion_facil.test_database_manager - DEBUG - test_database_manager.py:78 - Répertoire de test créé: test_test_treeview_selection_event_binding_assets_xyuhkhh8
2025-11-11 09:22:03 - facturacion_facil.productos - INFO - productos.py:28 - Inicializando ventana de gestión de productos
2025-11-11 09:22:03 - facturacion_facil.productos - DEBUG - productos.py:192 - Frame principal scrollable creado con tamaño mínimo configurado
2025-11-11 09:22:03 - facturacion_facil.treeview_sorter - INFO - treeview_sorter.py:39 - Configurado sorting para 4 columnas
2025-11-11 09:22:03 - facturacion_facil.productos - DEBUG - productos.py:358 - Frame de botones del formulario creado y packed
2025-11-11 09:22:03 - facturacion_facil.productos - INFO - productos.py:371 - Frame inferior de botones creado: .!ctktoplevel.!ctkframe.!canvas.!ctkscrollableframe.!ctkframe.!ctkframe2.!ctkframe.!ctkframe3.!ctkframe2
2025-11-11 09:22:03 - facturacion_facil.productos - INFO - productos.py:384 - Botón 'Guardar' creado: .!ctktoplevel.!ctkframe.!canvas.!ctkscrollableframe.!ctkframe.!ctkframe2.!ctkframe.!ctkframe3.!ctkframe2.!ctkbutton en frame .!ctktoplevel.!ctkframe.!canvas.!ctkscrollableframe.!ctkframe.!ctkframe2.!ctkframe.!ctkframe3.!ctkframe2
2025-11-11 09:22:03 - facturacion_facil.productos - INFO - productos.py:397 - Botón 'Cancelar' creado: .!ctktoplevel.!ctkframe.!canvas.!ctkscrollableframe.!ctkframe.!ctkframe2.!ctkframe.!ctkframe3.!ctkframe2.!ctkbutton2 en frame .!ctktoplevel.!ctkframe.!canvas.!ctkscrollableframe.!ctkframe.!ctkframe2.!ctkframe.!ctkframe3.!ctkframe2
2025-11-11 09:22:03 - facturacion_facil.productos - DEBUG - productos.py:60 - Comportamiento de scrolling configurado
2025-11-11 09:22:03 - facturacion_facil.productos - DEBUG - productos.py:117 - Scroll de rueda del ratón configurado para todos los widgets
2025-11-11 09:22:03 - facturacion_facil.productos - DEBUG - productos.py:402 - Cargando lista de productos desde la base de datos
2025-11-11 09:22:03 - facturacion_facil - DEBUG - logger.py:100 - DB SELECT en productos: Cargados 0 productos
2025-11-11 09:22:03 - facturacion_facil.productos - INFO - productos.py:429 - Lista de productos actualizada: 0 productos
2025-11-11 09:22:03 - facturacion_facil.productos - INFO - productos.py:46 - Ventana de productos inicializada correctamente con scrolling habilitado
2025-11-11 09:22:03 - facturacion_facil.test_database_manager - DEBUG - test_database_manager.py:98 - Base de données supprimée: test_test_treeview_selection_event_binding_x4fo2gth.db
2025-11-11 09:22:03 - facturacion_facil.test_database_manager - DEBUG - test_database_manager.py:109 - Répertoire supprimé: test_test_treeview_selection_event_binding_assets_xyuhkhh8
2025-11-11 09:22:03 - facturacion_facil.test_database_manager - DEBUG - test_database_manager.py:53 - Base de données de test créée: test_test_primer_producto_seleccion_d3arshud.db
2025-11-11 09:22:03 - facturacion_facil.test_database_manager - DEBUG - test_database_manager.py:78 - Répertoire de test créé: test_test_primer_producto_seleccion_assets_obi9oz3h
2025-11-11 09:22:04 - facturacion_facil.simple_producto_autocomplete - INFO - simple_producto_autocomplete.py:130 - Cargados 0 productos para autocompletado
2025-11-11 09:22:04 - facturacion_facil.test_database_manager - DEBUG - test_database_manager.py:98 - Base de données supprimée: test_test_primer_producto_seleccion_d3arshud.db
2025-11-11 09:22:04 - facturacion_facil.test_database_manager - DEBUG - test_database_manager.py:109 - Répertoire supprimé: test_test_primer_producto_seleccion_assets_obi9oz3h
2025-11-11 09:22:04 - facturacion_facil.test_database_manager - DEBUG - test_database_manager.py:53 - Base de données de test créée: test_test_stock_window_has_selected_product_buttons__fc2cd0s.db
2025-11-11 09:22:04 - facturacion_facil.test_database_manager - DEBUG - test_database_manager.py:78 - Répertoire de test créé: test_test_stock_window_has_selected_product_buttons_assets_w788b9sa
2025-11-11 09:22:04 - facturacion_facil.treeview_sorter - INFO - treeview_sorter.py:39 - Configurado sorting para 5 columnas
2025-11-11 09:22:04 - facturacion_facil.stock_window - DEBUG - stock.py:385 - Actualizando display stock: 51 elementos
2025-11-11 09:22:04 - facturacion_facil.stock_window - DEBUG - stock.py:433 - Display stock actualizado correctamente
2025-11-11 09:22:04 - facturacion_facil.stock_window - INFO - stock.py:346 - Cargados 51 productos en stock (OPTIMIZADO)
2025-11-11 09:22:04 - facturacion_facil.test_database_manager - DEBUG - test_database_manager.py:98 - Base de données supprimée: test_test_stock_window_has_selected_product_buttons__fc2cd0s.db
2025-11-11 09:22:04 - facturacion_facil.test_database_manager - DEBUG - test_database_manager.py:109 - Répertoire supprimé: test_test_stock_window_has_selected_product_buttons_assets_w788b9sa
2025-11-11 09:22:04 - facturacion_facil.test_database_manager - DEBUG - test_database_manager.py:53 - Base de données de test créée: test_test_selected_product_entrada_without_selection_nqzf8k22.db
2025-11-11 09:22:04 - facturacion_facil.test_database_manager - DEBUG - test_database_manager.py:78 - Répertoire de test créé: test_test_selected_product_entrada_without_selection_assets_x36eel_2
2025-11-11 09:22:04 - facturacion_facil.treeview_sorter - INFO - treeview_sorter.py:39 - Configurado sorting para 5 columnas
2025-11-11 09:22:04 - facturacion_facil.stock_window - DEBUG - stock.py:385 - Actualizando display stock: 51 elementos
2025-11-11 09:22:04 - facturacion_facil.stock_window - DEBUG - stock.py:433 - Display stock actualizado correctamente
2025-11-11 09:22:04 - facturacion_facil.stock_window - INFO - stock.py:346 - Cargados 51 productos en stock (OPTIMIZADO)
2025-11-11 09:22:04 - facturacion_facil.test_database_manager - DEBUG - test_database_manager.py:98 - Base de données supprimée: test_test_selected_product_entrada_without_selection_nqzf8k22.db
2025-11-11 09:22:04 - facturacion_facil.test_database_manager - DEBUG - test_database_manager.py:109 - Répertoire supprimé: test_test_selected_product_entrada_without_selection_assets_x36eel_2
2025-11-11 09:22:04 - facturacion_facil.test_database_manager - DEBUG - test_database_manager.py:53 - Base de données de test créée: test_test_selected_product_salida_without_selection_htb37gj9.db
2025-11-11 09:22:04 - facturacion_facil.test_database_manager - DEBUG - test_database_manager.py:78 - Répertoire de test créé: test_test_selected_product_salida_without_selection_assets_e95jx8pf
2025-11-11 09:22:04 - facturacion_facil.treeview_sorter - INFO - treeview_sorter.py:39 - Configurado sorting para 5 columnas
2025-11-11 09:22:04 - facturacion_facil.stock_window - DEBUG - stock.py:385 - Actualizando display stock: 51 elementos
2025-11-11 09:22:04 - facturacion_facil.stock_window - DEBUG - stock.py:433 - Display stock actualizado correctamente
2025-11-11 09:22:04 - facturacion_facil.stock_window - INFO - stock.py:346 - Cargados 51 productos en stock (OPTIMIZADO)
2025-11-11 09:22:04 - facturacion_facil.test_database_manager - DEBUG - test_database_manager.py:98 - Base de données supprimée: test_test_selected_product_salida_without_selection_htb37gj9.db
2025-11-11 09:22:04 - facturacion_facil.test_database_manager - DEBUG - test_database_manager.py:109 - Répertoire supprimé: test_test_selected_product_salida_without_selection_assets_e95jx8pf
2025-11-11 09:22:04 - facturacion_facil.test_database_manager - DEBUG - test_database_manager.py:53 - Base de données de test créée: test_test_selected_product_entrada_with_selection_y8t753zo.db
2025-11-11 09:22:04 - facturacion_facil.test_database_manager - DEBUG - test_database_manager.py:78 - Répertoire de test créé: test_test_selected_product_entrada_with_selection_assets_p_63s5rn
2025-11-11 09:22:04 - facturacion_facil.treeview_sorter - INFO - treeview_sorter.py:39 - Configurado sorting para 5 columnas
2025-11-11 09:22:04 - facturacion_facil.stock_window - DEBUG - stock.py:385 - Actualizando display stock: 51 elementos
2025-11-11 09:22:04 - facturacion_facil.stock_window - DEBUG - stock.py:433 - Display stock actualizado correctamente
2025-11-11 09:22:04 - facturacion_facil.stock_window - INFO - stock.py:346 - Cargados 51 productos en stock (OPTIMIZADO)
2025-11-11 09:22:04 - facturacion_facil.test_database_manager - DEBUG - test_database_manager.py:98 - Base de données supprimée: test_test_selected_product_entrada_with_selection_y8t753zo.db
2025-11-11 09:22:04 - facturacion_facil.test_database_manager - DEBUG - test_database_manager.py:109 - Répertoire supprimé: test_test_selected_product_entrada_with_selection_assets_p_63s5rn
2025-11-11 09:22:04 - facturacion_facil.test_database_manager - DEBUG - test_database_manager.py:53 - Base de données de test créée: test_test_inventario_requires_selected_product_s9wnbocz.db
2025-11-11 09:22:04 - facturacion_facil.test_database_manager - DEBUG - test_database_manager.py:78 - Répertoire de test créé: test_test_inventario_requires_selected_product_assets_k_pcbx4z
2025-11-11 09:22:04 - facturacion_facil.treeview_sorter - INFO - treeview_sorter.py:39 - Configurado sorting para 5 columnas
2025-11-11 09:22:04 - facturacion_facil.stock_window - DEBUG - stock.py:385 - Actualizando display stock: 51 elementos
2025-11-11 09:22:04 - facturacion_facil.stock_window - DEBUG - stock.py:433 - Display stock actualizado correctamente
2025-11-11 09:22:04 - facturacion_facil.stock_window - INFO - stock.py:346 - Cargados 51 productos en stock (OPTIMIZADO)
2025-11-11 09:22:04 - facturacion_facil.test_database_manager - DEBUG - test_database_manager.py:98 - Base de données supprimée: test_test_inventario_requires_selected_product_s9wnbocz.db
2025-11-11 09:22:04 - facturacion_facil.test_database_manager - DEBUG - test_database_manager.py:109 - Répertoire supprimé: test_test_inventario_requires_selected_product_assets_k_pcbx4z
2025-11-11 09:22:04 - facturacion_facil.test_database_manager - DEBUG - test_database_manager.py:53 - Base de données de test créée: test_test_datetime_import_qupy6w6o.db
2025-11-11 09:22:04 - facturacion_facil.test_database_manager - DEBUG - test_database_manager.py:78 - Répertoire de test créé: test_test_datetime_import_assets_1outtkik
2025-11-11 09:22:04 - facturacion_facil.test_database_manager - DEBUG - test_database_manager.py:98 - Base de données supprimée: test_test_datetime_import_qupy6w6o.db
2025-11-11 09:22:04 - facturacion_facil.test_database_manager - DEBUG - test_database_manager.py:109 - Répertoire supprimé: test_test_datetime_import_assets_1outtkik
2025-11-11 09:22:04 - facturacion_facil.test_database_manager - DEBUG - test_database_manager.py:53 - Base de données de test créée: test_test_stock_window_has_modify_stock_method_lhqonx4v.db
2025-11-11 09:22:04 - facturacion_facil.test_database_manager - DEBUG - test_database_manager.py:78 - Répertoire de test créé: test_test_stock_window_has_modify_stock_method_assets_owi15bif
2025-11-11 09:22:04 - facturacion_facil.treeview_sorter - INFO - treeview_sorter.py:39 - Configurado sorting para 5 columnas
2025-11-11 09:22:04 - facturacion_facil.stock_window - DEBUG - stock.py:385 - Actualizando display stock: 51 elementos
2025-11-11 09:22:04 - facturacion_facil.stock_window - DEBUG - stock.py:433 - Display stock actualizado correctamente
2025-11-11 09:22:04 - facturacion_facil.stock_window - INFO - stock.py:346 - Cargados 51 productos en stock (OPTIMIZADO)
2025-11-11 09:22:04 - facturacion_facil.test_database_manager - DEBUG - test_database_manager.py:98 - Base de données supprimée: test_test_stock_window_has_modify_stock_method_lhqonx4v.db
2025-11-11 09:22:04 - facturacion_facil.test_database_manager - DEBUG - test_database_manager.py:109 - Répertoire supprimé: test_test_stock_window_has_modify_stock_method_assets_owi15bif
2025-11-11 09:22:04 - facturacion_facil.test_database_manager - DEBUG - test_database_manager.py:53 - Base de données de test créée: test_test_stock_window_dialog_methods_exist_dbup6nvd.db
2025-11-11 09:22:04 - facturacion_facil.test_database_manager - DEBUG - test_database_manager.py:78 - Répertoire de test créé: test_test_stock_window_dialog_methods_exist_assets_gedgchkb
2025-11-11 09:22:04 - facturacion_facil.treeview_sorter - INFO - treeview_sorter.py:39 - Configurado sorting para 5 columnas
2025-11-11 09:22:04 - facturacion_facil.stock_window - DEBUG - stock.py:385 - Actualizando display stock: 51 elementos
2025-11-11 09:22:04 - facturacion_facil.stock_window - DEBUG - stock.py:433 - Display stock actualizado correctamente
2025-11-11 09:22:04 - facturacion_facil.stock_window - INFO - stock.py:346 - Cargados 51 productos en stock (OPTIMIZADO)
2025-11-11 09:22:04 - facturacion_facil.test_database_manager - DEBUG - test_database_manager.py:98 - Base de données supprimée: test_test_stock_window_dialog_methods_exist_dbup6nvd.db
2025-11-11 09:22:04 - facturacion_facil.test_database_manager - DEBUG - test_database_manager.py:109 - Répertoire supprimé: test_test_stock_window_dialog_methods_exist_assets_gedgchkb
2025-11-11 09:22:04 - facturacion_facil.test_database_manager - DEBUG - test_database_manager.py:53 - Base de données de test créée: test_test_stock_window_safe_grab_set_8z9gtqa2.db
2025-11-11 09:22:04 - facturacion_facil.test_database_manager - DEBUG - test_database_manager.py:78 - Répertoire de test créé: test_test_stock_window_safe_grab_set_assets_tyasa52t
2025-11-11 09:22:04 - facturacion_facil.treeview_sorter - INFO - treeview_sorter.py:39 - Configurado sorting para 5 columnas
2025-11-11 09:22:04 - facturacion_facil.stock_window - DEBUG - stock.py:385 - Actualizando display stock: 51 elementos
2025-11-11 09:22:04 - facturacion_facil.stock_window - DEBUG - stock.py:433 - Display stock actualizado correctamente
2025-11-11 09:22:04 - facturacion_facil.stock_window - INFO - stock.py:346 - Cargados 51 productos en stock (OPTIMIZADO)
2025-11-11 09:22:04 - facturacion_facil.test_database_manager - DEBUG - test_database_manager.py:98 - Base de données supprimée: test_test_stock_window_safe_grab_set_8z9gtqa2.db
2025-11-11 09:22:04 - facturacion_facil.test_database_manager - DEBUG - test_database_manager.py:109 - Répertoire supprimé: test_test_stock_window_safe_grab_set_assets_tyasa52t
2025-11-11 09:22:04 - facturacion_facil.test_database_manager - DEBUG - test_database_manager.py:53 - Base de données de test créée: test_test_stock_window_logger_exists_6utlv952.db
2025-11-11 09:22:04 - facturacion_facil.test_database_manager - DEBUG - test_database_manager.py:78 - Répertoire de test créé: test_test_stock_window_logger_exists_assets_edde7ej2
2025-11-11 09:22:05 - facturacion_facil.treeview_sorter - INFO - treeview_sorter.py:39 - Configurado sorting para 5 columnas
2025-11-11 09:22:05 - facturacion_facil.stock_window - DEBUG - stock.py:385 - Actualizando display stock: 51 elementos
2025-11-11 09:22:05 - facturacion_facil.stock_window - DEBUG - stock.py:433 - Display stock actualizado correctamente
2025-11-11 09:22:05 - facturacion_facil.stock_window - INFO - stock.py:346 - Cargados 51 productos en stock (OPTIMIZADO)
2025-11-11 09:22:05 - facturacion_facil.stock_window - INFO - test_stock_error_fixes.py:182 - Test de régression logger
2025-11-11 09:22:05 - facturacion_facil.test_database_manager - DEBUG - test_database_manager.py:98 - Base de données supprimée: test_test_stock_window_logger_exists_6utlv952.db
2025-11-11 09:22:05 - facturacion_facil.test_database_manager - DEBUG - test_database_manager.py:109 - Répertoire supprimé: test_test_stock_window_logger_exists_assets_edde7ej2
2025-11-11 09:22:05 - facturacion_facil.test_database_manager - DEBUG - test_database_manager.py:53 - Base de données de test créée: test_test_stock_models_importable_jo7jwqjd.db
2025-11-11 09:22:05 - facturacion_facil.test_database_manager - DEBUG - test_database_manager.py:78 - Répertoire de test créé: test_test_stock_models_importable_assets_5bmq410b
2025-11-11 09:22:05 - facturacion_facil.test_database_manager - DEBUG - test_database_manager.py:98 - Base de données supprimée: test_test_stock_models_importable_jo7jwqjd.db
2025-11-11 09:22:05 - facturacion_facil.test_database_manager - DEBUG - test_database_manager.py:109 - Répertoire supprimé: test_test_stock_models_importable_assets_5bmq410b
2025-11-11 09:22:05 - facturacion_facil.test_database_manager - DEBUG - test_database_manager.py:53 - Base de données de test créée: test_test_stock_search_correction_qxq9cugy.db
2025-11-11 09:22:05 - facturacion_facil.test_database_manager - DEBUG - test_database_manager.py:78 - Répertoire de test créé: test_test_stock_search_correction_assets_t_u2eg1j
2025-11-11 09:22:05 - facturacion_facil.mock_stock_window - DEBUG - test_stock_search_correction.py:82 - Datos cargados: 7 productos
2025-11-11 09:22:05 - facturacion_facil.mock_stock_window - DEBUG - test_stock_search_correction.py:102 - Filtrado stock: 'laptop' -> 1 resultados
2025-11-11 09:22:05 - facturacion_facil.mock_stock_window - DEBUG - test_stock_search_correction.py:102 - Filtrado stock: 'logitech' -> 2 resultados
2025-11-11 09:22:05 - facturacion_facil.mock_stock_window - DEBUG - test_stock_search_correction.py:102 - Filtrado stock: '001' -> 7 resultados
2025-11-11 09:22:05 - facturacion_facil.mock_stock_window - DEBUG - test_stock_search_correction.py:102 - Filtrado stock: 'laptop-dell' -> 1 resultados
2025-11-11 09:22:05 - facturacion_facil.mock_stock_window - DEBUG - test_stock_search_correction.py:102 - Filtrado stock: 'inexistente' -> 0 resultados
2025-11-11 09:22:05 - facturacion_facil.mock_stock_window - DEBUG - test_stock_search_correction.py:102 - Filtrado stock: '' -> 7 resultados
2025-11-11 09:22:05 - facturacion_facil.mock_stock_window - DEBUG - test_stock_search_correction.py:102 - Filtrado stock: 'mouse' -> 1 resultados
2025-11-11 09:22:05 - facturacion_facil.mock_stock_window - DEBUG - test_stock_search_correction.py:102 - Filtrado stock: 'mouse' -> 1 resultados
2025-11-11 09:22:05 - facturacion_facil.test_database_manager - DEBUG - test_database_manager.py:98 - Base de données supprimée: test_test_stock_search_correction_qxq9cugy.db
2025-11-11 09:22:05 - facturacion_facil.test_database_manager - DEBUG - test_database_manager.py:109 - Répertoire supprimé: test_test_stock_search_correction_assets_t_u2eg1j
2025-11-11 09:22:05 - facturacion_facil.test_database_manager - DEBUG - test_database_manager.py:53 - Base de données de test créée: test_test_stock_search_enhancements__9b1ytoh.db
2025-11-11 09:22:05 - facturacion_facil.test_database_manager - DEBUG - test_database_manager.py:78 - Répertoire de test créé: test_test_stock_search_enhancements_assets_n7z14mg8
2025-11-11 09:22:05 - facturacion_facil.enhanced_mock_stock_window - DEBUG - test_stock_search_enhancements.py:84 - Datos cargados: 7 productos
2025-11-11 09:22:05 - facturacion_facil.enhanced_mock_stock_window - DEBUG - test_stock_search_enhancements.py:159 - Display actualizado: 2 elementos
2025-11-11 09:22:05 - facturacion_facil.enhanced_mock_stock_window - DEBUG - test_stock_search_enhancements.py:159 - Display actualizado: 0 elementos
2025-11-11 09:22:05 - facturacion_facil.enhanced_mock_stock_window - DEBUG - test_stock_search_enhancements.py:159 - Display actualizado: 7 elementos
2025-11-11 09:22:05 - facturacion_facil.enhanced_mock_stock_window - DEBUG - test_stock_search_enhancements.py:159 - Display actualizado: 7 elementos
2025-11-11 09:22:05 - facturacion_facil.enhanced_mock_stock_window - DEBUG - test_stock_search_enhancements.py:159 - Display actualizado: 7 elementos
2025-11-11 09:22:05 - facturacion_facil.enhanced_mock_stock_window - DEBUG - test_stock_search_enhancements.py:159 - Display actualizado: 0 elementos
2025-11-11 09:22:05 - facturacion_facil.enhanced_mock_stock_window - DEBUG - test_stock_search_enhancements.py:159 - Display actualizado: 7 elementos
2025-11-11 09:22:05 - facturacion_facil.test_database_manager - DEBUG - test_database_manager.py:98 - Base de données supprimée: test_test_stock_search_enhancements__9b1ytoh.db
2025-11-11 09:22:05 - facturacion_facil.test_database_manager - DEBUG - test_database_manager.py:109 - Répertoire supprimé: test_test_stock_search_enhancements_assets_n7z14mg8
2025-11-11 09:22:05 - facturacion_facil.test_database_manager - DEBUG - test_database_manager.py:53 - Base de données de test créée: test_test_stock_search_enter_key_gfcp6u4n.db
2025-11-11 09:22:05 - facturacion_facil.test_database_manager - DEBUG - test_database_manager.py:78 - Répertoire de test créé: test_test_stock_search_enter_key_assets_eggvt_zz
2025-11-11 09:22:05 - facturacion_facil.mock_stock_window - DEBUG - test_stock_search_enter_key.py:80 - Datos cargados: 5 productos
2025-11-11 09:22:05 - facturacion_facil.mock_stock_window - DEBUG - test_stock_search_enter_key.py:92 - Realizando búsqueda: 'laptop'
2025-11-11 09:22:05 - facturacion_facil.mock_stock_window - DEBUG - test_stock_search_enter_key.py:107 - Búsqueda 'laptop': 1 resultados encontrados
2025-11-11 09:22:05 - facturacion_facil.mock_stock_window - DEBUG - test_stock_search_enter_key.py:130 - Display actualizado: 1 elementos
2025-11-11 09:22:05 - facturacion_facil.mock_stock_window - DEBUG - test_stock_search_enter_key.py:92 - Realizando búsqueda: 'mouse-log'
2025-11-11 09:22:05 - facturacion_facil.mock_stock_window - DEBUG - test_stock_search_enter_key.py:107 - Búsqueda 'mouse-log': 1 resultados encontrados
2025-11-11 09:22:05 - facturacion_facil.mock_stock_window - DEBUG - test_stock_search_enter_key.py:130 - Display actualizado: 1 elementos
2025-11-11 09:22:05 - facturacion_facil.mock_stock_window - DEBUG - test_stock_search_enter_key.py:130 - Display actualizado: 5 elementos
2025-11-11 09:22:05 - facturacion_facil.mock_stock_window - DEBUG - test_stock_search_enter_key.py:123 - Búsqueda limpiada, mostrando todos los productos
2025-11-11 09:22:05 - facturacion_facil.mock_stock_window - DEBUG - test_stock_search_enter_key.py:92 - Realizando búsqueda: 'inexistente'
2025-11-11 09:22:05 - facturacion_facil.mock_stock_window - DEBUG - test_stock_search_enter_key.py:107 - Búsqueda 'inexistente': 0 resultados encontrados
2025-11-11 09:22:05 - facturacion_facil.mock_stock_window - DEBUG - test_stock_search_enter_key.py:130 - Display actualizado: 0 elementos
2025-11-11 09:22:05 - facturacion_facil.mock_stock_window - DEBUG - test_stock_search_enter_key.py:130 - Display actualizado: 5 elementos
2025-11-11 09:22:05 - facturacion_facil.mock_stock_window - DEBUG - test_stock_search_enter_key.py:141 - Filtro stock bajo: 5 productos encontrados
2025-11-11 09:22:05 - facturacion_facil.mock_stock_window - DEBUG - test_stock_search_enter_key.py:92 - Realizando búsqueda: ''
2025-11-11 09:22:05 - facturacion_facil.mock_stock_window - DEBUG - test_stock_search_enter_key.py:96 - Búsqueda vacía, mostrando todos los productos
2025-11-11 09:22:05 - facturacion_facil.mock_stock_window - DEBUG - test_stock_search_enter_key.py:130 - Display actualizado: 5 elementos
2025-11-11 09:22:05 - facturacion_facil.test_database_manager - DEBUG - test_database_manager.py:98 - Base de données supprimée: test_test_stock_search_enter_key_gfcp6u4n.db
2025-11-11 09:22:05 - facturacion_facil.test_database_manager - DEBUG - test_database_manager.py:109 - Répertoire supprimé: test_test_stock_search_enter_key_assets_eggvt_zz
2025-11-11 09:22:05 - facturacion_facil.test_database_manager - DEBUG - test_database_manager.py:53 - Base de données de test créée: test_test_stock_get_all_format_jlq1ne2l.db
2025-11-11 09:22:05 - facturacion_facil.test_database_manager - DEBUG - test_database_manager.py:78 - Répertoire de test créé: test_test_stock_get_all_format_assets_41pmn3__
2025-11-11 09:22:05 - facturacion_facil.test_database_manager - DEBUG - test_database_manager.py:98 - Base de données supprimée: test_test_stock_get_all_format_jlq1ne2l.db
2025-11-11 09:22:05 - facturacion_facil.test_database_manager - DEBUG - test_database_manager.py:109 - Répertoire supprimé: test_test_stock_get_all_format_assets_41pmn3__
2025-11-11 09:22:05 - facturacion_facil.test_database_manager - DEBUG - test_database_manager.py:53 - Base de données de test créée: test_test_stock_search_edge_cases_4z6lclxd.db
2025-11-11 09:22:05 - facturacion_facil.test_database_manager - DEBUG - test_database_manager.py:78 - Répertoire de test créé: test_test_stock_search_edge_cases_assets_j354xxri
2025-11-11 09:22:05 - facturacion_facil.test_database_manager - DEBUG - test_database_manager.py:98 - Base de données supprimée: test_test_stock_search_edge_cases_4z6lclxd.db
2025-11-11 09:22:05 - facturacion_facil.test_database_manager - DEBUG - test_database_manager.py:109 - Répertoire supprimé: test_test_stock_search_edge_cases_assets_j354xxri
2025-11-11 09:22:05 - facturacion_facil.test_database_manager - DEBUG - test_database_manager.py:53 - Base de données de test créée: test_test_stock_search_with_none_values_rbijry40.db
2025-11-11 09:22:05 - facturacion_facil.test_database_manager - DEBUG - test_database_manager.py:78 - Répertoire de test créé: test_test_stock_search_with_none_values_assets_6cycpppo
2025-11-11 09:22:05 - facturacion_facil.test_database_manager - DEBUG - test_database_manager.py:98 - Base de données supprimée: test_test_stock_search_with_none_values_rbijry40.db
2025-11-11 09:22:05 - facturacion_facil.test_database_manager - DEBUG - test_database_manager.py:109 - Répertoire supprimé: test_test_stock_search_with_none_values_assets_6cycpppo
2025-11-11 09:22:05 - facturacion_facil.test_database_manager - DEBUG - test_database_manager.py:53 - Base de données de test créée: test_test_stock_window_focus_zruzrkvu.db
2025-11-11 09:22:05 - facturacion_facil.test_database_manager - DEBUG - test_database_manager.py:78 - Répertoire de test créé: test_test_stock_window_focus_assets_5uj7nzot
2025-11-11 09:22:05 - facturacion_facil.mock_stock_window - DEBUG - test_stock_window_focus.py:84 - Datos cargados: 2 productos
2025-11-11 09:22:05 - facturacion_facil.mock_stock_window - DEBUG - test_stock_window_focus.py:68 - MockStockWindow créée avec succès
2025-11-11 09:22:05 - facturacion_facil.mock_stock_window - DEBUG - test_stock_window_focus.py:88 - Fenêtre focalisée (simulé)
2025-11-11 09:22:05 - facturacion_facil.mock_stock_window - DEBUG - test_stock_window_focus.py:93 - Fenêtre centrée (simulé)
2025-11-11 09:22:05 - facturacion_facil.mock_stock_window - DEBUG - test_stock_window_focus.py:98 - Fenêtre amenée au premier plan (simulé)
2025-11-11 09:22:05 - facturacion_facil.test_database_manager - DEBUG - test_database_manager.py:98 - Base de données supprimée: test_test_stock_window_focus_zruzrkvu.db
2025-11-11 09:22:05 - facturacion_facil.test_database_manager - DEBUG - test_database_manager.py:109 - Répertoire supprimé: test_test_stock_window_focus_assets_5uj7nzot
2025-11-11 09:22:05 - facturacion_facil.test_database_manager - DEBUG - test_database_manager.py:53 - Base de données de test créée: test_test_stock_window_focus_interactive_subrxb97.db
2025-11-11 09:22:05 - facturacion_facil.test_database_manager - DEBUG - test_database_manager.py:78 - Répertoire de test créé: test_test_stock_window_focus_interactive_assets_3dzjflwl
2025-11-11 09:22:05 - facturacion_facil.test_database_manager - DEBUG - test_database_manager.py:98 - Base de données supprimée: test_test_stock_window_focus_interactive_subrxb97.db
2025-11-11 09:22:05 - facturacion_facil.test_database_manager - DEBUG - test_database_manager.py:109 - Répertoire supprimé: test_test_stock_window_focus_interactive_assets_3dzjflwl
2025-11-11 09:22:05 - facturacion_facil.test_database_manager - DEBUG - test_database_manager.py:53 - Base de données de test créée: test_test_config_system_exists_k6_dfree.db
2025-11-11 09:22:05 - facturacion_facil.test_database_manager - DEBUG - test_database_manager.py:78 - Répertoire de test créé: test_test_config_system_exists_assets_nd0g99gt
2025-11-11 09:22:05 - facturacion_facil.test_database_manager - DEBUG - test_database_manager.py:98 - Base de données supprimée: test_test_config_system_exists_k6_dfree.db
2025-11-11 09:22:05 - facturacion_facil.test_database_manager - DEBUG - test_database_manager.py:109 - Répertoire supprimé: test_test_config_system_exists_assets_nd0g99gt
2025-11-11 09:22:05 - facturacion_facil.test_database_manager - DEBUG - test_database_manager.py:53 - Base de données de test créée: test_test_new_ui_methods_exist_8b1o0d6c.db
2025-11-11 09:22:05 - facturacion_facil.test_database_manager - DEBUG - test_database_manager.py:78 - Répertoire de test créé: test_test_new_ui_methods_exist_assets_e7kmfyry
2025-11-11 09:22:05 - facturacion_facil.test_database_manager - DEBUG - test_database_manager.py:98 - Base de données supprimée: test_test_new_ui_methods_exist_8b1o0d6c.db
2025-11-11 09:22:05 - facturacion_facil.test_database_manager - DEBUG - test_database_manager.py:109 - Répertoire supprimé: test_test_new_ui_methods_exist_assets_e7kmfyry
2025-11-11 09:22:05 - facturacion_facil.test_database_manager - DEBUG - test_database_manager.py:53 - Base de données de test créée: test_test_new_translations_exist_g6nmkms3.db
2025-11-11 09:22:05 - facturacion_facil.test_database_manager - DEBUG - test_database_manager.py:78 - Répertoire de test créé: test_test_new_translations_exist_assets_vpepgnm5
2025-11-11 09:22:05 - facturacion_facil.test_database_manager - DEBUG - test_database_manager.py:98 - Base de données supprimée: test_test_new_translations_exist_g6nmkms3.db
2025-11-11 09:22:05 - facturacion_facil.test_database_manager - DEBUG - test_database_manager.py:109 - Répertoire supprimé: test_test_new_translations_exist_assets_vpepgnm5
2025-11-11 09:22:05 - facturacion_facil.test_database_manager - DEBUG - test_database_manager.py:53 - Base de données de test créée: test_test_pil_import_available_cqur22xw.db
2025-11-11 09:22:05 - facturacion_facil.test_database_manager - DEBUG - test_database_manager.py:78 - Répertoire de test créé: test_test_pil_import_available_assets_pheairxm
2025-11-11 09:22:05 - facturacion_facil.test_database_manager - DEBUG - test_database_manager.py:98 - Base de données supprimée: test_test_pil_import_available_cqur22xw.db
2025-11-11 09:22:05 - facturacion_facil.test_database_manager - DEBUG - test_database_manager.py:109 - Répertoire supprimé: test_test_pil_import_available_assets_pheairxm
2025-11-11 09:22:05 - facturacion_facil.test_database_manager - DEBUG - test_database_manager.py:53 - Base de données de test créée: test_test_config_integration_in_file_dialog_0j0f5eme.db
2025-11-11 09:22:05 - facturacion_facil.test_database_manager - DEBUG - test_database_manager.py:78 - Répertoire de test créé: test_test_config_integration_in_file_dialog_assets_for_l0gf
2025-11-11 09:22:05 - facturacion_facil - INFO - logger.py:96 - Acción usuario: Clic en seleccionar imagen - Abriendo diálogo de selección
2025-11-11 09:22:05 - facturacion_facil - ERROR - logger.py:92 - Excepción en seleccionar_imagen: Mock object has no attribute 'window'
Traceback (most recent call last):
  File "/home/pascal/development/for_django/facturacion_facil/ui/productos.py", line 567, in seleccionar_imagen
    self.window.lift()
    ^^^^^^^^^^^
  File "/home/pascal/.pyenv/versions/3.13.7/lib/python3.13/unittest/mock.py", line 690, in __getattr__
    raise AttributeError("Mock object has no attribute %r" % name)
AttributeError: Mock object has no attribute 'window'
2025-11-11 09:22:05 - facturacion_facil.test_database_manager - DEBUG - test_database_manager.py:98 - Base de données supprimée: test_test_config_integration_in_file_dialog_0j0f5eme.db
2025-11-11 09:22:05 - facturacion_facil.test_database_manager - DEBUG - test_database_manager.py:109 - Répertoire supprimé: test_test_config_integration_in_file_dialog_assets_for_l0gf
2025-11-11 09:22:05 - facturacion_facil.test_database_manager - DEBUG - test_database_manager.py:53 - Base de données de test créée: test_test_image_display_update_method_n11___u9.db
2025-11-11 09:22:05 - facturacion_facil.test_database_manager - DEBUG - test_database_manager.py:78 - Répertoire de test créé: test_test_image_display_update_method_assets_251yglo5
2025-11-11 09:22:05 - facturacion_facil.test_database_manager - DEBUG - test_database_manager.py:98 - Base de données supprimée: test_test_image_display_update_method_n11___u9.db
2025-11-11 09:22:05 - facturacion_facil.test_database_manager - DEBUG - test_database_manager.py:109 - Répertoire supprimé: test_test_image_display_update_method_assets_251yglo5
2025-11-11 09:22:05 - facturacion_facil.test_database_manager - DEBUG - test_database_manager.py:53 - Base de données de test créée: test_test_quitar_imagen_method_vmgbftjy.db
2025-11-11 09:22:05 - facturacion_facil.test_database_manager - DEBUG - test_database_manager.py:78 - Répertoire de test créé: test_test_quitar_imagen_method_assets_ktkm9kdp
2025-11-11 09:22:05 - facturacion_facil.test_database_manager - DEBUG - test_database_manager.py:98 - Base de données supprimée: test_test_quitar_imagen_method_vmgbftjy.db
2025-11-11 09:22:05 - facturacion_facil.test_database_manager - DEBUG - test_database_manager.py:109 - Répertoire supprimé: test_test_quitar_imagen_method_assets_ktkm9kdp
2025-11-11 09:22:05 - facturacion_facil.test_database_manager - DEBUG - test_database_manager.py:53 - Base de données de test créée: test_test_configurar_directorio_method_u39il1l8.db
2025-11-11 09:22:05 - facturacion_facil.test_database_manager - DEBUG - test_database_manager.py:78 - Répertoire de test créé: test_test_configurar_directorio_method_assets_05dhccel
2025-11-11 09:22:05 - facturacion_facil.test_database_manager - DEBUG - test_database_manager.py:98 - Base de données supprimée: test_test_configurar_directorio_method_u39il1l8.db
2025-11-11 09:22:05 - facturacion_facil.test_database_manager - DEBUG - test_database_manager.py:109 - Répertoire supprimé: test_test_configurar_directorio_method_assets_05dhccel
2025-11-11 09:22:05 - facturacion_facil.test_database_manager - DEBUG - test_database_manager.py:53 - Base de données de test créée: test_test_improved_error_handling_wlgjh1sr.db
2025-11-11 09:22:05 - facturacion_facil.test_database_manager - DEBUG - test_database_manager.py:78 - Répertoire de test créé: test_test_improved_error_handling_assets_h45xs8tg
2025-11-11 09:22:05 - facturacion_facil - INFO - logger.py:96 - Acción usuario: Clic en seleccionar imagen - Abriendo diálogo de selección
2025-11-11 09:22:05 - facturacion_facil - ERROR - logger.py:92 - Excepción en seleccionar_imagen: Test error
Traceback (most recent call last):
  File "/home/pascal/development/for_django/facturacion_facil/ui/productos.py", line 571, in seleccionar_imagen
    file_path = filedialog.askopenfilename(
        title=get_text("seleccionar_imagen"),
    ...<9 lines>...
        ]
    )
  File "/home/pascal/.pyenv/versions/3.13.7/lib/python3.13/unittest/mock.py", line 1169, in __call__
    return self._mock_call(*args, **kwargs)
           ~~~~~~~~~~~~~~~^^^^^^^^^^^^^^^^^
  File "/home/pascal/.pyenv/versions/3.13.7/lib/python3.13/unittest/mock.py", line 1173, in _mock_call
    return self._execute_mock_call(*args, **kwargs)
           ~~~~~~~~~~~~~~~~~~~~~~~^^^^^^^^^^^^^^^^^
  File "/home/pascal/.pyenv/versions/3.13.7/lib/python3.13/unittest/mock.py", line 1228, in _execute_mock_call
    raise effect
Exception: Test error
2025-11-11 09:22:05 - facturacion_facil.test_database_manager - DEBUG - test_database_manager.py:98 - Base de données supprimée: test_test_improved_error_handling_wlgjh1sr.db
2025-11-11 09:22:05 - facturacion_facil.test_database_manager - DEBUG - test_database_manager.py:109 - Répertoire supprimé: test_test_improved_error_handling_assets_h45xs8tg
2025-11-11 09:22:05 - facturacion_facil.test_database_manager - DEBUG - test_database_manager.py:53 - Base de données de test créée: test_test_button_reorganization_regression_d5fb6s_o.db
2025-11-11 09:22:05 - facturacion_facil.test_database_manager - DEBUG - test_database_manager.py:78 - Répertoire de test créé: test_test_button_reorganization_regression_assets_d0t5lxt4
2025-11-11 09:22:05 - facturacion_facil.test_database_manager - DEBUG - test_database_manager.py:98 - Base de données supprimée: test_test_button_reorganization_regression_d5fb6s_o.db
2025-11-11 09:22:05 - facturacion_facil.test_database_manager - DEBUG - test_database_manager.py:109 - Répertoire supprimé: test_test_button_reorganization_regression_assets_d0t5lxt4
2025-11-11 09:22:05 - facturacion_facil.test_database_manager - DEBUG - test_database_manager.py:53 - Base de données de test créée: test_test_window_manager_fix_p63sj3pl.db
2025-11-11 09:22:05 - facturacion_facil.test_database_manager - DEBUG - test_database_manager.py:78 - Répertoire de test créé: test_test_window_manager_fix_assets_0cj_lou_
2025-11-11 09:22:05 - facturacion_facil.window_manager - DEBUG - window_manager.py:42 - Ventana hecha visible: .!ctktoplevel
2025-11-11 09:22:05 - facturacion_facil.window_manager - DEBUG - window_manager.py:57 - Topmost removido de ventana: .!ctktoplevel
2025-11-11 09:22:05 - facturacion_facil.window_manager - DEBUG - window_manager.py:82 - Ventana cerrada exitosamente: .!ctktoplevel
2025-11-11 09:22:05 - facturacion_facil.window_manager - DEBUG - window_manager.py:42 - Ventana hecha visible: .!ctktoplevel2
2025-11-11 09:22:05 - facturacion_facil.window_manager - DEBUG - window_manager.py:57 - Topmost removido de ventana: .!ctktoplevel2
2025-11-11 09:22:05 - facturacion_facil.window_manager - INFO - window_manager.py:102 - Limpiadas 1 ventanas topmost
2025-11-11 09:22:05 - facturacion_facil.window_manager - DEBUG - window_manager.py:82 - Ventana cerrada exitosamente: .!ctktoplevel2
2025-11-11 09:22:05 - facturacion_facil.window_manager - DEBUG - window_manager.py:82 - Ventana cerrada exitosamente: .
2025-11-11 09:22:05 - facturacion_facil.test_database_manager - DEBUG - test_database_manager.py:98 - Base de données supprimée: test_test_window_manager_fix_p63sj3pl.db
2025-11-11 09:22:05 - facturacion_facil.test_database_manager - DEBUG - test_database_manager.py:109 - Répertoire supprimé: test_test_window_manager_fix_assets_0cj_lou_
2025-11-11 09:22:05 - facturacion_facil.test_database_manager - DEBUG - test_database_manager.py:53 - Base de données de test créée: test_test_copyable_dialogs_ml1_zszs.db
2025-11-11 09:22:05 - facturacion_facil.test_database_manager - DEBUG - test_database_manager.py:78 - Répertoire de test créé: test_test_copyable_dialogs_assets_oeurfp9o
2025-11-11 09:22:05 - facturacion_facil.test_database_manager - DEBUG - test_database_manager.py:98 - Base de données supprimée: test_test_copyable_dialogs_ml1_zszs.db
2025-11-11 09:22:05 - facturacion_facil.test_database_manager - DEBUG - test_database_manager.py:109 - Répertoire supprimé: test_test_copyable_dialogs_assets_oeurfp9o
2025-11-11 09:22:05 - facturacion_facil.test_database_manager - DEBUG - test_database_manager.py:53 - Base de données de test créée: test_test_copyable_dialogs_interactive_5e_zhrkf.db
2025-11-11 09:22:05 - facturacion_facil.test_database_manager - DEBUG - test_database_manager.py:78 - Répertoire de test créé: test_test_copyable_dialogs_interactive_assets_xp58rlzd
2025-11-11 09:22:05 - facturacion_facil.test_database_manager - DEBUG - test_database_manager.py:98 - Base de données supprimée: test_test_copyable_dialogs_interactive_5e_zhrkf.db
2025-11-11 09:22:05 - facturacion_facil.test_database_manager - DEBUG - test_database_manager.py:109 - Répertoire supprimé: test_test_copyable_dialogs_interactive_assets_xp58rlzd
2025-11-11 09:22:05 - facturacion_facil.test_database_manager - DEBUG - test_database_manager.py:53 - Base de données de test créée: test_test_edicion_automatica_o_rtzu4i.db
2025-11-11 09:22:05 - facturacion_facil.test_database_manager - DEBUG - test_database_manager.py:78 - Répertoire de test créé: test_test_edicion_automatica_assets_ajw5gj4y
2025-11-11 09:22:05 - facturacion_facil.treeview_sorter - INFO - treeview_sorter.py:39 - Configurado sorting para 4 columnas
2025-11-11 09:22:05 - facturacion_facil.facturaswindow - INFO - facturas.py:380 - Cargadas 39 facturas (OPTIMIZADO - résumé)
2025-11-11 09:22:05 - facturacion_facil.facturaswindow - INFO - facturas.py:412 - Cargados 51 productos disponibles con información de stock (OPTIMIZADO)
2025-11-11 09:22:05 - facturacion_facil.facturaswindow - INFO - facturas.py:38 - Ventana de facturas inicializada correctamente
2025-11-11 09:22:05 - facturacion_facil.facturaswindow - INFO - facturas.py:380 - Cargadas 39 facturas (OPTIMIZADO - résumé)
2025-11-11 09:22:05 - facturacion_facil.producto_list_widget - DEBUG - producto_list_widget.py:179 - Tous les items supprimés
2025-11-11 09:22:05 - facturacion_facil.facturaswindow - DEBUG - facturas.py:575 - Formulario de factura limpiado
2025-11-11 09:22:05 - facturacion_facil.utils.factura_numbering - INFO - factura_numbering.py:39 - Siguiente número de factura sugerido: FACT-1758878406-2025
2025-11-11 09:22:05 - facturacion_facil - INFO - logger.py:96 - Acción usuario: Número de factura inicializado - Número: FACT-1758878406-2025
2025-11-11 09:22:05 - facturacion_facil.facturaswindow - INFO - facturas.py:530 - Nueva factura iniciada
2025-11-11 09:22:05 - facturacion_facil - INFO - logger.py:96 - Acción usuario: Nueva factura - Formulario preparado
2025-11-11 09:22:06 - facturacion_facil.test_database_manager - DEBUG - test_database_manager.py:98 - Base de données supprimée: test_test_edicion_automatica_o_rtzu4i.db
2025-11-11 09:22:06 - facturacion_facil.test_database_manager - DEBUG - test_database_manager.py:109 - Répertoire supprimé: test_test_edicion_automatica_assets_ajw5gj4y
2025-11-11 09:22:06 - facturacion_facil.test_database_manager - DEBUG - test_database_manager.py:53 - Base de données de test créée: test_test_config_system_pjxcbm05.db
2025-11-11 09:22:06 - facturacion_facil.test_database_manager - DEBUG - test_database_manager.py:78 - Répertoire de test créé: test_test_config_system_assets_2pquvxej
2025-11-11 09:22:06 - facturacion_facil.test_database_manager - DEBUG - test_database_manager.py:98 - Base de données supprimée: test_test_config_system_pjxcbm05.db
2025-11-11 09:22:06 - facturacion_facil.test_database_manager - DEBUG - test_database_manager.py:109 - Répertoire supprimé: test_test_config_system_assets_2pquvxej
2025-11-11 09:22:06 - facturacion_facil.test_database_manager - DEBUG - test_database_manager.py:53 - Base de données de test créée: test_test_new_methods_pd8cpw_x.db
2025-11-11 09:22:06 - facturacion_facil.test_database_manager - DEBUG - test_database_manager.py:78 - Répertoire de test créé: test_test_new_methods_assets_cw2gmk1q
2025-11-11 09:22:06 - facturacion_facil.test_database_manager - DEBUG - test_database_manager.py:98 - Base de données supprimée: test_test_new_methods_pd8cpw_x.db
2025-11-11 09:22:06 - facturacion_facil.test_database_manager - DEBUG - test_database_manager.py:109 - Répertoire supprimé: test_test_new_methods_assets_cw2gmk1q
2025-11-11 09:22:06 - facturacion_facil.test_database_manager - DEBUG - test_database_manager.py:53 - Base de données de test créée: test_test_translations_s3hn9fiv.db
2025-11-11 09:22:06 - facturacion_facil.test_database_manager - DEBUG - test_database_manager.py:78 - Répertoire de test créé: test_test_translations_assets_wrd7nz0y
2025-11-11 09:22:06 - facturacion_facil.test_database_manager - DEBUG - test_database_manager.py:98 - Base de données supprimée: test_test_translations_s3hn9fiv.db
2025-11-11 09:22:06 - facturacion_facil.test_database_manager - DEBUG - test_database_manager.py:109 - Répertoire supprimé: test_test_translations_assets_wrd7nz0y
2025-11-11 09:22:06 - facturacion_facil.test_database_manager - DEBUG - test_database_manager.py:53 - Base de données de test créée: test_test_pil_import_9nri478k.db
2025-11-11 09:22:06 - facturacion_facil.test_database_manager - DEBUG - test_database_manager.py:78 - Répertoire de test créé: test_test_pil_import_assets_k4etgs24
2025-11-11 09:22:06 - facturacion_facil.test_database_manager - DEBUG - test_database_manager.py:98 - Base de données supprimée: test_test_pil_import_9nri478k.db
2025-11-11 09:22:06 - facturacion_facil.test_database_manager - DEBUG - test_database_manager.py:109 - Répertoire supprimé: test_test_pil_import_assets_k4etgs24
2025-11-11 09:22:06 - facturacion_facil.test_database_manager - DEBUG - test_database_manager.py:53 - Base de données de test créée: test_test_file_operations_sv7kr0qx.db
2025-11-11 09:22:06 - facturacion_facil.test_database_manager - DEBUG - test_database_manager.py:78 - Répertoire de test créé: test_test_file_operations_assets_8fw3qkx1
2025-11-11 09:22:06 - facturacion_facil.test_database_manager - DEBUG - test_database_manager.py:98 - Base de données supprimée: test_test_file_operations_sv7kr0qx.db
2025-11-11 09:22:06 - facturacion_facil.test_database_manager - DEBUG - test_database_manager.py:109 - Répertoire supprimé: test_test_file_operations_assets_8fw3qkx1
2025-11-11 09:22:06 - facturacion_facil.test_database_manager - DEBUG - test_database_manager.py:53 - Base de données de test créée: test_test_nueva_numeracion_o30ksryb.db
2025-11-11 09:22:06 - facturacion_facil.test_database_manager - DEBUG - test_database_manager.py:78 - Répertoire de test créé: test_test_nueva_numeracion_assets_17vj9ebi
2025-11-11 09:22:06 - facturacion_facil.utils.factura_numbering - INFO - factura_numbering.py:39 - Siguiente número de factura sugerido: FACT-1758878406-2025
2025-11-11 09:22:06 - facturacion_facil.utils.factura_numbering - INFO - factura_numbering.py:223 - Configuración de numeración actualizada
2025-11-11 09:22:06 - facturacion_facil.utils.factura_numbering - INFO - factura_numbering.py:39 - Siguiente número de factura sugerido: FAC-1758878406-2025
2025-11-11 09:22:06 - facturacion_facil.utils.factura_numbering - INFO - factura_numbering.py:265 - Nueva serie de numeración establecida: FACT-500-2025
2025-11-11 09:22:06 - facturacion_facil.utils.factura_numbering - INFO - factura_numbering.py:39 - Siguiente número de factura sugerido: FACT-1758878406-2025
2025-11-11 09:22:06 - facturacion_facil.utils.factura_numbering - INFO - factura_numbering.py:39 - Siguiente número de factura sugerido: FACT-1758878406-2025
2025-11-11 09:22:06 - facturacion_facil.utils.factura_numbering - INFO - factura_numbering.py:39 - Siguiente número de factura sugerido: FACT-1758878406-2025
2025-11-11 09:22:06 - facturacion_facil.test_database_manager - DEBUG - test_database_manager.py:98 - Base de données supprimée: test_test_nueva_numeracion_o30ksryb.db
2025-11-11 09:22:06 - facturacion_facil.test_database_manager - DEBUG - test_database_manager.py:109 - Répertoire supprimé: test_test_nueva_numeracion_assets_17vj9ebi
2025-11-11 09:22:06 - facturacion_facil.test_database_manager - DEBUG - test_database_manager.py:53 - Base de données de test créée: test_test_pdf_and_search_features_rylwdq_o.db
2025-11-11 09:22:06 - facturacion_facil.test_database_manager - DEBUG - test_database_manager.py:78 - Répertoire de test créé: test_test_pdf_and_search_features_assets_m1d7pf8a
2025-11-11 09:22:06 - facturacion_facil.pdf_generator - INFO - pdf_generator.py:139 - PDF generado exitosamente: /home/pascal/development/for_django/facturacion_facil/pdfs/Factura_PDF-TEST-849326-001.pdf
2025-11-11 09:22:06 - facturacion_facil.pdf_generator - INFO - pdf_generator.py:156 - Modo test detectado - PDF no abierto: /home/pascal/development/for_django/facturacion_facil/pdfs/Factura_PDF-TEST-849326-001.pdf
2025-11-11 09:22:06 - facturacion_facil.pdf_generator - INFO - pdf_generator.py:139 - PDF generado exitosamente: /home/pascal/development/for_django/facturacion_facil/pdfs/Factura_PDF-TEST-849326-002.pdf
2025-11-11 09:22:06 - facturacion_facil.pdf_generator - INFO - pdf_generator.py:156 - Modo test detectado - PDF no abierto: /home/pascal/development/for_django/facturacion_facil/pdfs/Factura_PDF-TEST-849326-002.pdf
2025-11-11 09:22:06 - facturacion_facil.pdf_generator - INFO - pdf_generator.py:139 - PDF generado exitosamente: /home/pascal/development/for_django/facturacion_facil/pdfs/Factura_PDF-TEST-849326-003.pdf
2025-11-11 09:22:06 - facturacion_facil.pdf_generator - INFO - pdf_generator.py:156 - Modo test detectado - PDF no abierto: /home/pascal/development/for_django/facturacion_facil/pdfs/Factura_PDF-TEST-849326-003.pdf
2025-11-11 09:22:06 - facturacion_facil.test_database_manager - DEBUG - test_database_manager.py:98 - Base de données supprimée: test_test_pdf_and_search_features_rylwdq_o.db
2025-11-11 09:22:06 - facturacion_facil.test_database_manager - DEBUG - test_database_manager.py:109 - Répertoire supprimé: test_test_pdf_and_search_features_assets_m1d7pf8a
2025-11-11 09:22:06 - facturacion_facil.test_database_manager - DEBUG - test_database_manager.py:53 - Base de données de test créée: test_test_pdf_copyable_messages_rt3trp_j.db
2025-11-11 09:22:06 - facturacion_facil.test_database_manager - DEBUG - test_database_manager.py:78 - Répertoire de test créé: test_test_pdf_copyable_messages_assets_r86fn3zu
2025-11-11 09:22:06 - facturacion_facil.test_database_manager - DEBUG - test_database_manager.py:98 - Base de données supprimée: test_test_pdf_copyable_messages_rt3trp_j.db
2025-11-11 09:22:06 - facturacion_facil.test_database_manager - DEBUG - test_database_manager.py:109 - Répertoire supprimé: test_test_pdf_copyable_messages_assets_r86fn3zu
2025-11-11 09:22:06 - facturacion_facil.test_database_manager - DEBUG - test_database_manager.py:53 - Base de données de test créée: test_test_pdf_message_flow_2enyyg42.db
2025-11-11 09:22:06 - facturacion_facil.test_database_manager - DEBUG - test_database_manager.py:78 - Répertoire de test créé: test_test_pdf_message_flow_assets_iecsk52l
2025-11-11 09:22:06 - facturacion_facil.test_database_manager - DEBUG - test_database_manager.py:98 - Base de données supprimée: test_test_pdf_message_flow_2enyyg42.db
2025-11-11 09:22:06 - facturacion_facil.test_database_manager - DEBUG - test_database_manager.py:109 - Répertoire supprimé: test_test_pdf_message_flow_assets_iecsk52l
2025-11-11 09:22:06 - facturacion_facil.test_database_manager - DEBUG - test_database_manager.py:53 - Base de données de test créée: test_test_stock_with_copyable_messages_s8ab1rja.db
2025-11-11 09:22:06 - facturacion_facil.test_database_manager - DEBUG - test_database_manager.py:78 - Répertoire de test créé: test_test_stock_with_copyable_messages_assets_7uo3khov
2025-11-11 09:22:06 - facturacion_facil.test_database_manager - DEBUG - test_database_manager.py:98 - Base de données supprimée: test_test_stock_with_copyable_messages_s8ab1rja.db
2025-11-11 09:22:06 - facturacion_facil.test_database_manager - DEBUG - test_database_manager.py:109 - Répertoire supprimé: test_test_stock_with_copyable_messages_assets_7uo3khov
2025-11-11 09:22:06 - facturacion_facil.test_database_manager - DEBUG - test_database_manager.py:53 - Base de données de test créée: test_test_button_creation_ugpmu5_h.db
2025-11-11 09:22:06 - facturacion_facil.test_database_manager - DEBUG - test_database_manager.py:78 - Répertoire de test créé: test_test_button_creation_assets_pfrmvjsu
2025-11-11 09:22:06 - facturacion_facil.productos - INFO - productos.py:28 - Inicializando ventana de gestión de productos
2025-11-11 09:22:06 - facturacion_facil.test_database_manager - DEBUG - test_database_manager.py:98 - Base de données supprimée: test_test_button_creation_ugpmu5_h.db
2025-11-11 09:22:06 - facturacion_facil.test_database_manager - DEBUG - test_database_manager.py:109 - Répertoire supprimé: test_test_button_creation_assets_pfrmvjsu
2025-11-11 09:22:06 - facturacion_facil.test_database_manager - DEBUG - test_database_manager.py:53 - Base de données de test créée: test_test_button_commands_u7gls3r8.db
2025-11-11 09:22:06 - facturacion_facil.test_database_manager - DEBUG - test_database_manager.py:78 - Répertoire de test créé: test_test_button_commands_assets_o61k99sw
2025-11-11 09:22:06 - facturacion_facil.test_database_manager - DEBUG - test_database_manager.py:98 - Base de données supprimée: test_test_button_commands_u7gls3r8.db
2025-11-11 09:22:06 - facturacion_facil.test_database_manager - DEBUG - test_database_manager.py:109 - Répertoire supprimé: test_test_button_commands_assets_o61k99sw
2025-11-11 09:22:06 - facturacion_facil.test_database_manager - DEBUG - test_database_manager.py:53 - Base de données de test créée: test_test_translations_673z1tyd.db
2025-11-11 09:22:06 - facturacion_facil.test_database_manager - DEBUG - test_database_manager.py:78 - Répertoire de test créé: test_test_translations_assets_bu3or4qi
2025-11-11 09:22:06 - facturacion_facil.test_database_manager - DEBUG - test_database_manager.py:98 - Base de données supprimée: test_test_translations_673z1tyd.db
2025-11-11 09:22:06 - facturacion_facil.test_database_manager - DEBUG - test_database_manager.py:109 - Répertoire supprimé: test_test_translations_assets_bu3or4qi
2025-11-11 09:22:06 - facturacion_facil.test_database_manager - DEBUG - test_database_manager.py:53 - Base de données de test créée: test_test_widget_hierarchy_6ad0j20o.db
2025-11-11 09:22:06 - facturacion_facil.test_database_manager - DEBUG - test_database_manager.py:78 - Répertoire de test créé: test_test_widget_hierarchy_assets_gjgs29ez
2025-11-11 09:22:06 - facturacion_facil.test_database_manager - DEBUG - test_database_manager.py:98 - Base de données supprimée: test_test_widget_hierarchy_6ad0j20o.db
2025-11-11 09:22:06 - facturacion_facil.test_database_manager - DEBUG - test_database_manager.py:109 - Répertoire supprimé: test_test_widget_hierarchy_assets_gjgs29ez
2025-11-11 09:22:06 - facturacion_facil.test_database_manager - DEBUG - test_database_manager.py:53 - Base de données de test créée: test_test_layout_issues_isvf6ao6.db
2025-11-11 09:22:06 - facturacion_facil.test_database_manager - DEBUG - test_database_manager.py:78 - Répertoire de test créé: test_test_layout_issues_assets_lck90gn_
2025-11-11 09:22:06 - facturacion_facil.test_database_manager - DEBUG - test_database_manager.py:98 - Base de données supprimée: test_test_layout_issues_isvf6ao6.db
2025-11-11 09:22:06 - facturacion_facil.test_database_manager - DEBUG - test_database_manager.py:109 - Répertoire supprimé: test_test_layout_issues_assets_lck90gn_
2025-11-11 09:22:06 - facturacion_facil.test_database_manager - DEBUG - test_database_manager.py:53 - Base de données de test créée: test_test_button_visibility_with_gui_wydd1_w_.db
2025-11-11 09:22:06 - facturacion_facil.test_database_manager - DEBUG - test_database_manager.py:78 - Répertoire de test créé: test_test_button_visibility_with_gui_assets_0cni66sl
2025-11-11 09:22:06 - facturacion_facil.mock_productos_window - DEBUG - test_button_visibility_real.py:84 - Interface simulée créée avec boutons
2025-11-11 09:22:06 - facturacion_facil.mock_productos_window - DEBUG - test_button_visibility_real.py:48 - MockProductosWindow créée avec succès
2025-11-11 09:22:06 - facturacion_facil.test_database_manager - DEBUG - test_database_manager.py:98 - Base de données supprimée: test_test_button_visibility_with_gui_wydd1_w_.db
2025-11-11 09:22:06 - facturacion_facil.test_database_manager - DEBUG - test_database_manager.py:109 - Répertoire supprimé: test_test_button_visibility_with_gui_assets_0cni66sl
2025-11-11 09:22:06 - facturacion_facil.test_database_manager - DEBUG - test_database_manager.py:53 - Base de données de test créée: test_test_button_visibility_with_gui_interactive_vyeqscxy.db
2025-11-11 09:22:06 - facturacion_facil.test_database_manager - DEBUG - test_database_manager.py:78 - Répertoire de test créé: test_test_button_visibility_with_gui_interactive_assets_juxu55zs
2025-11-11 09:22:06 - facturacion_facil.test_database_manager - DEBUG - test_database_manager.py:98 - Base de données supprimée: test_test_button_visibility_with_gui_interactive_vyeqscxy.db
2025-11-11 09:22:06 - facturacion_facil.test_database_manager - DEBUG - test_database_manager.py:109 - Répertoire supprimé: test_test_button_visibility_with_gui_interactive_assets_juxu55zs
2025-11-11 09:22:06 - facturacion_facil.test_database_manager - DEBUG - test_database_manager.py:53 - Base de données de test créée: test_test_button_colors_l1vokheg.db
2025-11-11 09:22:06 - facturacion_facil.test_database_manager - DEBUG - test_database_manager.py:78 - Répertoire de test créé: test_test_button_colors_assets_8kfa72eb
2025-11-11 09:22:06 - facturacion_facil.test_database_manager - DEBUG - test_database_manager.py:98 - Base de données supprimée: test_test_button_colors_l1vokheg.db
2025-11-11 09:22:06 - facturacion_facil.test_database_manager - DEBUG - test_database_manager.py:109 - Répertoire supprimé: test_test_button_colors_assets_8kfa72eb
2025-11-11 09:22:06 - facturacion_facil.test_database_manager - DEBUG - test_database_manager.py:53 - Base de données de test créée: test_test_frame_hierarchy_1mgn44yl.db
2025-11-11 09:22:06 - facturacion_facil.test_database_manager - DEBUG - test_database_manager.py:78 - Répertoire de test créé: test_test_frame_hierarchy_assets_r7vj28_l
2025-11-11 09:22:06 - facturacion_facil.test_database_manager - DEBUG - test_database_manager.py:98 - Base de données supprimée: test_test_frame_hierarchy_1mgn44yl.db
2025-11-11 09:22:06 - facturacion_facil.test_database_manager - DEBUG - test_database_manager.py:109 - Répertoire supprimé: test_test_frame_hierarchy_assets_r7vj28_l
2025-11-11 09:22:06 - facturacion_facil.test_database_manager - DEBUG - test_database_manager.py:53 - Base de données de test créée: test_test_button_methods_exist_b2gt6sf6.db
2025-11-11 09:22:06 - facturacion_facil.test_database_manager - DEBUG - test_database_manager.py:78 - Répertoire de test créé: test_test_button_methods_exist_assets_ekrced5j
2025-11-11 09:22:06 - facturacion_facil.test_database_manager - DEBUG - test_database_manager.py:98 - Base de données supprimée: test_test_button_methods_exist_b2gt6sf6.db
2025-11-11 09:22:06 - facturacion_facil.test_database_manager - DEBUG - test_database_manager.py:109 - Répertoire supprimé: test_test_button_methods_exist_assets_ekrced5j
2025-11-11 09:22:06 - facturacion_facil.test_database_manager - DEBUG - test_database_manager.py:53 - Base de données de test créée: test_test_translations_for_buttons_bkr4n8il.db
2025-11-11 09:22:06 - facturacion_facil.test_database_manager - DEBUG - test_database_manager.py:78 - Répertoire de test créé: test_test_translations_for_buttons_assets_b7evs79e
2025-11-11 09:22:06 - facturacion_facil.test_database_manager - DEBUG - test_database_manager.py:98 - Base de données supprimée: test_test_translations_for_buttons_bkr4n8il.db
2025-11-11 09:22:06 - facturacion_facil.test_database_manager - DEBUG - test_database_manager.py:109 - Répertoire supprimé: test_test_translations_for_buttons_assets_b7evs79e
2025-11-11 09:22:06 - facturacion_facil.test_database_manager - DEBUG - test_database_manager.py:53 - Base de données de test créée: test_test_logging_setup_z76412xc.db
2025-11-11 09:22:06 - facturacion_facil.test_database_manager - DEBUG - test_database_manager.py:78 - Répertoire de test créé: test_test_logging_setup_assets_az_coymq
2025-11-11 09:22:06 - facturacion_facil.productos - INFO - test_buttons_simple.py:68 - Test de logging para productos
2025-11-11 09:22:06 - facturacion_facil - INFO - logger.py:96 - Acción usuario: Test acción - Test detalles
2025-11-11 09:22:06 - facturacion_facil.test_database_manager - DEBUG - test_database_manager.py:98 - Base de données supprimée: test_test_logging_setup_z76412xc.db
2025-11-11 09:22:06 - facturacion_facil.test_database_manager - DEBUG - test_database_manager.py:109 - Répertoire supprimé: test_test_logging_setup_assets_az_coymq
2025-11-11 09:22:06 - facturacion_facil.test_database_manager - DEBUG - test_database_manager.py:53 - Base de données de test créée: test_test_config_system_03tnkhe5.db
2025-11-11 09:22:06 - facturacion_facil.test_database_manager - DEBUG - test_database_manager.py:78 - Répertoire de test créé: test_test_config_system_assets_707cbflp
2025-11-11 09:22:06 - facturacion_facil.test_database_manager - DEBUG - test_database_manager.py:98 - Base de données supprimée: test_test_config_system_03tnkhe5.db
2025-11-11 09:22:06 - facturacion_facil.test_database_manager - DEBUG - test_database_manager.py:109 - Répertoire supprimé: test_test_config_system_assets_707cbflp
2025-11-11 09:22:06 - facturacion_facil.test_database_manager - DEBUG - test_database_manager.py:53 - Base de données de test créée: test_test_database_models_w7r5fxuj.db
2025-11-11 09:22:06 - facturacion_facil.test_database_manager - DEBUG - test_database_manager.py:78 - Répertoire de test créé: test_test_database_models_assets_or5e26ig
2025-11-11 09:22:06 - facturacion_facil.test_database_manager - DEBUG - test_database_manager.py:98 - Base de données supprimée: test_test_database_models_w7r5fxuj.db
2025-11-11 09:22:06 - facturacion_facil.test_database_manager - DEBUG - test_database_manager.py:109 - Répertoire supprimé: test_test_database_models_assets_or5e26ig
2025-11-11 09:22:06 - facturacion_facil.test_database_manager - DEBUG - test_database_manager.py:53 - Base de données de test créée: test_test_dialog_creation_flq9lsuz.db
2025-11-11 09:22:06 - facturacion_facil.test_database_manager - DEBUG - test_database_manager.py:78 - Répertoire de test créé: test_test_dialog_creation_assets_uzvuk0ar
2025-11-11 09:22:06 - facturacion_facil.producto_factura_dialog - INFO - producto_factura_dialog.py:688 - Interceptor de scroll basado en foco instalado
2025-11-11 09:22:06 - facturacion_facil.test_database_manager - DEBUG - test_database_manager.py:98 - Base de données supprimée: test_test_dialog_creation_flq9lsuz.db
2025-11-11 09:22:06 - facturacion_facil.test_database_manager - DEBUG - test_database_manager.py:109 - Répertoire supprimé: test_test_dialog_creation_assets_uzvuk0ar
2025-11-11 09:22:06 - facturacion_facil.test_database_manager - DEBUG - test_database_manager.py:53 - Base de données de test créée: test_test_dialog_with_initial_values_hj1t89c7.db
2025-11-11 09:22:06 - facturacion_facil.test_database_manager - DEBUG - test_database_manager.py:78 - Répertoire de test créé: test_test_dialog_with_initial_values_assets_yrzyf0uh
2025-11-11 09:22:06 - facturacion_facil.producto_factura_dialog - INFO - producto_factura_dialog.py:688 - Interceptor de scroll basado en foco instalado
2025-11-11 09:22:06 - facturacion_facil.test_database_manager - DEBUG - test_database_manager.py:98 - Base de données supprimée: test_test_dialog_with_initial_values_hj1t89c7.db
2025-11-11 09:22:06 - facturacion_facil.test_database_manager - DEBUG - test_database_manager.py:109 - Répertoire supprimé: test_test_dialog_with_initial_values_assets_yrzyf0uh
2025-11-11 09:22:06 - facturacion_facil.test_database_manager - DEBUG - test_database_manager.py:53 - Base de données de test créée: test_test_validate_form_valid_data_kkl5augw.db
2025-11-11 09:22:06 - facturacion_facil.test_database_manager - DEBUG - test_database_manager.py:78 - Répertoire de test créé: test_test_validate_form_valid_data_assets_63fqwl63
2025-11-11 09:22:06 - facturacion_facil.producto_factura_dialog - INFO - producto_factura_dialog.py:688 - Interceptor de scroll basado en foco instalado
2025-11-11 09:22:06 - facturacion_facil.test_database_manager - DEBUG - test_database_manager.py:98 - Base de données supprimée: test_test_validate_form_valid_data_kkl5augw.db
2025-11-11 09:22:06 - facturacion_facil.test_database_manager - DEBUG - test_database_manager.py:109 - Répertoire supprimé: test_test_validate_form_valid_data_assets_63fqwl63
2025-11-11 09:22:06 - facturacion_facil.test_database_manager - DEBUG - test_database_manager.py:53 - Base de données de test créée: test_test_validate_form_invalid_data_vqr8eq6c.db
2025-11-11 09:22:06 - facturacion_facil.test_database_manager - DEBUG - test_database_manager.py:78 - Répertoire de test créé: test_test_validate_form_invalid_data_assets_mp9rfkjk
2025-11-11 09:22:06 - facturacion_facil.producto_factura_dialog - INFO - producto_factura_dialog.py:688 - Interceptor de scroll basado en foco instalado
2025-11-11 09:22:06 - facturacion_facil.test_database_manager - DEBUG - test_database_manager.py:98 - Base de données supprimée: test_test_validate_form_invalid_data_vqr8eq6c.db
2025-11-11 09:22:06 - facturacion_facil.test_database_manager - DEBUG - test_database_manager.py:109 - Répertoire supprimé: test_test_validate_form_invalid_data_assets_mp9rfkjk
2025-11-11 09:22:06 - facturacion_facil.test_database_manager - DEBUG - test_database_manager.py:53 - Base de données de test créée: test_test_update_preview_pg5s6xfh.db
2025-11-11 09:22:06 - facturacion_facil.test_database_manager - DEBUG - test_database_manager.py:78 - Répertoire de test créé: test_test_update_preview_assets_bu28ho9e
2025-11-11 09:22:06 - facturacion_facil.producto_factura_dialog - INFO - producto_factura_dialog.py:688 - Interceptor de scroll basado en foco instalado
2025-11-11 09:22:06 - facturacion_facil.test_database_manager - DEBUG - test_database_manager.py:98 - Base de données supprimée: test_test_update_preview_pg5s6xfh.db
2025-11-11 09:22:06 - facturacion_facil.test_database_manager - DEBUG - test_database_manager.py:109 - Répertoire supprimé: test_test_update_preview_assets_bu28ho9e
2025-11-11 09:22:06 - facturacion_facil.test_database_manager - DEBUG - test_database_manager.py:53 - Base de données de test créée: test_test_accept_valid_form_3q1b52l1.db
2025-11-11 09:22:06 - facturacion_facil.test_database_manager - DEBUG - test_database_manager.py:78 - Répertoire de test créé: test_test_accept_valid_form_assets_u3115vlf
2025-11-11 09:22:06 - facturacion_facil.producto_factura_dialog - INFO - producto_factura_dialog.py:688 - Interceptor de scroll basado en foco instalado
2025-11-11 09:22:06 - facturacion_facil.producto_factura_dialog - INFO - producto_factura_dialog.py:613 - Interceptor de scroll basado en foco removido
2025-11-11 09:22:06 - facturacion_facil.test_database_manager - DEBUG - test_database_manager.py:98 - Base de données supprimée: test_test_accept_valid_form_3q1b52l1.db
2025-11-11 09:22:06 - facturacion_facil.test_database_manager - DEBUG - test_database_manager.py:109 - Répertoire supprimé: test_test_accept_valid_form_assets_u3115vlf
2025-11-11 09:22:06 - facturacion_facil.test_database_manager - DEBUG - test_database_manager.py:53 - Base de données de test créée: test_test_accept_invalid_form_jd7ty9w5.db
2025-11-11 09:22:06 - facturacion_facil.test_database_manager - DEBUG - test_database_manager.py:78 - Répertoire de test créé: test_test_accept_invalid_form_assets_yppas1ns
2025-11-11 09:22:06 - facturacion_facil.producto_factura_dialog - INFO - producto_factura_dialog.py:688 - Interceptor de scroll basado en foco instalado
2025-11-11 09:22:06 - facturacion_facil.test_database_manager - DEBUG - test_database_manager.py:98 - Base de données supprimée: test_test_accept_invalid_form_jd7ty9w5.db
2025-11-11 09:22:06 - facturacion_facil.test_database_manager - DEBUG - test_database_manager.py:109 - Répertoire supprimé: test_test_accept_invalid_form_assets_yppas1ns
2025-11-11 09:22:06 - facturacion_facil.test_database_manager - DEBUG - test_database_manager.py:53 - Base de données de test créée: test_test_cancel_xnsh56tx.db
2025-11-11 09:22:06 - facturacion_facil.test_database_manager - DEBUG - test_database_manager.py:78 - Répertoire de test créé: test_test_cancel_assets_dzm01u00
2025-11-11 09:22:06 - facturacion_facil.producto_factura_dialog - INFO - producto_factura_dialog.py:688 - Interceptor de scroll basado en foco instalado
2025-11-11 09:22:06 - facturacion_facil.producto_factura_dialog - INFO - producto_factura_dialog.py:613 - Interceptor de scroll basado en foco removido
2025-11-11 09:22:06 - facturacion_facil.test_database_manager - DEBUG - test_database_manager.py:98 - Base de données supprimée: test_test_cancel_xnsh56tx.db
2025-11-11 09:22:06 - facturacion_facil.test_database_manager - DEBUG - test_database_manager.py:109 - Répertoire supprimé: test_test_cancel_assets_dzm01u00
2025-11-11 09:22:06 - facturacion_facil.test_database_manager - DEBUG - test_database_manager.py:53 - Base de données de test créée: test_test_on_producto_selected_59q1m2x1.db
2025-11-11 09:22:06 - facturacion_facil.test_database_manager - DEBUG - test_database_manager.py:78 - Répertoire de test créé: test_test_on_producto_selected_assets_laejcwkd
2025-11-11 09:22:06 - facturacion_facil.producto_factura_dialog - INFO - producto_factura_dialog.py:688 - Interceptor de scroll basado en foco instalado
2025-11-11 09:22:06 - facturacion_facil.test_database_manager - DEBUG - test_database_manager.py:98 - Base de données supprimée: test_test_on_producto_selected_59q1m2x1.db
2025-11-11 09:22:06 - facturacion_facil.test_database_manager - DEBUG - test_database_manager.py:109 - Répertoire supprimé: test_test_on_producto_selected_assets_laejcwkd
2025-11-11 09:22:06 - facturacion_facil.test_database_manager - DEBUG - test_database_manager.py:53 - Base de données de test créée: test_test_facturas_window_import_3gv09ws3.db
2025-11-11 09:22:06 - facturacion_facil.test_database_manager - DEBUG - test_database_manager.py:78 - Répertoire de test créé: test_test_facturas_window_import_assets_zar50_c6
2025-11-11 09:22:06 - facturacion_facil.test_database_manager - DEBUG - test_database_manager.py:98 - Base de données supprimée: test_test_facturas_window_import_3gv09ws3.db
2025-11-11 09:22:06 - facturacion_facil.test_database_manager - DEBUG - test_database_manager.py:109 - Répertoire supprimé: test_test_facturas_window_import_assets_zar50_c6
2025-11-11 09:22:06 - facturacion_facil.test_database_manager - DEBUG - test_database_manager.py:53 - Base de données de test créée: test_test_facturas_methods_mixin_import_v4exc8ok.db
2025-11-11 09:22:06 - facturacion_facil.test_database_manager - DEBUG - test_database_manager.py:78 - Répertoire de test créé: test_test_facturas_methods_mixin_import_assets_xn5w_nyx
2025-11-11 09:22:06 - facturacion_facil.test_database_manager - DEBUG - test_database_manager.py:98 - Base de données supprimée: test_test_facturas_methods_mixin_import_v4exc8ok.db
2025-11-11 09:22:06 - facturacion_facil.test_database_manager - DEBUG - test_database_manager.py:109 - Répertoire supprimé: test_test_facturas_methods_mixin_import_assets_xn5w_nyx
2025-11-11 09:22:06 - facturacion_facil.test_database_manager - DEBUG - test_database_manager.py:53 - Base de données de test créée: test_test_base_window_inheritance_vnq95fht.db
2025-11-11 09:22:06 - facturacion_facil.test_database_manager - DEBUG - test_database_manager.py:78 - Répertoire de test créé: test_test_base_window_inheritance_assets_vtgq4whi
2025-11-11 09:22:06 - facturacion_facil.test_database_manager - DEBUG - test_database_manager.py:98 - Base de données supprimée: test_test_base_window_inheritance_vnq95fht.db
2025-11-11 09:22:06 - facturacion_facil.test_database_manager - DEBUG - test_database_manager.py:109 - Répertoire supprimé: test_test_base_window_inheritance_assets_vtgq4whi
2025-11-11 09:22:06 - facturacion_facil.test_database_manager - DEBUG - test_database_manager.py:53 - Base de données de test créée: test_test_imports_sic4kuq5.db
2025-11-11 09:22:06 - facturacion_facil.test_database_manager - DEBUG - test_database_manager.py:78 - Répertoire de test créé: test_test_imports_assets_bdyv5_fr
2025-11-11 09:22:06 - facturacion_facil.test_database_manager - DEBUG - test_database_manager.py:98 - Base de données supprimée: test_test_imports_sic4kuq5.db
2025-11-11 09:22:06 - facturacion_facil.test_database_manager - DEBUG - test_database_manager.py:109 - Répertoire supprimé: test_test_imports_assets_bdyv5_fr
2025-11-11 09:22:06 - facturacion_facil.test_database_manager - DEBUG - test_database_manager.py:53 - Base de données de test créée: test_test_translations_wm176dyn.db
2025-11-11 09:22:06 - facturacion_facil.test_database_manager - DEBUG - test_database_manager.py:78 - Répertoire de test créé: test_test_translations_assets_j4kijwej
2025-11-11 09:22:06 - facturacion_facil.test_database_manager - DEBUG - test_database_manager.py:98 - Base de données supprimée: test_test_translations_wm176dyn.db
2025-11-11 09:22:06 - facturacion_facil.test_database_manager - DEBUG - test_database_manager.py:109 - Répertoire supprimé: test_test_translations_assets_j4kijwej
2025-11-11 09:22:06 - facturacion_facil.test_database_manager - DEBUG - test_database_manager.py:53 - Base de données de test créée: test_test_method_definition_16wv82cn.db
2025-11-11 09:22:06 - facturacion_facil.test_database_manager - DEBUG - test_database_manager.py:78 - Répertoire de test créé: test_test_method_definition_assets_jb8s8owa
2025-11-11 09:22:06 - facturacion_facil.test_database_manager - DEBUG - test_database_manager.py:98 - Base de données supprimée: test_test_method_definition_16wv82cn.db
2025-11-11 09:22:06 - facturacion_facil.test_database_manager - DEBUG - test_database_manager.py:109 - Répertoire supprimé: test_test_method_definition_assets_jb8s8owa
2025-11-11 09:22:06 - facturacion_facil.test_database_manager - DEBUG - test_database_manager.py:53 - Base de données de test créée: test_test_filedialog_availability_nbgoqqc7.db
2025-11-11 09:22:06 - facturacion_facil.test_database_manager - DEBUG - test_database_manager.py:78 - Répertoire de test créé: test_test_filedialog_availability_assets_qr1syiso
2025-11-11 09:22:06 - facturacion_facil.test_database_manager - DEBUG - test_database_manager.py:98 - Base de données supprimée: test_test_filedialog_availability_nbgoqqc7.db
2025-11-11 09:22:06 - facturacion_facil.test_database_manager - DEBUG - test_database_manager.py:109 - Répertoire supprimé: test_test_filedialog_availability_assets_qr1syiso
2025-11-11 09:22:06 - facturacion_facil.test_database_manager - DEBUG - test_database_manager.py:53 - Base de données de test créée: test_test_file_operations_kokhy2de.db
2025-11-11 09:22:06 - facturacion_facil.test_database_manager - DEBUG - test_database_manager.py:78 - Répertoire de test créé: test_test_file_operations_assets_5fsweb4p
2025-11-11 09:22:06 - facturacion_facil.test_database_manager - DEBUG - test_database_manager.py:98 - Base de données supprimée: test_test_file_operations_kokhy2de.db
2025-11-11 09:22:06 - facturacion_facil.test_database_manager - DEBUG - test_database_manager.py:109 - Répertoire supprimé: test_test_file_operations_assets_5fsweb4p
2025-11-11 09:22:06 - facturacion_facil.test_database_manager - DEBUG - test_database_manager.py:53 - Base de données de test créée: test_test_create_mini_image_1t9l6zhd.db
2025-11-11 09:22:06 - facturacion_facil.test_database_manager - DEBUG - test_database_manager.py:78 - Répertoire de test créé: test_test_create_mini_image_assets_x5tmv749
2025-11-11 09:22:06 - facturacion_facil.image_utils - DEBUG - image_utils.py:76 - Mini image créée: test_product.png -> (32, 32)
2025-11-11 09:22:06 - facturacion_facil.test_database_manager - DEBUG - test_database_manager.py:98 - Base de données supprimée: test_test_create_mini_image_1t9l6zhd.db
2025-11-11 09:22:06 - facturacion_facil.test_database_manager - DEBUG - test_database_manager.py:109 - Répertoire supprimé: test_test_create_mini_image_assets_x5tmv749
2025-11-11 09:22:06 - facturacion_facil.test_database_manager - DEBUG - test_database_manager.py:53 - Base de données de test créée: test_test_create_mini_image_nonexistent_6n9e9ave.db
2025-11-11 09:22:06 - facturacion_facil.test_database_manager - DEBUG - test_database_manager.py:78 - Répertoire de test créé: test_test_create_mini_image_nonexistent_assets_mdzl1l69
2025-11-11 09:22:06 - facturacion_facil.image_utils - DEBUG - image_utils.py:33 - Image non trouvée: /path/inexistant.png
2025-11-11 09:22:06 - facturacion_facil.test_database_manager - DEBUG - test_database_manager.py:98 - Base de données supprimée: test_test_create_mini_image_nonexistent_6n9e9ave.db
2025-11-11 09:22:06 - facturacion_facil.test_database_manager - DEBUG - test_database_manager.py:109 - Répertoire supprimé: test_test_create_mini_image_nonexistent_assets_mdzl1l69
2025-11-11 09:22:06 - facturacion_facil.test_database_manager - DEBUG - test_database_manager.py:53 - Base de données de test créée: test_test_create_placeholder_image_ej5d5iun.db
2025-11-11 09:22:06 - facturacion_facil.test_database_manager - DEBUG - test_database_manager.py:78 - Répertoire de test créé: test_test_create_placeholder_image_assets_h_2frmkj
2025-11-11 09:22:06 - facturacion_facil.test_database_manager - DEBUG - test_database_manager.py:98 - Base de données supprimée: test_test_create_placeholder_image_ej5d5iun.db
2025-11-11 09:22:06 - facturacion_facil.test_database_manager - DEBUG - test_database_manager.py:109 - Répertoire supprimé: test_test_create_placeholder_image_assets_h_2frmkj
2025-11-11 09:22:06 - facturacion_facil.test_database_manager - DEBUG - test_database_manager.py:53 - Base de données de test créée: test_test_get_mini_image_size_xs5o_z4w.db
2025-11-11 09:22:06 - facturacion_facil.test_database_manager - DEBUG - test_database_manager.py:78 - Répertoire de test créé: test_test_get_mini_image_size_assets_b0pmyi3k
2025-11-11 09:22:06 - facturacion_facil.test_database_manager - DEBUG - test_database_manager.py:98 - Base de données supprimée: test_test_get_mini_image_size_xs5o_z4w.db
2025-11-11 09:22:06 - facturacion_facil.test_database_manager - DEBUG - test_database_manager.py:109 - Répertoire supprimé: test_test_get_mini_image_size_assets_b0pmyi3k
2025-11-11 09:22:06 - facturacion_facil.test_database_manager - DEBUG - test_database_manager.py:53 - Base de données de test créée: test_test_is_image_file_fmgmggve.db
2025-11-11 09:22:06 - facturacion_facil.test_database_manager - DEBUG - test_database_manager.py:78 - Répertoire de test créé: test_test_is_image_file_assets_7xm7ip_j
2025-11-11 09:22:06 - facturacion_facil.test_database_manager - DEBUG - test_database_manager.py:98 - Base de données supprimée: test_test_is_image_file_fmgmggve.db
2025-11-11 09:22:06 - facturacion_facil.test_database_manager - DEBUG - test_database_manager.py:109 - Répertoire supprimé: test_test_is_image_file_assets_7xm7ip_j
2025-11-11 09:22:06 - facturacion_facil.test_database_manager - DEBUG - test_database_manager.py:53 - Base de données de test créée: test_test_image_cache_5mnanu3j.db
2025-11-11 09:22:06 - facturacion_facil.test_database_manager - DEBUG - test_database_manager.py:78 - Répertoire de test créé: test_test_image_cache_assets_tjdhaq5o
2025-11-11 09:22:06 - facturacion_facil.image_utils - DEBUG - image_utils.py:76 - Mini image créée: test_product.png -> (32, 32)
2025-11-11 09:22:06 - facturacion_facil.image_utils - DEBUG - image_utils.py:147 - Cache d'images vidé
2025-11-11 09:22:06 - facturacion_facil.image_utils - DEBUG - image_utils.py:76 - Mini image créée: test_product.png -> (32, 32)
2025-11-11 09:22:06 - facturacion_facil.test_database_manager - DEBUG - test_database_manager.py:98 - Base de données supprimée: test_test_image_cache_5mnanu3j.db
2025-11-11 09:22:06 - facturacion_facil.test_database_manager - DEBUG - test_database_manager.py:109 - Répertoire supprimé: test_test_image_cache_assets_tjdhaq5o
2025-11-11 09:22:06 - facturacion_facil.test_database_manager - DEBUG - test_database_manager.py:53 - Base de données de test créée: test_test_producto_list_widget_creation_1j7ls1cy.db
2025-11-11 09:22:06 - facturacion_facil.test_database_manager - DEBUG - test_database_manager.py:78 - Répertoire de test créé: test_test_producto_list_widget_creation_assets_tozrt97e
2025-11-11 09:22:06 - facturacion_facil.test_database_manager - DEBUG - test_database_manager.py:98 - Base de données supprimée: test_test_producto_list_widget_creation_1j7ls1cy.db
2025-11-11 09:22:06 - facturacion_facil.test_database_manager - DEBUG - test_database_manager.py:109 - Répertoire supprimé: test_test_producto_list_widget_creation_assets_tozrt97e
2025-11-11 09:22:06 - facturacion_facil.test_database_manager - DEBUG - test_database_manager.py:53 - Base de données de test créée: test_test_producto_list_widget_with_items_k1e13suf.db
2025-11-11 09:22:06 - facturacion_facil.test_database_manager - DEBUG - test_database_manager.py:78 - Répertoire de test créé: test_test_producto_list_widget_with_items_assets_8y1d_xd9
2025-11-11 09:22:06 - facturacion_facil.image_utils - DEBUG - image_utils.py:76 - Mini image créée: test_product.png -> (40, 40)
2025-11-11 09:22:06 - facturacion_facil.producto_list_widget - ERROR - producto_list_widget.py:170 - Erreur lors de l'ajout d'item: image "pyimage11" doesn't exist
2025-11-11 09:22:06 - facturacion_facil.test_database_manager - DEBUG - test_database_manager.py:98 - Base de données supprimée: test_test_producto_list_widget_with_items_k1e13suf.db
2025-11-11 09:22:06 - facturacion_facil.test_database_manager - DEBUG - test_database_manager.py:109 - Répertoire supprimé: test_test_producto_list_widget_with_items_assets_8y1d_xd9
2025-11-11 09:22:06 - facturacion_facil.test_database_manager - DEBUG - test_database_manager.py:53 - Base de données de test créée: test_test_image_formats_support_doq6r8oi.db
2025-11-11 09:22:06 - facturacion_facil.test_database_manager - DEBUG - test_database_manager.py:78 - Répertoire de test créé: test_test_image_formats_support_assets_zeqblp0m
2025-11-11 09:22:06 - facturacion_facil.image_utils - DEBUG - image_utils.py:76 - Mini image créée: test.png -> (32, 32)
2025-11-11 09:22:06 - facturacion_facil.image_utils - DEBUG - image_utils.py:76 - Mini image créée: test.jpg -> (32, 32)
2025-11-11 09:22:06 - facturacion_facil.image_utils - DEBUG - image_utils.py:76 - Mini image créée: test_alpha.png -> (32, 32)
2025-11-11 09:22:06 - facturacion_facil.image_utils - DEBUG - image_utils.py:76 - Mini image créée: test_palette.png -> (32, 32)
2025-11-11 09:22:06 - facturacion_facil.test_database_manager - DEBUG - test_database_manager.py:98 - Base de données supprimée: test_test_image_formats_support_doq6r8oi.db
2025-11-11 09:22:06 - facturacion_facil.test_database_manager - DEBUG - test_database_manager.py:109 - Répertoire supprimé: test_test_image_formats_support_assets_zeqblp0m
2025-11-11 09:22:06 - facturacion_facil.test_database_manager - DEBUG - test_database_manager.py:53 - Base de données de test créée: test_test_image_proportions_preservation_fim17rxj.db
2025-11-11 09:22:06 - facturacion_facil.test_database_manager - DEBUG - test_database_manager.py:78 - Répertoire de test créé: test_test_image_proportions_preservation_assets_9b2tl3pj
2025-11-11 09:22:06 - facturacion_facil.image_utils - DEBUG - image_utils.py:76 - Mini image créée: rect_image.png -> (32, 32)
2025-11-11 09:22:06 - facturacion_facil.test_database_manager - DEBUG - test_database_manager.py:98 - Base de données supprimée: test_test_image_proportions_preservation_fim17rxj.db
2025-11-11 09:22:06 - facturacion_facil.test_database_manager - DEBUG - test_database_manager.py:109 - Répertoire supprimé: test_test_image_proportions_preservation_assets_9b2tl3pj
2025-11-11 09:22:06 - facturacion_facil.test_database_manager - DEBUG - test_database_manager.py:53 - Base de données de test créée: test_test_mousewheel_scroll_implementation_cmx0ckqz.db
2025-11-11 09:22:06 - facturacion_facil.test_database_manager - DEBUG - test_database_manager.py:78 - Répertoire de test créé: test_test_mousewheel_scroll_implementation_assets_l_qqhpn6
2025-11-11 09:22:06 - facturacion_facil.test_database_manager - DEBUG - test_database_manager.py:98 - Base de données supprimée: test_test_mousewheel_scroll_implementation_cmx0ckqz.db
2025-11-11 09:22:06 - facturacion_facil.test_database_manager - DEBUG - test_database_manager.py:109 - Répertoire supprimé: test_test_mousewheel_scroll_implementation_assets_l_qqhpn6
2025-11-11 09:22:06 - facturacion_facil.test_database_manager - DEBUG - test_database_manager.py:53 - Base de données de test créée: test_test_mousewheel_scroll_integration_bcarb7xu.db
2025-11-11 09:22:06 - facturacion_facil.test_database_manager - DEBUG - test_database_manager.py:78 - Répertoire de test créé: test_test_mousewheel_scroll_integration_assets_wtj7pkxa
2025-11-11 09:22:06 - facturacion_facil.test_database_manager - DEBUG - test_database_manager.py:98 - Base de données supprimée: test_test_mousewheel_scroll_integration_bcarb7xu.db
2025-11-11 09:22:06 - facturacion_facil.test_database_manager - DEBUG - test_database_manager.py:109 - Répertoire supprimé: test_test_mousewheel_scroll_integration_assets_wtj7pkxa
2025-11-11 09:22:06 - facturacion_facil.test_database_manager - DEBUG - test_database_manager.py:53 - Base de données de test créée: test_test_autocomplete_initialization_efhwax7f.db
2025-11-11 09:22:06 - facturacion_facil.test_database_manager - DEBUG - test_database_manager.py:78 - Répertoire de test créé: test_test_autocomplete_initialization_assets_zgzbvqu8
2025-11-11 09:22:06 - facturacion_facil.producto_autocomplete - WARNING - producto_autocomplete.py:74 - Error obteniendo stock para producto 1: type object 'Stock' has no attribute 'get_by_producto_id'
2025-11-11 09:22:06 - facturacion_facil.producto_autocomplete - WARNING - producto_autocomplete.py:74 - Error obteniendo stock para producto 2: type object 'Stock' has no attribute 'get_by_producto_id'
2025-11-11 09:22:06 - facturacion_facil.producto_autocomplete - WARNING - producto_autocomplete.py:74 - Error obteniendo stock para producto 3: type object 'Stock' has no attribute 'get_by_producto_id'
2025-11-11 09:22:06 - facturacion_facil.autocomplete_entry - DEBUG - autocomplete_entry.py:118 - Configurados 3 elementos para autocompletado
2025-11-11 09:22:06 - facturacion_facil.producto_autocomplete - INFO - producto_autocomplete.py:99 - Cargados 3 productos para autocompletado
2025-11-11 09:22:06 - facturacion_facil.test_database_manager - DEBUG - test_database_manager.py:98 - Base de données supprimée: test_test_autocomplete_initialization_efhwax7f.db
2025-11-11 09:22:06 - facturacion_facil.test_database_manager - DEBUG - test_database_manager.py:109 - Répertoire supprimé: test_test_autocomplete_initialization_assets_zgzbvqu8
2025-11-11 09:22:06 - facturacion_facil.test_database_manager - DEBUG - test_database_manager.py:53 - Base de données de test créée: test_test_search_by_name_tirv_cq3.db
2025-11-11 09:22:06 - facturacion_facil.test_database_manager - DEBUG - test_database_manager.py:78 - Répertoire de test créé: test_test_search_by_name_assets_7huehug_
2025-11-11 09:22:06 - facturacion_facil.producto_autocomplete - WARNING - producto_autocomplete.py:74 - Error obteniendo stock para producto 1: type object 'Stock' has no attribute 'get_by_producto_id'
2025-11-11 09:22:06 - facturacion_facil.producto_autocomplete - WARNING - producto_autocomplete.py:74 - Error obteniendo stock para producto 2: type object 'Stock' has no attribute 'get_by_producto_id'
2025-11-11 09:22:06 - facturacion_facil.producto_autocomplete - WARNING - producto_autocomplete.py:74 - Error obteniendo stock para producto 3: type object 'Stock' has no attribute 'get_by_producto_id'
2025-11-11 09:22:06 - facturacion_facil.autocomplete_entry - DEBUG - autocomplete_entry.py:118 - Configurados 3 elementos para autocompletado
2025-11-11 09:22:06 - facturacion_facil.producto_autocomplete - INFO - producto_autocomplete.py:99 - Cargados 3 productos para autocompletado
2025-11-11 09:22:06 - facturacion_facil.autocomplete_entry - DEBUG - autocomplete_entry.py:150 - Filtradas 1 sugerencias para 'laptop'
2025-11-11 09:22:06 - facturacion_facil.test_database_manager - DEBUG - test_database_manager.py:98 - Base de données supprimée: test_test_search_by_name_tirv_cq3.db
2025-11-11 09:22:06 - facturacion_facil.test_database_manager - DEBUG - test_database_manager.py:109 - Répertoire supprimé: test_test_search_by_name_assets_7huehug_
2025-11-11 09:22:06 - facturacion_facil.test_database_manager - DEBUG - test_database_manager.py:53 - Base de données de test créée: test_test_search_by_reference_b8cmn_6j.db
2025-11-11 09:22:06 - facturacion_facil.test_database_manager - DEBUG - test_database_manager.py:78 - Répertoire de test créé: test_test_search_by_reference_assets_1i7mxwot
2025-11-11 09:22:06 - facturacion_facil.producto_autocomplete - WARNING - producto_autocomplete.py:74 - Error obteniendo stock para producto 1: type object 'Stock' has no attribute 'get_by_producto_id'
2025-11-11 09:22:06 - facturacion_facil.producto_autocomplete - WARNING - producto_autocomplete.py:74 - Error obteniendo stock para producto 2: type object 'Stock' has no attribute 'get_by_producto_id'
2025-11-11 09:22:06 - facturacion_facil.producto_autocomplete - WARNING - producto_autocomplete.py:74 - Error obteniendo stock para producto 3: type object 'Stock' has no attribute 'get_by_producto_id'
2025-11-11 09:22:06 - facturacion_facil.autocomplete_entry - DEBUG - autocomplete_entry.py:118 - Configurados 3 elementos para autocompletado
2025-11-11 09:22:06 - facturacion_facil.producto_autocomplete - INFO - producto_autocomplete.py:99 - Cargados 3 productos para autocompletado
2025-11-11 09:22:06 - facturacion_facil.autocomplete_entry - DEBUG - autocomplete_entry.py:150 - Filtradas 1 sugerencias para 'LOG'
2025-11-11 09:22:06 - facturacion_facil.test_database_manager - DEBUG - test_database_manager.py:98 - Base de données supprimée: test_test_search_by_reference_b8cmn_6j.db
2025-11-11 09:22:06 - facturacion_facil.test_database_manager - DEBUG - test_database_manager.py:109 - Répertoire supprimé: test_test_search_by_reference_assets_1i7mxwot
2025-11-11 09:22:06 - facturacion_facil.test_database_manager - DEBUG - test_database_manager.py:53 - Base de données de test créée: test_test_search_by_category_uhta68qb.db
2025-11-11 09:22:06 - facturacion_facil.test_database_manager - DEBUG - test_database_manager.py:78 - Répertoire de test créé: test_test_search_by_category_assets_gy_1y1rp
2025-11-11 09:22:06 - facturacion_facil.producto_autocomplete - WARNING - producto_autocomplete.py:74 - Error obteniendo stock para producto 1: type object 'Stock' has no attribute 'get_by_producto_id'
2025-11-11 09:22:06 - facturacion_facil.producto_autocomplete - WARNING - producto_autocomplete.py:74 - Error obteniendo stock para producto 2: type object 'Stock' has no attribute 'get_by_producto_id'
2025-11-11 09:22:06 - facturacion_facil.producto_autocomplete - WARNING - producto_autocomplete.py:74 - Error obteniendo stock para producto 3: type object 'Stock' has no attribute 'get_by_producto_id'
2025-11-11 09:22:06 - facturacion_facil.autocomplete_entry - DEBUG - autocomplete_entry.py:118 - Configurados 3 elementos para autocompletado
2025-11-11 09:22:06 - facturacion_facil.producto_autocomplete - INFO - producto_autocomplete.py:99 - Cargados 3 productos para autocompletado
2025-11-11 09:22:06 - facturacion_facil.autocomplete_entry - DEBUG - autocomplete_entry.py:150 - Filtradas 2 sugerencias para 'Periféricos'
2025-11-11 09:22:06 - facturacion_facil.test_database_manager - DEBUG - test_database_manager.py:98 - Base de données supprimée: test_test_search_by_category_uhta68qb.db
2025-11-11 09:22:06 - facturacion_facil.test_database_manager - DEBUG - test_database_manager.py:109 - Répertoire supprimé: test_test_search_by_category_assets_gy_1y1rp
2025-11-11 09:22:06 - facturacion_facil.test_database_manager - DEBUG - test_database_manager.py:53 - Base de données de test créée: test_test_case_insensitive_search_u4kpc0li.db
2025-11-11 09:22:06 - facturacion_facil.test_database_manager - DEBUG - test_database_manager.py:78 - Répertoire de test créé: test_test_case_insensitive_search_assets_g31bxwio
2025-11-11 09:22:06 - facturacion_facil.producto_autocomplete - WARNING - producto_autocomplete.py:74 - Error obteniendo stock para producto 1: type object 'Stock' has no attribute 'get_by_producto_id'
2025-11-11 09:22:06 - facturacion_facil.producto_autocomplete - WARNING - producto_autocomplete.py:74 - Error obteniendo stock para producto 2: type object 'Stock' has no attribute 'get_by_producto_id'
2025-11-11 09:22:06 - facturacion_facil.producto_autocomplete - WARNING - producto_autocomplete.py:74 - Error obteniendo stock para producto 3: type object 'Stock' has no attribute 'get_by_producto_id'
2025-11-11 09:22:06 - facturacion_facil.autocomplete_entry - DEBUG - autocomplete_entry.py:118 - Configurados 3 elementos para autocompletado
2025-11-11 09:22:06 - facturacion_facil.producto_autocomplete - INFO - producto_autocomplete.py:99 - Cargados 3 productos para autocompletado
2025-11-11 09:22:06 - facturacion_facil.autocomplete_entry - DEBUG - autocomplete_entry.py:150 - Filtradas 1 sugerencias para 'dell'
2025-11-11 09:22:06 - facturacion_facil.autocomplete_entry - DEBUG - autocomplete_entry.py:150 - Filtradas 1 sugerencias para 'DELL'
2025-11-11 09:22:06 - facturacion_facil.autocomplete_entry - DEBUG - autocomplete_entry.py:150 - Filtradas 1 sugerencias para 'DeLl'
2025-11-11 09:22:06 - facturacion_facil.test_database_manager - DEBUG - test_database_manager.py:98 - Base de données supprimée: test_test_case_insensitive_search_u4kpc0li.db
2025-11-11 09:22:06 - facturacion_facil.test_database_manager - DEBUG - test_database_manager.py:109 - Répertoire supprimé: test_test_case_insensitive_search_assets_g31bxwio
2025-11-11 09:22:06 - facturacion_facil.test_database_manager - DEBUG - test_database_manager.py:53 - Base de données de test créée: test_test_min_chars_filter_9hy2wsa6.db
2025-11-11 09:22:06 - facturacion_facil.test_database_manager - DEBUG - test_database_manager.py:78 - Répertoire de test créé: test_test_min_chars_filter_assets_d2shq3e5
2025-11-11 09:22:06 - facturacion_facil.producto_autocomplete - WARNING - producto_autocomplete.py:74 - Error obteniendo stock para producto 1: type object 'Stock' has no attribute 'get_by_producto_id'
2025-11-11 09:22:06 - facturacion_facil.producto_autocomplete - WARNING - producto_autocomplete.py:74 - Error obteniendo stock para producto 2: type object 'Stock' has no attribute 'get_by_producto_id'
2025-11-11 09:22:06 - facturacion_facil.producto_autocomplete - WARNING - producto_autocomplete.py:74 - Error obteniendo stock para producto 3: type object 'Stock' has no attribute 'get_by_producto_id'
2025-11-11 09:22:06 - facturacion_facil.autocomplete_entry - DEBUG - autocomplete_entry.py:118 - Configurados 3 elementos para autocompletado
2025-11-11 09:22:06 - facturacion_facil.producto_autocomplete - INFO - producto_autocomplete.py:99 - Cargados 3 productos para autocompletado
2025-11-11 09:22:06 - facturacion_facil.autocomplete_entry - DEBUG - autocomplete_entry.py:150 - Filtradas 1 sugerencias para 'del'
2025-11-11 09:22:06 - facturacion_facil.test_database_manager - DEBUG - test_database_manager.py:98 - Base de données supprimée: test_test_min_chars_filter_9hy2wsa6.db
2025-11-11 09:22:06 - facturacion_facil.test_database_manager - DEBUG - test_database_manager.py:109 - Répertoire supprimé: test_test_min_chars_filter_assets_d2shq3e5
2025-11-11 09:22:06 - facturacion_facil.test_database_manager - DEBUG - test_database_manager.py:53 - Base de données de test créée: test_test_max_suggestions_limit_jn5flcqw.db
2025-11-11 09:22:06 - facturacion_facil.test_database_manager - DEBUG - test_database_manager.py:78 - Répertoire de test créé: test_test_max_suggestions_limit_assets_r1kq499s
2025-11-11 09:22:06 - facturacion_facil.producto_autocomplete - WARNING - producto_autocomplete.py:74 - Error obteniendo stock para producto 1: type object 'Stock' has no attribute 'get_by_producto_id'
2025-11-11 09:22:06 - facturacion_facil.producto_autocomplete - WARNING - producto_autocomplete.py:74 - Error obteniendo stock para producto 2: type object 'Stock' has no attribute 'get_by_producto_id'
2025-11-11 09:22:06 - facturacion_facil.producto_autocomplete - WARNING - producto_autocomplete.py:74 - Error obteniendo stock para producto 3: type object 'Stock' has no attribute 'get_by_producto_id'
2025-11-11 09:22:06 - facturacion_facil.autocomplete_entry - DEBUG - autocomplete_entry.py:118 - Configurados 3 elementos para autocompletado
2025-11-11 09:22:06 - facturacion_facil.producto_autocomplete - INFO - producto_autocomplete.py:99 - Cargados 3 productos para autocompletado
2025-11-11 09:22:06 - facturacion_facil.producto_autocomplete - INFO - producto_autocomplete.py:163 - Refrescando datos de productos...
2025-11-11 09:22:06 - facturacion_facil.producto_autocomplete - WARNING - producto_autocomplete.py:74 - Error obteniendo stock para producto 1: type object 'Stock' has no attribute 'get_by_producto_id'
2025-11-11 09:22:06 - facturacion_facil.producto_autocomplete - WARNING - producto_autocomplete.py:74 - Error obteniendo stock para producto 2: type object 'Stock' has no attribute 'get_by_producto_id'
2025-11-11 09:22:06 - facturacion_facil.producto_autocomplete - WARNING - producto_autocomplete.py:74 - Error obteniendo stock para producto 4: type object 'Stock' has no attribute 'get_by_producto_id'
2025-11-11 09:22:06 - facturacion_facil.producto_autocomplete - WARNING - producto_autocomplete.py:74 - Error obteniendo stock para producto 5: type object 'Stock' has no attribute 'get_by_producto_id'
2025-11-11 09:22:06 - facturacion_facil.producto_autocomplete - WARNING - producto_autocomplete.py:74 - Error obteniendo stock para producto 6: type object 'Stock' has no attribute 'get_by_producto_id'
2025-11-11 09:22:06 - facturacion_facil.producto_autocomplete - WARNING - producto_autocomplete.py:74 - Error obteniendo stock para producto 7: type object 'Stock' has no attribute 'get_by_producto_id'
2025-11-11 09:22:06 - facturacion_facil.producto_autocomplete - WARNING - producto_autocomplete.py:74 - Error obteniendo stock para producto 8: type object 'Stock' has no attribute 'get_by_producto_id'
2025-11-11 09:22:06 - facturacion_facil.producto_autocomplete - WARNING - producto_autocomplete.py:74 - Error obteniendo stock para producto 3: type object 'Stock' has no attribute 'get_by_producto_id'
2025-11-11 09:22:06 - facturacion_facil.autocomplete_entry - DEBUG - autocomplete_entry.py:118 - Configurados 8 elementos para autocompletado
2025-11-11 09:22:06 - facturacion_facil.producto_autocomplete - INFO - producto_autocomplete.py:99 - Cargados 8 productos para autocompletado
2025-11-11 09:22:06 - facturacion_facil.autocomplete_entry - DEBUG - autocomplete_entry.py:150 - Filtradas 2 sugerencias para 'Test'
2025-11-11 09:22:06 - facturacion_facil.test_database_manager - DEBUG - test_database_manager.py:98 - Base de données supprimée: test_test_max_suggestions_limit_jn5flcqw.db
2025-11-11 09:22:06 - facturacion_facil.test_database_manager - DEBUG - test_database_manager.py:109 - Répertoire supprimé: test_test_max_suggestions_limit_assets_r1kq499s
2025-11-11 09:22:06 - facturacion_facil.test_database_manager - DEBUG - test_database_manager.py:53 - Base de données de test créée: test_test_selection_by_id_u287bsrn.db
2025-11-11 09:22:06 - facturacion_facil.test_database_manager - DEBUG - test_database_manager.py:78 - Répertoire de test créé: test_test_selection_by_id_assets_z41dk9r4
2025-11-11 09:22:06 - facturacion_facil.producto_autocomplete - WARNING - producto_autocomplete.py:74 - Error obteniendo stock para producto 1: type object 'Stock' has no attribute 'get_by_producto_id'
2025-11-11 09:22:06 - facturacion_facil.producto_autocomplete - WARNING - producto_autocomplete.py:74 - Error obteniendo stock para producto 2: type object 'Stock' has no attribute 'get_by_producto_id'
2025-11-11 09:22:06 - facturacion_facil.producto_autocomplete - WARNING - producto_autocomplete.py:74 - Error obteniendo stock para producto 3: type object 'Stock' has no attribute 'get_by_producto_id'
2025-11-11 09:22:06 - facturacion_facil.autocomplete_entry - DEBUG - autocomplete_entry.py:118 - Configurados 3 elementos para autocompletado
2025-11-11 09:22:06 - facturacion_facil.producto_autocomplete - INFO - producto_autocomplete.py:99 - Cargados 3 productos para autocompletado
2025-11-11 09:22:06 - facturacion_facil.producto_autocomplete - INFO - producto_autocomplete.py:232 - Producto establecido por ID: 1
2025-11-11 09:22:06 - facturacion_facil.test_database_manager - DEBUG - test_database_manager.py:98 - Base de données supprimée: test_test_selection_by_id_u287bsrn.db
2025-11-11 09:22:06 - facturacion_facil.test_database_manager - DEBUG - test_database_manager.py:109 - Répertoire supprimé: test_test_selection_by_id_assets_z41dk9r4
2025-11-11 09:22:06 - facturacion_facil.test_database_manager - DEBUG - test_database_manager.py:53 - Base de données de test créée: test_test_selection_by_reference_w38ehd6y.db
2025-11-11 09:22:06 - facturacion_facil.test_database_manager - DEBUG - test_database_manager.py:78 - Répertoire de test créé: test_test_selection_by_reference_assets_xpcd7e8s
2025-11-11 09:22:06 - facturacion_facil.producto_autocomplete - WARNING - producto_autocomplete.py:74 - Error obteniendo stock para producto 1: type object 'Stock' has no attribute 'get_by_producto_id'
2025-11-11 09:22:06 - facturacion_facil.producto_autocomplete - WARNING - producto_autocomplete.py:74 - Error obteniendo stock para producto 2: type object 'Stock' has no attribute 'get_by_producto_id'
2025-11-11 09:22:06 - facturacion_facil.producto_autocomplete - WARNING - producto_autocomplete.py:74 - Error obteniendo stock para producto 3: type object 'Stock' has no attribute 'get_by_producto_id'
2025-11-11 09:22:06 - facturacion_facil.autocomplete_entry - DEBUG - autocomplete_entry.py:118 - Configurados 3 elementos para autocompletado
2025-11-11 09:22:06 - facturacion_facil.producto_autocomplete - INFO - producto_autocomplete.py:99 - Cargados 3 productos para autocompletado
2025-11-11 09:22:06 - facturacion_facil.producto_autocomplete - INFO - producto_autocomplete.py:255 - Producto establecido por referencia: LOG001
2025-11-11 09:22:06 - facturacion_facil.test_database_manager - DEBUG - test_database_manager.py:98 - Base de données supprimée: test_test_selection_by_reference_w38ehd6y.db
2025-11-11 09:22:06 - facturacion_facil.test_database_manager - DEBUG - test_database_manager.py:109 - Répertoire supprimé: test_test_selection_by_reference_assets_xpcd7e8s
2025-11-11 09:22:06 - facturacion_facil.test_database_manager - DEBUG - test_database_manager.py:53 - Base de données de test créée: test_test_validation_k61vqks5.db
2025-11-11 09:22:06 - facturacion_facil.test_database_manager - DEBUG - test_database_manager.py:78 - Répertoire de test créé: test_test_validation_assets_uuuiyyki
2025-11-11 09:22:06 - facturacion_facil.producto_autocomplete - WARNING - producto_autocomplete.py:74 - Error obteniendo stock para producto 1: type object 'Stock' has no attribute 'get_by_producto_id'
2025-11-11 09:22:06 - facturacion_facil.producto_autocomplete - WARNING - producto_autocomplete.py:74 - Error obteniendo stock para producto 2: type object 'Stock' has no attribute 'get_by_producto_id'
2025-11-11 09:22:06 - facturacion_facil.producto_autocomplete - WARNING - producto_autocomplete.py:74 - Error obteniendo stock para producto 3: type object 'Stock' has no attribute 'get_by_producto_id'
2025-11-11 09:22:06 - facturacion_facil.autocomplete_entry - DEBUG - autocomplete_entry.py:118 - Configurados 3 elementos para autocompletado
2025-11-11 09:22:06 - facturacion_facil.producto_autocomplete - INFO - producto_autocomplete.py:99 - Cargados 3 productos para autocompletado
2025-11-11 09:22:06 - facturacion_facil.producto_autocomplete - INFO - producto_autocomplete.py:232 - Producto establecido por ID: 1
2025-11-11 09:22:06 - facturacion_facil.test_database_manager - DEBUG - test_database_manager.py:98 - Base de données supprimée: test_test_validation_k61vqks5.db
2025-11-11 09:22:06 - facturacion_facil.test_database_manager - DEBUG - test_database_manager.py:109 - Répertoire supprimé: test_test_validation_assets_uuuiyyki
2025-11-11 09:22:06 - facturacion_facil.test_database_manager - DEBUG - test_database_manager.py:53 - Base de données de test créée: test_test_clear_selection_zhybyulq.db
2025-11-11 09:22:06 - facturacion_facil.test_database_manager - DEBUG - test_database_manager.py:78 - Répertoire de test créé: test_test_clear_selection_assets_tga78_f2
2025-11-11 09:22:06 - facturacion_facil.producto_autocomplete - WARNING - producto_autocomplete.py:74 - Error obteniendo stock para producto 1: type object 'Stock' has no attribute 'get_by_producto_id'
2025-11-11 09:22:06 - facturacion_facil.producto_autocomplete - WARNING - producto_autocomplete.py:74 - Error obteniendo stock para producto 2: type object 'Stock' has no attribute 'get_by_producto_id'
2025-11-11 09:22:06 - facturacion_facil.producto_autocomplete - WARNING - producto_autocomplete.py:74 - Error obteniendo stock para producto 3: type object 'Stock' has no attribute 'get_by_producto_id'
2025-11-11 09:22:06 - facturacion_facil.autocomplete_entry - DEBUG - autocomplete_entry.py:118 - Configurados 3 elementos para autocompletado
2025-11-11 09:22:06 - facturacion_facil.producto_autocomplete - INFO - producto_autocomplete.py:99 - Cargados 3 productos para autocompletado
2025-11-11 09:22:06 - facturacion_facil.producto_autocomplete - INFO - producto_autocomplete.py:232 - Producto establecido por ID: 1
2025-11-11 09:22:06 - facturacion_facil.test_database_manager - DEBUG - test_database_manager.py:98 - Base de données supprimée: test_test_clear_selection_zhybyulq.db
2025-11-11 09:22:06 - facturacion_facil.test_database_manager - DEBUG - test_database_manager.py:109 - Répertoire supprimé: test_test_clear_selection_assets_tga78_f2
2025-11-11 09:22:06 - facturacion_facil.test_database_manager - DEBUG - test_database_manager.py:53 - Base de données de test créée: test_test_refresh_data_zrjobsgf.db
2025-11-11 09:22:06 - facturacion_facil.test_database_manager - DEBUG - test_database_manager.py:78 - Répertoire de test créé: test_test_refresh_data_assets_34i_rm13
2025-11-11 09:22:06 - facturacion_facil.producto_autocomplete - WARNING - producto_autocomplete.py:74 - Error obteniendo stock para producto 1: type object 'Stock' has no attribute 'get_by_producto_id'
2025-11-11 09:22:06 - facturacion_facil.producto_autocomplete - WARNING - producto_autocomplete.py:74 - Error obteniendo stock para producto 2: type object 'Stock' has no attribute 'get_by_producto_id'
2025-11-11 09:22:06 - facturacion_facil.producto_autocomplete - WARNING - producto_autocomplete.py:74 - Error obteniendo stock para producto 3: type object 'Stock' has no attribute 'get_by_producto_id'
2025-11-11 09:22:06 - facturacion_facil.autocomplete_entry - DEBUG - autocomplete_entry.py:118 - Configurados 3 elementos para autocompletado
2025-11-11 09:22:06 - facturacion_facil.producto_autocomplete - INFO - producto_autocomplete.py:99 - Cargados 3 productos para autocompletado
2025-11-11 09:22:06 - facturacion_facil.producto_autocomplete - INFO - producto_autocomplete.py:163 - Refrescando datos de productos...
2025-11-11 09:22:06 - facturacion_facil.producto_autocomplete - WARNING - producto_autocomplete.py:74 - Error obteniendo stock para producto 1: type object 'Stock' has no attribute 'get_by_producto_id'
2025-11-11 09:22:06 - facturacion_facil.producto_autocomplete - WARNING - producto_autocomplete.py:74 - Error obteniendo stock para producto 2: type object 'Stock' has no attribute 'get_by_producto_id'
2025-11-11 09:22:06 - facturacion_facil.producto_autocomplete - WARNING - producto_autocomplete.py:74 - Error obteniendo stock para producto 4: type object 'Stock' has no attribute 'get_by_producto_id'
2025-11-11 09:22:06 - facturacion_facil.producto_autocomplete - WARNING - producto_autocomplete.py:74 - Error obteniendo stock para producto 3: type object 'Stock' has no attribute 'get_by_producto_id'
2025-11-11 09:22:06 - facturacion_facil.autocomplete_entry - DEBUG - autocomplete_entry.py:118 - Configurados 4 elementos para autocompletado
2025-11-11 09:22:06 - facturacion_facil.producto_autocomplete - INFO - producto_autocomplete.py:99 - Cargados 4 productos para autocompletado
2025-11-11 09:22:06 - facturacion_facil.autocomplete_entry - DEBUG - autocomplete_entry.py:150 - Filtradas 1 sugerencias para 'Nuevo'
2025-11-11 09:22:06 - facturacion_facil.test_database_manager - DEBUG - test_database_manager.py:98 - Base de données supprimée: test_test_refresh_data_zrjobsgf.db
2025-11-11 09:22:06 - facturacion_facil.test_database_manager - DEBUG - test_database_manager.py:109 - Répertoire supprimé: test_test_refresh_data_assets_34i_rm13
2025-11-11 09:22:06 - facturacion_facil.test_database_manager - DEBUG - test_database_manager.py:53 - Base de données de test créée: test_test_callback_execution_l5fw5tbn.db
2025-11-11 09:22:06 - facturacion_facil.test_database_manager - DEBUG - test_database_manager.py:78 - Répertoire de test créé: test_test_callback_execution_assets_gt3szykh
2025-11-11 09:22:06 - facturacion_facil.producto_autocomplete - WARNING - producto_autocomplete.py:74 - Error obteniendo stock para producto 1: type object 'Stock' has no attribute 'get_by_producto_id'
2025-11-11 09:22:06 - facturacion_facil.producto_autocomplete - WARNING - producto_autocomplete.py:74 - Error obteniendo stock para producto 2: type object 'Stock' has no attribute 'get_by_producto_id'
2025-11-11 09:22:06 - facturacion_facil.producto_autocomplete - WARNING - producto_autocomplete.py:74 - Error obteniendo stock para producto 3: type object 'Stock' has no attribute 'get_by_producto_id'
2025-11-11 09:22:06 - facturacion_facil.autocomplete_entry - DEBUG - autocomplete_entry.py:118 - Configurados 3 elementos para autocompletado
2025-11-11 09:22:06 - facturacion_facil.producto_autocomplete - INFO - producto_autocomplete.py:99 - Cargados 3 productos para autocompletado
2025-11-11 09:22:06 - facturacion_facil.producto_autocomplete - INFO - producto_autocomplete.py:232 - Producto establecido por ID: 1
2025-11-11 09:22:06 - facturacion_facil.test_database_manager - DEBUG - test_database_manager.py:98 - Base de données supprimée: test_test_callback_execution_l5fw5tbn.db
2025-11-11 09:22:06 - facturacion_facil.test_database_manager - DEBUG - test_database_manager.py:109 - Répertoire supprimé: test_test_callback_execution_assets_gt3szykh
2025-11-11 09:22:06 - facturacion_facil.test_database_manager - DEBUG - test_database_manager.py:53 - Base de données de test créée: test_test_display_text_format_pz7gx3kq.db
2025-11-11 09:22:06 - facturacion_facil.test_database_manager - DEBUG - test_database_manager.py:78 - Répertoire de test créé: test_test_display_text_format_assets_e4u4vhtp
2025-11-11 09:22:07 - facturacion_facil.producto_autocomplete - WARNING - producto_autocomplete.py:74 - Error obteniendo stock para producto 1: type object 'Stock' has no attribute 'get_by_producto_id'
2025-11-11 09:22:07 - facturacion_facil.producto_autocomplete - WARNING - producto_autocomplete.py:74 - Error obteniendo stock para producto 2: type object 'Stock' has no attribute 'get_by_producto_id'
2025-11-11 09:22:07 - facturacion_facil.producto_autocomplete - WARNING - producto_autocomplete.py:74 - Error obteniendo stock para producto 3: type object 'Stock' has no attribute 'get_by_producto_id'
2025-11-11 09:22:07 - facturacion_facil.autocomplete_entry - DEBUG - autocomplete_entry.py:118 - Configurados 3 elementos para autocompletado
2025-11-11 09:22:07 - facturacion_facil.producto_autocomplete - INFO - producto_autocomplete.py:99 - Cargados 3 productos para autocompletado
2025-11-11 09:22:07 - facturacion_facil.test_database_manager - DEBUG - test_database_manager.py:98 - Base de données supprimée: test_test_display_text_format_pz7gx3kq.db
2025-11-11 09:22:07 - facturacion_facil.test_database_manager - DEBUG - test_database_manager.py:109 - Répertoire supprimé: test_test_display_text_format_assets_e4u4vhtp
2025-11-11 09:22:07 - facturacion_facil.test_database_manager - DEBUG - test_database_manager.py:53 - Base de données de test créée: test_test_nuevo_producto_bzn5xo_0.db
2025-11-11 09:22:07 - facturacion_facil.test_database_manager - DEBUG - test_database_manager.py:78 - Répertoire de test créé: test_test_nuevo_producto_assets_g9dk_3cd
2025-11-11 09:22:07 - facturacion_facil.productos - INFO - productos.py:28 - Inicializando ventana de gestión de productos
2025-11-11 09:22:07 - facturacion_facil.productos - DEBUG - productos.py:60 - Comportamiento de scrolling configurado
2025-11-11 09:22:07 - facturacion_facil.productos - DEBUG - productos.py:117 - Scroll de rueda del ratón configurado para todos los widgets
2025-11-11 09:22:07 - facturacion_facil.productos - INFO - productos.py:46 - Ventana de productos inicializada correctamente con scrolling habilitado
2025-11-11 09:22:07 - facturacion_facil.test_database_manager - DEBUG - test_database_manager.py:98 - Base de données supprimée: test_test_nuevo_producto_bzn5xo_0.db
2025-11-11 09:22:07 - facturacion_facil.test_database_manager - DEBUG - test_database_manager.py:109 - Répertoire supprimé: test_test_nuevo_producto_assets_g9dk_3cd
2025-11-11 09:22:07 - facturacion_facil.test_database_manager - DEBUG - test_database_manager.py:53 - Base de données de test créée: test_test_limpiar_formulario_8l3u3f4_.db
2025-11-11 09:22:07 - facturacion_facil.test_database_manager - DEBUG - test_database_manager.py:78 - Répertoire de test créé: test_test_limpiar_formulario_assets_qowptw3t
2025-11-11 09:22:07 - facturacion_facil.productos - INFO - productos.py:28 - Inicializando ventana de gestión de productos
2025-11-11 09:22:07 - facturacion_facil.productos - DEBUG - productos.py:60 - Comportamiento de scrolling configurado
2025-11-11 09:22:07 - facturacion_facil.productos - DEBUG - productos.py:117 - Scroll de rueda del ratón configurado para todos los widgets
2025-11-11 09:22:07 - facturacion_facil.productos - INFO - productos.py:46 - Ventana de productos inicializada correctamente con scrolling habilitado
2025-11-11 09:22:07 - facturacion_facil.test_database_manager - DEBUG - test_database_manager.py:98 - Base de données supprimée: test_test_limpiar_formulario_8l3u3f4_.db
2025-11-11 09:22:07 - facturacion_facil.test_database_manager - DEBUG - test_database_manager.py:109 - Répertoire supprimé: test_test_limpiar_formulario_assets_qowptw3t
2025-11-11 09:22:07 - facturacion_facil.test_database_manager - DEBUG - test_database_manager.py:53 - Base de données de test créée: test_test_validate_form_valid_data_a93d_k2j.db
2025-11-11 09:22:07 - facturacion_facil.test_database_manager - DEBUG - test_database_manager.py:78 - Répertoire de test créé: test_test_validate_form_valid_data_assets_i6l8yb5s
2025-11-11 09:22:07 - facturacion_facil.productos - INFO - productos.py:28 - Inicializando ventana de gestión de productos
2025-11-11 09:22:07 - facturacion_facil.productos - DEBUG - productos.py:60 - Comportamiento de scrolling configurado
2025-11-11 09:22:07 - facturacion_facil.productos - DEBUG - productos.py:117 - Scroll de rueda del ratón configurado para todos los widgets
2025-11-11 09:22:07 - facturacion_facil.productos - INFO - productos.py:46 - Ventana de productos inicializada correctamente con scrolling habilitado
2025-11-11 09:22:07 - facturacion_facil.productos - DEBUG - productos.py:713 - Iniciando validación del formulario
2025-11-11 09:22:07 - facturacion_facil.productos - DEBUG - productos.py:747 - Validación completada. Errores encontrados: 0
2025-11-11 09:22:07 - facturacion_facil.test_database_manager - DEBUG - test_database_manager.py:98 - Base de données supprimée: test_test_validate_form_valid_data_a93d_k2j.db
2025-11-11 09:22:07 - facturacion_facil.test_database_manager - DEBUG - test_database_manager.py:109 - Répertoire supprimé: test_test_validate_form_valid_data_assets_i6l8yb5s
2025-11-11 09:22:07 - facturacion_facil.test_database_manager - DEBUG - test_database_manager.py:53 - Base de données de test créée: test_test_validate_form_empty_nombre_tjkmzgyg.db
2025-11-11 09:22:07 - facturacion_facil.test_database_manager - DEBUG - test_database_manager.py:78 - Répertoire de test créé: test_test_validate_form_empty_nombre_assets_4kmeyms6
2025-11-11 09:22:07 - facturacion_facil.productos - INFO - productos.py:28 - Inicializando ventana de gestión de productos
2025-11-11 09:22:07 - facturacion_facil.productos - DEBUG - productos.py:60 - Comportamiento de scrolling configurado
2025-11-11 09:22:07 - facturacion_facil.productos - DEBUG - productos.py:117 - Scroll de rueda del ratón configurado para todos los widgets
2025-11-11 09:22:07 - facturacion_facil.productos - INFO - productos.py:46 - Ventana de productos inicializada correctamente con scrolling habilitado
2025-11-11 09:22:07 - facturacion_facil.productos - DEBUG - productos.py:713 - Iniciando validación del formulario
2025-11-11 09:22:07 - facturacion_facil.productos - DEBUG - productos.py:719 - Error: Nombre vacío
2025-11-11 09:22:07 - facturacion_facil.productos - DEBUG - productos.py:747 - Validación completada. Errores encontrados: 1
2025-11-11 09:22:07 - facturacion_facil.test_database_manager - DEBUG - test_database_manager.py:98 - Base de données supprimée: test_test_validate_form_empty_nombre_tjkmzgyg.db
2025-11-11 09:22:07 - facturacion_facil.test_database_manager - DEBUG - test_database_manager.py:109 - Répertoire supprimé: test_test_validate_form_empty_nombre_assets_4kmeyms6
2025-11-11 09:22:07 - facturacion_facil.test_database_manager - DEBUG - test_database_manager.py:53 - Base de données de test créée: test_test_validate_form_empty_referencia_nor30hsy.db
2025-11-11 09:22:07 - facturacion_facil.test_database_manager - DEBUG - test_database_manager.py:78 - Répertoire de test créé: test_test_validate_form_empty_referencia_assets_13bql7vf
2025-11-11 09:22:07 - facturacion_facil.productos - INFO - productos.py:28 - Inicializando ventana de gestión de productos
2025-11-11 09:22:07 - facturacion_facil.productos - DEBUG - productos.py:60 - Comportamiento de scrolling configurado
2025-11-11 09:22:07 - facturacion_facil.productos - DEBUG - productos.py:117 - Scroll de rueda del ratón configurado para todos los widgets
2025-11-11 09:22:07 - facturacion_facil.productos - INFO - productos.py:46 - Ventana de productos inicializada correctamente con scrolling habilitado
2025-11-11 09:22:07 - facturacion_facil.productos - DEBUG - productos.py:713 - Iniciando validación del formulario
2025-11-11 09:22:07 - facturacion_facil.productos - DEBUG - productos.py:725 - Error: Referencia vacía
2025-11-11 09:22:07 - facturacion_facil.productos - DEBUG - productos.py:747 - Validación completada. Errores encontrados: 1
2025-11-11 09:22:07 - facturacion_facil.test_database_manager - DEBUG - test_database_manager.py:98 - Base de données supprimée: test_test_validate_form_empty_referencia_nor30hsy.db
2025-11-11 09:22:07 - facturacion_facil.test_database_manager - DEBUG - test_database_manager.py:109 - Répertoire supprimé: test_test_validate_form_empty_referencia_assets_13bql7vf
2025-11-11 09:22:07 - facturacion_facil.test_database_manager - DEBUG - test_database_manager.py:53 - Base de données de test créée: test_test_validate_form_invalid_precio_awgj9mgz.db
2025-11-11 09:22:07 - facturacion_facil.test_database_manager - DEBUG - test_database_manager.py:78 - Répertoire de test créé: test_test_validate_form_invalid_precio_assets_l_iz19qc
2025-11-11 09:22:07 - facturacion_facil.productos - INFO - productos.py:28 - Inicializando ventana de gestión de productos
2025-11-11 09:22:07 - facturacion_facil.productos - DEBUG - productos.py:60 - Comportamiento de scrolling configurado
2025-11-11 09:22:07 - facturacion_facil.productos - DEBUG - productos.py:117 - Scroll de rueda del ratón configurado para todos los widgets
2025-11-11 09:22:07 - facturacion_facil.productos - INFO - productos.py:46 - Ventana de productos inicializada correctamente con scrolling habilitado
2025-11-11 09:22:07 - facturacion_facil.productos - DEBUG - productos.py:713 - Iniciando validación del formulario
2025-11-11 09:22:07 - facturacion_facil.productos - DEBUG - productos.py:735 - Error: Precio inválido: invalid_price
2025-11-11 09:22:07 - facturacion_facil.productos - DEBUG - productos.py:747 - Validación completada. Errores encontrados: 1
2025-11-11 09:22:07 - facturacion_facil.test_database_manager - DEBUG - test_database_manager.py:98 - Base de données supprimée: test_test_validate_form_invalid_precio_awgj9mgz.db
2025-11-11 09:22:07 - facturacion_facil.test_database_manager - DEBUG - test_database_manager.py:109 - Répertoire supprimé: test_test_validate_form_invalid_precio_assets_l_iz19qc
2025-11-11 09:22:07 - facturacion_facil.test_database_manager - DEBUG - test_database_manager.py:53 - Base de données de test créée: test_test_validate_form_negative_precio_k35ni2e4.db
2025-11-11 09:22:07 - facturacion_facil.test_database_manager - DEBUG - test_database_manager.py:78 - Répertoire de test créé: test_test_validate_form_negative_precio_assets_te_2663y
2025-11-11 09:22:07 - facturacion_facil.productos - INFO - productos.py:28 - Inicializando ventana de gestión de productos
2025-11-11 09:22:07 - facturacion_facil.productos - DEBUG - productos.py:60 - Comportamiento de scrolling configurado
2025-11-11 09:22:07 - facturacion_facil.productos - DEBUG - productos.py:117 - Scroll de rueda del ratón configurado para todos los widgets
2025-11-11 09:22:07 - facturacion_facil.productos - INFO - productos.py:46 - Ventana de productos inicializada correctamente con scrolling habilitado
2025-11-11 09:22:07 - facturacion_facil.productos - DEBUG - productos.py:713 - Iniciando validación del formulario
2025-11-11 09:22:07 - facturacion_facil.productos - DEBUG - productos.py:732 - Error: Precio negativo: -10.5
2025-11-11 09:22:07 - facturacion_facil.productos - DEBUG - productos.py:747 - Validación completada. Errores encontrados: 1
2025-11-11 09:22:07 - facturacion_facil.test_database_manager - DEBUG - test_database_manager.py:98 - Base de données supprimée: test_test_validate_form_negative_precio_k35ni2e4.db
2025-11-11 09:22:07 - facturacion_facil.test_database_manager - DEBUG - test_database_manager.py:109 - Répertoire supprimé: test_test_validate_form_negative_precio_assets_te_2663y
2025-11-11 09:22:07 - facturacion_facil.test_database_manager - DEBUG - test_database_manager.py:53 - Base de données de test créée: test_test_validate_form_invalid_iva_2dp3uvpx.db
2025-11-11 09:22:07 - facturacion_facil.test_database_manager - DEBUG - test_database_manager.py:78 - Répertoire de test créé: test_test_validate_form_invalid_iva_assets_zzw9bno5
2025-11-11 09:22:07 - facturacion_facil.productos - INFO - productos.py:28 - Inicializando ventana de gestión de productos
2025-11-11 09:22:07 - facturacion_facil.productos - DEBUG - productos.py:60 - Comportamiento de scrolling configurado
2025-11-11 09:22:07 - facturacion_facil.productos - DEBUG - productos.py:117 - Scroll de rueda del ratón configurado para todos los widgets
2025-11-11 09:22:07 - facturacion_facil.productos - INFO - productos.py:46 - Ventana de productos inicializada correctamente con scrolling habilitado
2025-11-11 09:22:07 - facturacion_facil.productos - DEBUG - productos.py:713 - Iniciando validación del formulario
2025-11-11 09:22:07 - facturacion_facil.productos - DEBUG - productos.py:745 - Error: IVA inválido: invalid_iva
2025-11-11 09:22:07 - facturacion_facil.productos - DEBUG - productos.py:747 - Validación completada. Errores encontrados: 1
2025-11-11 09:22:07 - facturacion_facil.test_database_manager - DEBUG - test_database_manager.py:98 - Base de données supprimée: test_test_validate_form_invalid_iva_2dp3uvpx.db
2025-11-11 09:22:07 - facturacion_facil.test_database_manager - DEBUG - test_database_manager.py:109 - Répertoire supprimé: test_test_validate_form_invalid_iva_assets_zzw9bno5
2025-11-11 09:22:07 - facturacion_facil.test_database_manager - DEBUG - test_database_manager.py:53 - Base de données de test créée: test_test_validate_form_iva_out_of_range_yd_osb7w.db
2025-11-11 09:22:07 - facturacion_facil.test_database_manager - DEBUG - test_database_manager.py:78 - Répertoire de test créé: test_test_validate_form_iva_out_of_range_assets__rd6lh_e
2025-11-11 09:22:07 - facturacion_facil.productos - INFO - productos.py:28 - Inicializando ventana de gestión de productos
2025-11-11 09:22:07 - facturacion_facil.productos - DEBUG - productos.py:60 - Comportamiento de scrolling configurado
2025-11-11 09:22:07 - facturacion_facil.productos - DEBUG - productos.py:117 - Scroll de rueda del ratón configurado para todos los widgets
2025-11-11 09:22:07 - facturacion_facil.productos - INFO - productos.py:46 - Ventana de productos inicializada correctamente con scrolling habilitado
2025-11-11 09:22:07 - facturacion_facil.productos - DEBUG - productos.py:713 - Iniciando validación del formulario
2025-11-11 09:22:07 - facturacion_facil.productos - DEBUG - productos.py:742 - Error: IVA fuera de rango: 150.0
2025-11-11 09:22:07 - facturacion_facil.productos - DEBUG - productos.py:747 - Validación completada. Errores encontrados: 1
2025-11-11 09:22:07 - facturacion_facil.test_database_manager - DEBUG - test_database_manager.py:98 - Base de données supprimée: test_test_validate_form_iva_out_of_range_yd_osb7w.db
2025-11-11 09:22:07 - facturacion_facil.test_database_manager - DEBUG - test_database_manager.py:109 - Répertoire supprimé: test_test_validate_form_iva_out_of_range_assets__rd6lh_e
2025-11-11 09:22:07 - facturacion_facil.test_database_manager - DEBUG - test_database_manager.py:53 - Base de données de test créée: test_test_guardar_producto_validation_error_625ihmxl.db
2025-11-11 09:22:07 - facturacion_facil.test_database_manager - DEBUG - test_database_manager.py:78 - Répertoire de test créé: test_test_guardar_producto_validation_error_assets_vl629qht
2025-11-11 09:22:07 - facturacion_facil.productos - INFO - productos.py:28 - Inicializando ventana de gestión de productos
2025-11-11 09:22:07 - facturacion_facil.productos - DEBUG - productos.py:60 - Comportamiento de scrolling configurado
2025-11-11 09:22:07 - facturacion_facil.productos - DEBUG - productos.py:117 - Scroll de rueda del ratón configurado para todos los widgets
2025-11-11 09:22:07 - facturacion_facil.productos - INFO - productos.py:46 - Ventana de productos inicializada correctamente con scrolling habilitado
2025-11-11 09:22:07 - facturacion_facil.test_database_manager - DEBUG - test_database_manager.py:98 - Base de données supprimée: test_test_guardar_producto_validation_error_625ihmxl.db
2025-11-11 09:22:07 - facturacion_facil.test_database_manager - DEBUG - test_database_manager.py:109 - Répertoire supprimé: test_test_guardar_producto_validation_error_assets_vl629qht
2025-11-11 09:22:07 - facturacion_facil.test_database_manager - DEBUG - test_database_manager.py:53 - Base de données de test créée: test_test_guardar_producto_new_success_b57mi83f.db
2025-11-11 09:22:07 - facturacion_facil.test_database_manager - DEBUG - test_database_manager.py:78 - Répertoire de test créé: test_test_guardar_producto_new_success_assets_n9jw1fby
2025-11-11 09:22:07 - facturacion_facil.productos - INFO - productos.py:28 - Inicializando ventana de gestión de productos
2025-11-11 09:22:07 - facturacion_facil.productos - DEBUG - productos.py:60 - Comportamiento de scrolling configurado
2025-11-11 09:22:07 - facturacion_facil.productos - DEBUG - productos.py:117 - Scroll de rueda del ratón configurado para todos los widgets
2025-11-11 09:22:07 - facturacion_facil.productos - INFO - productos.py:46 - Ventana de productos inicializada correctamente con scrolling habilitado
2025-11-11 09:22:07 - facturacion_facil.test_database_manager - DEBUG - test_database_manager.py:98 - Base de données supprimée: test_test_guardar_producto_new_success_b57mi83f.db
2025-11-11 09:22:07 - facturacion_facil.test_database_manager - DEBUG - test_database_manager.py:109 - Répertoire supprimé: test_test_guardar_producto_new_success_assets_n9jw1fby
2025-11-11 09:22:07 - facturacion_facil.test_database_manager - DEBUG - test_database_manager.py:53 - Base de données de test créée: test_test_guardar_producto_update_success_ji6w4fms.db
2025-11-11 09:22:07 - facturacion_facil.test_database_manager - DEBUG - test_database_manager.py:78 - Répertoire de test créé: test_test_guardar_producto_update_success_assets_elr3tssc
2025-11-11 09:22:07 - facturacion_facil.productos - INFO - productos.py:28 - Inicializando ventana de gestión de productos
2025-11-11 09:22:07 - facturacion_facil.productos - DEBUG - productos.py:60 - Comportamiento de scrolling configurado
2025-11-11 09:22:07 - facturacion_facil.productos - DEBUG - productos.py:117 - Scroll de rueda del ratón configurado para todos los widgets
2025-11-11 09:22:07 - facturacion_facil.productos - INFO - productos.py:46 - Ventana de productos inicializada correctamente con scrolling habilitado
2025-11-11 09:22:07 - facturacion_facil.productos - INFO - productos.py:753 - Usuario hizo clic en 'Guardar'
2025-11-11 09:22:07 - facturacion_facil - INFO - logger.py:96 - Acción usuario: Clic en guardar producto - Iniciando validación y guardado
2025-11-11 09:22:07 - facturacion_facil.productos - DEBUG - productos.py:762 - Resultado de validate_form: [] (tipo: <class 'list'>)
2025-11-11 09:22:07 - facturacion_facil.productos - INFO - productos.py:776 - Actualizando producto existente: OLD001
2025-11-11 09:22:07 - facturacion_facil - DEBUG - logger.py:100 - DB UPDATE en productos: Producto MOD001
2025-11-11 09:22:07 - facturacion_facil - INFO - logger.py:96 - Acción usuario: Producto actualizado - Referencia: MOD001, Nombre: Producto Modificado
2025-11-11 09:22:07 - facturacion_facil.test_database_manager - DEBUG - test_database_manager.py:98 - Base de données supprimée: test_test_guardar_producto_update_success_ji6w4fms.db
2025-11-11 09:22:07 - facturacion_facil.test_database_manager - DEBUG - test_database_manager.py:109 - Répertoire supprimé: test_test_guardar_producto_update_success_assets_elr3tssc
2025-11-11 09:22:07 - facturacion_facil.test_database_manager - DEBUG - test_database_manager.py:53 - Base de données de test créée: test_test_guardar_producto_database_error_4gkh2a57.db
2025-11-11 09:22:07 - facturacion_facil.test_database_manager - DEBUG - test_database_manager.py:78 - Répertoire de test créé: test_test_guardar_producto_database_error_assets_il1dy8ho
2025-11-11 09:22:07 - facturacion_facil.productos - INFO - productos.py:28 - Inicializando ventana de gestión de productos
2025-11-11 09:22:07 - facturacion_facil.productos - DEBUG - productos.py:60 - Comportamiento de scrolling configurado
2025-11-11 09:22:07 - facturacion_facil.productos - DEBUG - productos.py:117 - Scroll de rueda del ratón configurado para todos los widgets
2025-11-11 09:22:07 - facturacion_facil.productos - INFO - productos.py:46 - Ventana de productos inicializada correctamente con scrolling habilitado
2025-11-11 09:22:07 - facturacion_facil.productos - INFO - productos.py:753 - Usuario hizo clic en 'Guardar'
2025-11-11 09:22:07 - facturacion_facil - INFO - logger.py:96 - Acción usuario: Clic en guardar producto - Iniciando validación y guardado
2025-11-11 09:22:07 - facturacion_facil.productos - DEBUG - productos.py:762 - Resultado de validate_form: [] (tipo: <class 'list'>)
2025-11-11 09:22:07 - facturacion_facil.productos - INFO - productos.py:779 - Creando nuevo producto
2025-11-11 09:22:07 - facturacion_facil - ERROR - logger.py:92 - Excepción en guardar_producto: Database error
Traceback (most recent call last):
  File "/home/pascal/development/for_django/facturacion_facil/ui/productos.py", line 789, in guardar_producto
    producto.save()
    ~~~~~~~~~~~~~^^
  File "/home/pascal/.pyenv/versions/3.13.7/lib/python3.13/unittest/mock.py", line 1169, in __call__
    return self._mock_call(*args, **kwargs)
           ~~~~~~~~~~~~~~~^^^^^^^^^^^^^^^^^
  File "/home/pascal/.pyenv/versions/3.13.7/lib/python3.13/unittest/mock.py", line 1173, in _mock_call
    return self._execute_mock_call(*args, **kwargs)
           ~~~~~~~~~~~~~~~~~~~~~~~^^^^^^^^^^^^^^^^^
  File "/home/pascal/.pyenv/versions/3.13.7/lib/python3.13/unittest/mock.py", line 1228, in _execute_mock_call
    raise effect
Exception: Database error
2025-11-11 09:22:07 - facturacion_facil.test_database_manager - DEBUG - test_database_manager.py:98 - Base de données supprimée: test_test_guardar_producto_database_error_4gkh2a57.db
2025-11-11 09:22:07 - facturacion_facil.test_database_manager - DEBUG - test_database_manager.py:109 - Répertoire supprimé: test_test_guardar_producto_database_error_assets_il1dy8ho
2025-11-11 09:22:07 - facturacion_facil.test_database_manager - DEBUG - test_database_manager.py:53 - Base de données de test créée: test_test_eliminar_producto_no_selection_jgzsjtg3.db
2025-11-11 09:22:07 - facturacion_facil.test_database_manager - DEBUG - test_database_manager.py:78 - Répertoire de test créé: test_test_eliminar_producto_no_selection_assets_5ap8kuog
2025-11-11 09:22:07 - facturacion_facil.productos - INFO - productos.py:28 - Inicializando ventana de gestión de productos
2025-11-11 09:22:07 - facturacion_facil.productos - DEBUG - productos.py:60 - Comportamiento de scrolling configurado
2025-11-11 09:22:07 - facturacion_facil.productos - DEBUG - productos.py:117 - Scroll de rueda del ratón configurado para todos los widgets
2025-11-11 09:22:07 - facturacion_facil.productos - INFO - productos.py:46 - Ventana de productos inicializada correctamente con scrolling habilitado
2025-11-11 09:22:07 - facturacion_facil.test_database_manager - DEBUG - test_database_manager.py:98 - Base de données supprimée: test_test_eliminar_producto_no_selection_jgzsjtg3.db
2025-11-11 09:22:07 - facturacion_facil.test_database_manager - DEBUG - test_database_manager.py:109 - Répertoire supprimé: test_test_eliminar_producto_no_selection_assets_5ap8kuog
2025-11-11 09:22:07 - facturacion_facil.test_database_manager - DEBUG - test_database_manager.py:53 - Base de données de test créée: test_test_eliminar_producto_cancelled_a1n1q0cy.db
2025-11-11 09:22:07 - facturacion_facil.test_database_manager - DEBUG - test_database_manager.py:78 - Répertoire de test créé: test_test_eliminar_producto_cancelled_assets_sqzb6c7q
2025-11-11 09:22:07 - facturacion_facil.productos - INFO - productos.py:28 - Inicializando ventana de gestión de productos
2025-11-11 09:22:07 - facturacion_facil.productos - DEBUG - productos.py:60 - Comportamiento de scrolling configurado
2025-11-11 09:22:07 - facturacion_facil.productos - DEBUG - productos.py:117 - Scroll de rueda del ratón configurado para todos los widgets
2025-11-11 09:22:07 - facturacion_facil.productos - INFO - productos.py:46 - Ventana de productos inicializada correctamente con scrolling habilitado
2025-11-11 09:22:07 - facturacion_facil.test_database_manager - DEBUG - test_database_manager.py:98 - Base de données supprimée: test_test_eliminar_producto_cancelled_a1n1q0cy.db
2025-11-11 09:22:07 - facturacion_facil.test_database_manager - DEBUG - test_database_manager.py:109 - Répertoire supprimé: test_test_eliminar_producto_cancelled_assets_sqzb6c7q
2025-11-11 09:22:07 - facturacion_facil.test_database_manager - DEBUG - test_database_manager.py:53 - Base de données de test créée: test_test_eliminar_producto_confirmed_1fkjvcjl.db
2025-11-11 09:22:07 - facturacion_facil.test_database_manager - DEBUG - test_database_manager.py:78 - Répertoire de test créé: test_test_eliminar_producto_confirmed_assets_q7fxoirm
2025-11-11 09:22:07 - facturacion_facil.productos - INFO - productos.py:28 - Inicializando ventana de gestión de productos
2025-11-11 09:22:07 - facturacion_facil.productos - DEBUG - productos.py:60 - Comportamiento de scrolling configurado
2025-11-11 09:22:07 - facturacion_facil.productos - DEBUG - productos.py:117 - Scroll de rueda del ratón configurado para todos los widgets
2025-11-11 09:22:07 - facturacion_facil.productos - INFO - productos.py:46 - Ventana de productos inicializada correctamente con scrolling habilitado
2025-11-11 09:22:07 - facturacion_facil.test_database_manager - DEBUG - test_database_manager.py:98 - Base de données supprimée: test_test_eliminar_producto_confirmed_1fkjvcjl.db
2025-11-11 09:22:07 - facturacion_facil.test_database_manager - DEBUG - test_database_manager.py:109 - Répertoire supprimé: test_test_eliminar_producto_confirmed_assets_q7fxoirm
2025-11-11 09:22:07 - facturacion_facil.test_database_manager - DEBUG - test_database_manager.py:53 - Base de données de test créée: test_test_load_producto_to_form_0mvmdg5m.db
2025-11-11 09:22:07 - facturacion_facil.test_database_manager - DEBUG - test_database_manager.py:78 - Répertoire de test créé: test_test_load_producto_to_form_assets_2puj7v48
2025-11-11 09:22:07 - facturacion_facil.productos - INFO - productos.py:28 - Inicializando ventana de gestión de productos
2025-11-11 09:22:07 - facturacion_facil.productos - DEBUG - productos.py:60 - Comportamiento de scrolling configurado
2025-11-11 09:22:07 - facturacion_facil.productos - DEBUG - productos.py:117 - Scroll de rueda del ratón configurado para todos los widgets
2025-11-11 09:22:07 - facturacion_facil.productos - INFO - productos.py:46 - Ventana de productos inicializada correctamente con scrolling habilitado
2025-11-11 09:22:07 - facturacion_facil.productos - DEBUG - productos.py:489 - Producto sin imagen
2025-11-11 09:22:07 - facturacion_facil.productos - DEBUG - productos.py:625 - Widgets de imagen no están inicializados aún
2025-11-11 09:22:07 - facturacion_facil.test_database_manager - DEBUG - test_database_manager.py:98 - Base de données supprimée: test_test_load_producto_to_form_0mvmdg5m.db
2025-11-11 09:22:07 - facturacion_facil.test_database_manager - DEBUG - test_database_manager.py:109 - Répertoire supprimé: test_test_load_producto_to_form_assets_2puj7v48
2025-11-11 09:22:07 - facturacion_facil.test_database_manager - DEBUG - test_database_manager.py:53 - Base de données de test créée: test_test_productos_window_structure_gl5pj69_.db
2025-11-11 09:22:07 - facturacion_facil.test_database_manager - DEBUG - test_database_manager.py:78 - Répertoire de test créé: test_test_productos_window_structure_assets_pf67py1a
2025-11-11 09:22:07 - facturacion_facil.test_database_manager - DEBUG - test_database_manager.py:98 - Base de données supprimée: test_test_productos_window_structure_gl5pj69_.db
2025-11-11 09:22:07 - facturacion_facil.test_database_manager - DEBUG - test_database_manager.py:109 - Répertoire supprimé: test_test_productos_window_structure_assets_pf67py1a
2025-11-11 09:22:07 - facturacion_facil.test_database_manager - DEBUG - test_database_manager.py:53 - Base de données de test créée: test_test_button_methods_directly_p5oour2v.db
2025-11-11 09:22:07 - facturacion_facil.test_database_manager - DEBUG - test_database_manager.py:78 - Répertoire de test créé: test_test_button_methods_directly_assets_jvjpwqby
2025-11-11 09:22:07 - facturacion_facil - INFO - logger.py:96 - Acción usuario: Clic en guardar producto - Iniciando validación y guardado
2025-11-11 09:22:07 - facturacion_facil - INFO - logger.py:96 - Acción usuario: Clic en seleccionar imagen - Abriendo diálogo de selección
2025-11-11 09:22:07 - facturacion_facil - ERROR - logger.py:92 - Excepción en seleccionar_imagen: Mock object has no attribute 'window'
Traceback (most recent call last):
  File "/home/pascal/development/for_django/facturacion_facil/ui/productos.py", line 567, in seleccionar_imagen
    self.window.lift()
    ^^^^^^^^^^^
  File "/home/pascal/.pyenv/versions/3.13.7/lib/python3.13/unittest/mock.py", line 690, in __getattr__
    raise AttributeError("Mock object has no attribute %r" % name)
AttributeError: Mock object has no attribute 'window'
2025-11-11 09:22:07 - facturacion_facil.test_database_manager - DEBUG - test_database_manager.py:98 - Base de données supprimée: test_test_button_methods_directly_p5oour2v.db
2025-11-11 09:22:07 - facturacion_facil.test_database_manager - DEBUG - test_database_manager.py:109 - Répertoire supprimé: test_test_button_methods_directly_assets_jvjpwqby
2025-11-11 09:22:07 - facturacion_facil.test_database_manager - DEBUG - test_database_manager.py:53 - Base de données de test créée: test_test_logging_in_methods_fas2n2d9.db
2025-11-11 09:22:07 - facturacion_facil.test_database_manager - DEBUG - test_database_manager.py:78 - Répertoire de test créé: test_test_logging_in_methods_assets_xlgn9i0g
2025-11-11 09:22:07 - facturacion_facil.productos - INFO - test_productos_buttons.py:129 - Test de logging en productos
2025-11-11 09:22:07 - facturacion_facil - INFO - logger.py:96 - Acción usuario: Test acción - Test detalles
2025-11-11 09:22:07 - facturacion_facil - DEBUG - logger.py:104 - Archivo TEST: /test/file - Test operación
2025-11-11 09:22:07 - facturacion_facil.test_database_manager - DEBUG - test_database_manager.py:98 - Base de données supprimée: test_test_logging_in_methods_fas2n2d9.db
2025-11-11 09:22:07 - facturacion_facil.test_database_manager - DEBUG - test_database_manager.py:109 - Répertoire supprimé: test_test_logging_in_methods_assets_xlgn9i0g
2025-11-11 09:22:07 - facturacion_facil.test_database_manager - DEBUG - test_database_manager.py:53 - Base de données de test créée: test_test_translations_gwhph4hg.db
2025-11-11 09:22:07 - facturacion_facil.test_database_manager - DEBUG - test_database_manager.py:78 - Répertoire de test créé: test_test_translations_assets_cjtpxgbz
2025-11-11 09:22:07 - facturacion_facil.test_database_manager - DEBUG - test_database_manager.py:98 - Base de données supprimée: test_test_translations_gwhph4hg.db
2025-11-11 09:22:07 - facturacion_facil.test_database_manager - DEBUG - test_database_manager.py:109 - Répertoire supprimé: test_test_translations_assets_cjtpxgbz
2025-11-11 09:22:07 - facturacion_facil.test_database_manager - DEBUG - test_database_manager.py:53 - Base de données de test créée: test_test_imports_wzvmuf0w.db
2025-11-11 09:22:07 - facturacion_facil.test_database_manager - DEBUG - test_database_manager.py:78 - Répertoire de test créé: test_test_imports_assets_o1ehz6ai
2025-11-11 09:22:07 - facturacion_facil.test_database_manager - DEBUG - test_database_manager.py:98 - Base de données supprimée: test_test_imports_wzvmuf0w.db
2025-11-11 09:22:07 - facturacion_facil.test_database_manager - DEBUG - test_database_manager.py:109 - Répertoire supprimé: test_test_imports_assets_o1ehz6ai
2025-11-11 09:22:07 - facturacion_facil.test_database_manager - DEBUG - test_database_manager.py:53 - Base de données de test créée: test_test_productos_window_real_4oyk_ee7.db
2025-11-11 09:22:07 - facturacion_facil.test_database_manager - DEBUG - test_database_manager.py:78 - Répertoire de test créé: test_test_productos_window_real_assets_lkk4kp3k
2025-11-11 09:22:07 - facturacion_facil.productos - INFO - productos.py:28 - Inicializando ventana de gestión de productos
2025-11-11 09:22:07 - facturacion_facil.productos - DEBUG - productos.py:192 - Frame principal scrollable creado con tamaño mínimo configurado
2025-11-11 09:22:07 - facturacion_facil.treeview_sorter - INFO - treeview_sorter.py:39 - Configurado sorting para 4 columnas
2025-11-11 09:22:07 - facturacion_facil.productos - DEBUG - productos.py:358 - Frame de botones del formulario creado y packed
2025-11-11 09:22:07 - facturacion_facil.productos - INFO - productos.py:371 - Frame inferior de botones creado: .!ctktoplevel.!ctkframe.!canvas.!ctkscrollableframe.!ctkframe.!ctkframe2.!ctkframe.!ctkframe3.!ctkframe2
2025-11-11 09:22:07 - facturacion_facil.productos - INFO - productos.py:384 - Botón 'Guardar' creado: .!ctktoplevel.!ctkframe.!canvas.!ctkscrollableframe.!ctkframe.!ctkframe2.!ctkframe.!ctkframe3.!ctkframe2.!ctkbutton en frame .!ctktoplevel.!ctkframe.!canvas.!ctkscrollableframe.!ctkframe.!ctkframe2.!ctkframe.!ctkframe3.!ctkframe2
2025-11-11 09:22:07 - facturacion_facil.productos - INFO - productos.py:397 - Botón 'Cancelar' creado: .!ctktoplevel.!ctkframe.!canvas.!ctkscrollableframe.!ctkframe.!ctkframe2.!ctkframe.!ctkframe3.!ctkframe2.!ctkbutton2 en frame .!ctktoplevel.!ctkframe.!canvas.!ctkscrollableframe.!ctkframe.!ctkframe2.!ctkframe.!ctkframe3.!ctkframe2
2025-11-11 09:22:07 - facturacion_facil.productos - DEBUG - productos.py:60 - Comportamiento de scrolling configurado
2025-11-11 09:22:07 - facturacion_facil.productos - DEBUG - productos.py:117 - Scroll de rueda del ratón configurado para todos los widgets
2025-11-11 09:22:07 - facturacion_facil.productos - DEBUG - productos.py:402 - Cargando lista de productos desde la base de datos
2025-11-11 09:22:07 - facturacion_facil - DEBUG - logger.py:100 - DB SELECT en productos: Cargados 0 productos
2025-11-11 09:22:07 - facturacion_facil.productos - INFO - productos.py:429 - Lista de productos actualizada: 0 productos
2025-11-11 09:22:07 - facturacion_facil.productos - INFO - productos.py:46 - Ventana de productos inicializada correctamente con scrolling habilitado
2025-11-11 09:22:07 - facturacion_facil.test_database_manager - DEBUG - test_database_manager.py:98 - Base de données supprimée: test_test_productos_window_real_4oyk_ee7.db
2025-11-11 09:22:07 - facturacion_facil.test_database_manager - DEBUG - test_database_manager.py:109 - Répertoire supprimé: test_test_productos_window_real_assets_lkk4kp3k
2025-11-11 09:22:07 - facturacion_facil.test_database_manager - DEBUG - test_database_manager.py:53 - Base de données de test créée: test_test_button_layout_analysis_pdfpcria.db
2025-11-11 09:22:07 - facturacion_facil.test_database_manager - DEBUG - test_database_manager.py:78 - Répertoire de test créé: test_test_button_layout_analysis_assets_3yme49y7
2025-11-11 09:22:07 - facturacion_facil.test_database_manager - DEBUG - test_database_manager.py:98 - Base de données supprimée: test_test_button_layout_analysis_pdfpcria.db
2025-11-11 09:22:07 - facturacion_facil.test_database_manager - DEBUG - test_database_manager.py:109 - Répertoire supprimé: test_test_button_layout_analysis_assets_3yme49y7
2025-11-11 09:22:07 - facturacion_facil.test_database_manager - DEBUG - test_database_manager.py:53 - Base de données de test créée: test_test_window_size_analysis_wgy37sma.db
2025-11-11 09:22:07 - facturacion_facil.test_database_manager - DEBUG - test_database_manager.py:78 - Répertoire de test créé: test_test_window_size_analysis_assets_n2ldd7j_
2025-11-11 09:22:07 - facturacion_facil.test_database_manager - DEBUG - test_database_manager.py:98 - Base de données supprimée: test_test_window_size_analysis_wgy37sma.db
2025-11-11 09:22:07 - facturacion_facil.test_database_manager - DEBUG - test_database_manager.py:109 - Répertoire supprimé: test_test_window_size_analysis_assets_n2ldd7j_
2025-11-11 09:22:07 - facturacion_facil.test_database_manager - DEBUG - test_database_manager.py:53 - Base de données de test créée: test_test_scrollable_frame_implementation_jwic5xz_.db
2025-11-11 09:22:07 - facturacion_facil.test_database_manager - DEBUG - test_database_manager.py:78 - Répertoire de test créé: test_test_scrollable_frame_implementation_assets_gst7ocsr
2025-11-11 09:22:07 - facturacion_facil.test_database_manager - DEBUG - test_database_manager.py:98 - Base de données supprimée: test_test_scrollable_frame_implementation_jwic5xz_.db
2025-11-11 09:22:07 - facturacion_facil.test_database_manager - DEBUG - test_database_manager.py:109 - Répertoire supprimé: test_test_scrollable_frame_implementation_assets_gst7ocsr
2025-11-11 09:22:07 - facturacion_facil.test_database_manager - DEBUG - test_database_manager.py:53 - Base de données de test créée: test_test_window_resizable_configuration_37yjdz62.db
2025-11-11 09:22:07 - facturacion_facil.test_database_manager - DEBUG - test_database_manager.py:78 - Répertoire de test créé: test_test_window_resizable_configuration_assets_dixzrqml
2025-11-11 09:22:07 - facturacion_facil.test_database_manager - DEBUG - test_database_manager.py:98 - Base de données supprimée: test_test_window_resizable_configuration_37yjdz62.db
2025-11-11 09:22:07 - facturacion_facil.test_database_manager - DEBUG - test_database_manager.py:109 - Répertoire supprimé: test_test_window_resizable_configuration_assets_dixzrqml
2025-11-11 09:22:07 - facturacion_facil.test_database_manager - DEBUG - test_database_manager.py:53 - Base de données de test créée: test_test_scrollable_frame_size_configuration_p4iz7ww7.db
2025-11-11 09:22:07 - facturacion_facil.test_database_manager - DEBUG - test_database_manager.py:78 - Répertoire de test créé: test_test_scrollable_frame_size_configuration_assets_xcy9ut75
2025-11-11 09:22:07 - facturacion_facil.test_database_manager - DEBUG - test_database_manager.py:98 - Base de données supprimée: test_test_scrollable_frame_size_configuration_p4iz7ww7.db
2025-11-11 09:22:07 - facturacion_facil.test_database_manager - DEBUG - test_database_manager.py:109 - Répertoire supprimé: test_test_scrollable_frame_size_configuration_assets_xcy9ut75
2025-11-11 09:22:07 - facturacion_facil.test_database_manager - DEBUG - test_database_manager.py:53 - Base de données de test créée: test_test_scrollable_method_exists_m3m44_gh.db
2025-11-11 09:22:07 - facturacion_facil.test_database_manager - DEBUG - test_database_manager.py:78 - Répertoire de test créé: test_test_scrollable_method_exists_assets_1u3q37c0
2025-11-11 09:22:07 - facturacion_facil.test_database_manager - DEBUG - test_database_manager.py:98 - Base de données supprimée: test_test_scrollable_method_exists_m3m44_gh.db
2025-11-11 09:22:07 - facturacion_facil.test_database_manager - DEBUG - test_database_manager.py:109 - Répertoire supprimé: test_test_scrollable_method_exists_assets_1u3q37c0
2025-11-11 09:22:07 - facturacion_facil.test_database_manager - DEBUG - test_database_manager.py:53 - Base de données de test créée: test_test_logging_integration_kjq5as8c.db
2025-11-11 09:22:07 - facturacion_facil.test_database_manager - DEBUG - test_database_manager.py:78 - Répertoire de test créé: test_test_logging_integration_assets_o3eq188s
2025-11-11 09:22:07 - facturacion_facil.test_database_manager - DEBUG - test_database_manager.py:98 - Base de données supprimée: test_test_logging_integration_kjq5as8c.db
2025-11-11 09:22:07 - facturacion_facil.test_database_manager - DEBUG - test_database_manager.py:109 - Répertoire supprimé: test_test_logging_integration_assets_o3eq188s
2025-11-11 09:22:07 - facturacion_facil.test_database_manager - DEBUG - test_database_manager.py:53 - Base de données de test créée: test_test_customtkinter_scrollable_availability_dx5r9qv2.db
2025-11-11 09:22:07 - facturacion_facil.test_database_manager - DEBUG - test_database_manager.py:78 - Répertoire de test créé: test_test_customtkinter_scrollable_availability_assets_qwijhn36
2025-11-11 09:22:07 - facturacion_facil.test_database_manager - DEBUG - test_database_manager.py:98 - Base de données supprimée: test_test_customtkinter_scrollable_availability_dx5r9qv2.db
2025-11-11 09:22:07 - facturacion_facil.test_database_manager - DEBUG - test_database_manager.py:109 - Répertoire supprimé: test_test_customtkinter_scrollable_availability_assets_qwijhn36
2025-11-11 09:22:07 - facturacion_facil.test_database_manager - DEBUG - test_database_manager.py:53 - Base de données de test créée: test_test_stock_interface_pysyph1n.db
2025-11-11 09:22:07 - facturacion_facil.test_database_manager - DEBUG - test_database_manager.py:78 - Répertoire de test créé: test_test_stock_interface_assets_ak6b2bg4
2025-11-11 09:22:07 - facturacion_facil.mock_stock_interface - DEBUG - test_stock_interface.py:77 - Interface simulée créée
2025-11-11 09:22:07 - facturacion_facil.mock_stock_interface - DEBUG - test_stock_interface.py:93 - Datos de stock cargados: 3 productos
2025-11-11 09:22:07 - facturacion_facil.mock_stock_interface - DEBUG - test_stock_interface.py:67 - MockStockInterface créée avec succès
2025-11-11 09:22:07 - facturacion_facil.mock_stock_interface - DEBUG - test_stock_interface.py:97 - Fenêtre de stock ouverte (simulé)
2025-11-11 09:22:07 - facturacion_facil.mock_stock_interface - DEBUG - test_stock_interface.py:102 - Affichage mis à jour: 3 éléments
2025-11-11 09:22:07 - facturacion_facil.mock_stock_interface - DEBUG - test_stock_interface.py:115 - Recherche 'Test Interface 1': 1 résultats
2025-11-11 09:22:07 - facturacion_facil.mock_stock_interface - DEBUG - test_stock_interface.py:115 - Recherche 'TESTUI': 3 résultats
2025-11-11 09:22:07 - facturacion_facil.mock_stock_interface - DEBUG - test_stock_interface.py:115 - Recherche '': 3 résultats
2025-11-11 09:22:07 - facturacion_facil.mock_stock_interface - DEBUG - test_stock_interface.py:123 - Stock modifié: Producto 1 -> 50
2025-11-11 09:22:07 - facturacion_facil.test_database_manager - DEBUG - test_database_manager.py:98 - Base de données supprimée: test_test_stock_interface_pysyph1n.db
2025-11-11 09:22:07 - facturacion_facil.test_database_manager - DEBUG - test_database_manager.py:109 - Répertoire supprimé: test_test_stock_interface_assets_ak6b2bg4
2025-11-11 09:22:07 - facturacion_facil.test_database_manager - DEBUG - test_database_manager.py:53 - Base de données de test créée: test_test_stock_interface_interactive_4e4tubn0.db
2025-11-11 09:22:07 - facturacion_facil.test_database_manager - DEBUG - test_database_manager.py:78 - Répertoire de test créé: test_test_stock_interface_interactive_assets_97lf24y8
2025-11-11 09:22:07 - facturacion_facil.test_database_manager - DEBUG - test_database_manager.py:98 - Base de données supprimée: test_test_stock_interface_interactive_4e4tubn0.db
2025-11-11 09:22:07 - facturacion_facil.test_database_manager - DEBUG - test_database_manager.py:109 - Répertoire supprimé: test_test_stock_interface_interactive_assets_97lf24y8
2025-11-11 09:22:07 - facturacion_facil.test_database_manager - DEBUG - test_database_manager.py:53 - Base de données de test créée: test_test_sorter_initialization_xfui_ndq.db
2025-11-11 09:22:07 - facturacion_facil.test_database_manager - DEBUG - test_database_manager.py:78 - Répertoire de test créé: test_test_sorter_initialization_assets_ip991nxa
2025-11-11 09:22:07 - facturacion_facil.treeview_sorter - INFO - treeview_sorter.py:39 - Configurado sorting para 4 columnas
2025-11-11 09:22:07 - facturacion_facil.test_database_manager - DEBUG - test_database_manager.py:98 - Base de données supprimée: test_test_sorter_initialization_xfui_ndq.db
2025-11-11 09:22:07 - facturacion_facil.test_database_manager - DEBUG - test_database_manager.py:109 - Répertoire supprimé: test_test_sorter_initialization_assets_ip991nxa
2025-11-11 09:22:07 - facturacion_facil.test_database_manager - DEBUG - test_database_manager.py:53 - Base de données de test créée: test_test_data_type_detection_twwj5mhg.db
2025-11-11 09:22:07 - facturacion_facil.test_database_manager - DEBUG - test_database_manager.py:78 - Répertoire de test créé: test_test_data_type_detection_assets_i9imichk
2025-11-11 09:22:07 - facturacion_facil.treeview_sorter - INFO - treeview_sorter.py:39 - Configurado sorting para 4 columnas
2025-11-11 09:22:07 - facturacion_facil.test_database_manager - DEBUG - test_database_manager.py:98 - Base de données supprimée: test_test_data_type_detection_twwj5mhg.db
2025-11-11 09:22:07 - facturacion_facil.test_database_manager - DEBUG - test_database_manager.py:109 - Répertoire supprimé: test_test_data_type_detection_assets_i9imichk
2025-11-11 09:22:07 - facturacion_facil.test_database_manager - DEBUG - test_database_manager.py:53 - Base de données de test créée: test_test_currency_parsing_zu0xf40z.db
2025-11-11 09:22:07 - facturacion_facil.test_database_manager - DEBUG - test_database_manager.py:78 - Répertoire de test créé: test_test_currency_parsing_assets_hvu6sm2j
2025-11-11 09:22:07 - facturacion_facil.treeview_sorter - INFO - treeview_sorter.py:39 - Configurado sorting para 4 columnas
2025-11-11 09:22:07 - facturacion_facil.test_database_manager - DEBUG - test_database_manager.py:98 - Base de données supprimée: test_test_currency_parsing_zu0xf40z.db
2025-11-11 09:22:07 - facturacion_facil.test_database_manager - DEBUG - test_database_manager.py:109 - Répertoire supprimé: test_test_currency_parsing_assets_hvu6sm2j
2025-11-11 09:22:07 - facturacion_facil.test_database_manager - DEBUG - test_database_manager.py:53 - Base de données de test créée: test_test_numeric_parsing_lenstasn.db
2025-11-11 09:22:07 - facturacion_facil.test_database_manager - DEBUG - test_database_manager.py:78 - Répertoire de test créé: test_test_numeric_parsing_assets_yrb4d9vc
2025-11-11 09:22:07 - facturacion_facil.treeview_sorter - INFO - treeview_sorter.py:39 - Configurado sorting para 4 columnas
2025-11-11 09:22:07 - facturacion_facil.test_database_manager - DEBUG - test_database_manager.py:98 - Base de données supprimée: test_test_numeric_parsing_lenstasn.db
2025-11-11 09:22:07 - facturacion_facil.test_database_manager - DEBUG - test_database_manager.py:109 - Répertoire supprimé: test_test_numeric_parsing_assets_yrb4d9vc
2025-11-11 09:22:07 - facturacion_facil.test_database_manager - DEBUG - test_database_manager.py:53 - Base de données de test créée: test_test_date_parsing_7a8o9v0b.db
2025-11-11 09:22:07 - facturacion_facil.test_database_manager - DEBUG - test_database_manager.py:78 - Répertoire de test créé: test_test_date_parsing_assets_9foayjre
2025-11-11 09:22:07 - facturacion_facil.treeview_sorter - INFO - treeview_sorter.py:39 - Configurado sorting para 4 columnas
2025-11-11 09:22:07 - facturacion_facil.test_database_manager - DEBUG - test_database_manager.py:98 - Base de données supprimée: test_test_date_parsing_7a8o9v0b.db
2025-11-11 09:22:07 - facturacion_facil.test_database_manager - DEBUG - test_database_manager.py:109 - Répertoire supprimé: test_test_date_parsing_assets_9foayjre
2025-11-11 09:22:07 - facturacion_facil.test_database_manager - DEBUG - test_database_manager.py:53 - Base de données de test créée: test_test_sorting_by_text_yej45zjx.db
2025-11-11 09:22:07 - facturacion_facil.test_database_manager - DEBUG - test_database_manager.py:78 - Répertoire de test créé: test_test_sorting_by_text_assets_x2pjce3s
2025-11-11 09:22:07 - facturacion_facil.treeview_sorter - INFO - treeview_sorter.py:39 - Configurado sorting para 4 columnas
2025-11-11 09:22:07 - facturacion_facil.treeview_sorter - DEBUG - treeview_sorter.py:74 - Ordenado por columna nombre (text), reverse=False
2025-11-11 09:22:07 - facturacion_facil.test_database_manager - DEBUG - test_database_manager.py:98 - Base de données supprimée: test_test_sorting_by_text_yej45zjx.db
2025-11-11 09:22:07 - facturacion_facil.test_database_manager - DEBUG - test_database_manager.py:109 - Répertoire supprimé: test_test_sorting_by_text_assets_x2pjce3s
2025-11-11 09:22:07 - facturacion_facil.test_database_manager - DEBUG - test_database_manager.py:53 - Base de données de test créée: test_test_sorting_by_currency_idlgcaze.db
2025-11-11 09:22:07 - facturacion_facil.test_database_manager - DEBUG - test_database_manager.py:78 - Répertoire de test créé: test_test_sorting_by_currency_assets_xa4nt0ma
2025-11-11 09:22:07 - facturacion_facil.treeview_sorter - INFO - treeview_sorter.py:39 - Configurado sorting para 4 columnas
2025-11-11 09:22:07 - facturacion_facil.treeview_sorter - DEBUG - treeview_sorter.py:74 - Ordenado por columna precio (currency), reverse=False
2025-11-11 09:22:07 - facturacion_facil.test_database_manager - DEBUG - test_database_manager.py:98 - Base de données supprimée: test_test_sorting_by_currency_idlgcaze.db
2025-11-11 09:22:07 - facturacion_facil.test_database_manager - DEBUG - test_database_manager.py:109 - Répertoire supprimé: test_test_sorting_by_currency_assets_xa4nt0ma
2025-11-11 09:22:07 - facturacion_facil.test_database_manager - DEBUG - test_database_manager.py:53 - Base de données de test créée: test_test_reverse_sorting_8k2e41u5.db
2025-11-11 09:22:07 - facturacion_facil.test_database_manager - DEBUG - test_database_manager.py:78 - Répertoire de test créé: test_test_reverse_sorting_assets_pdrz3fek
2025-11-11 09:22:07 - facturacion_facil.treeview_sorter - INFO - treeview_sorter.py:39 - Configurado sorting para 4 columnas
2025-11-11 09:22:07 - facturacion_facil.treeview_sorter - DEBUG - treeview_sorter.py:74 - Ordenado por columna nombre (text), reverse=False
2025-11-11 09:22:07 - facturacion_facil.treeview_sorter - DEBUG - treeview_sorter.py:74 - Ordenado por columna nombre (text), reverse=True
2025-11-11 09:22:07 - facturacion_facil.test_database_manager - DEBUG - test_database_manager.py:98 - Base de données supprimée: test_test_reverse_sorting_8k2e41u5.db
2025-11-11 09:22:07 - facturacion_facil.test_database_manager - DEBUG - test_database_manager.py:109 - Répertoire supprimé: test_test_reverse_sorting_assets_pdrz3fek
2025-11-11 09:22:07 - facturacion_facil.test_database_manager - DEBUG - test_database_manager.py:53 - Base de données de test créée: test_test_column_indicators_jmhiy43k.db
2025-11-11 09:22:07 - facturacion_facil.test_database_manager - DEBUG - test_database_manager.py:78 - Répertoire de test créé: test_test_column_indicators_assets_8z1ghgq2
2025-11-11 09:22:08 - facturacion_facil.treeview_sorter - INFO - treeview_sorter.py:39 - Configurado sorting para 4 columnas
2025-11-11 09:22:08 - facturacion_facil.treeview_sorter - DEBUG - treeview_sorter.py:74 - Ordenado por columna nombre (text), reverse=False
2025-11-11 09:22:08 - facturacion_facil.test_database_manager - DEBUG - test_database_manager.py:98 - Base de données supprimée: test_test_column_indicators_jmhiy43k.db
2025-11-11 09:22:08 - facturacion_facil.test_database_manager - DEBUG - test_database_manager.py:109 - Répertoire supprimé: test_test_column_indicators_assets_8z1ghgq2
2025-11-11 09:22:08 - facturacion_facil.test_database_manager - DEBUG - test_database_manager.py:53 - Base de données de test créée: test_test_add_sorting_function_6hkqe93o.db
2025-11-11 09:22:08 - facturacion_facil.test_database_manager - DEBUG - test_database_manager.py:78 - Répertoire de test créé: test_test_add_sorting_function_assets_mycw2w7b
2025-11-11 09:22:08 - facturacion_facil.treeview_sorter - INFO - treeview_sorter.py:39 - Configurado sorting para 4 columnas
2025-11-11 09:22:08 - facturacion_facil.treeview_sorter - DEBUG - treeview_sorter.py:74 - Ordenado por columna nombre (text), reverse=False
2025-11-11 09:22:08 - facturacion_facil.test_database_manager - DEBUG - test_database_manager.py:98 - Base de données supprimée: test_test_add_sorting_function_6hkqe93o.db
2025-11-11 09:22:08 - facturacion_facil.test_database_manager - DEBUG - test_database_manager.py:109 - Répertoire supprimé: test_test_add_sorting_function_assets_mycw2w7b
2025-11-11 09:22:08 - facturacion_facil.test_database_manager - DEBUG - test_database_manager.py:53 - Base de données de test créée: test_test_clear_entry_0rap8mrl.db
2025-11-11 09:22:08 - facturacion_facil.test_database_manager - DEBUG - test_database_manager.py:78 - Répertoire de test créé: test_test_clear_entry_assets_t3a_rdbz
2025-11-11 09:22:08 - facturacion_facil.test_database_manager - DEBUG - test_database_manager.py:98 - Base de données supprimée: test_test_clear_entry_0rap8mrl.db
2025-11-11 09:22:08 - facturacion_facil.test_database_manager - DEBUG - test_database_manager.py:109 - Répertoire supprimé: test_test_clear_entry_assets_t3a_rdbz
2025-11-11 09:22:08 - facturacion_facil.test_database_manager - DEBUG - test_database_manager.py:53 - Base de données de test créée: test_test_clear_entry_with_default_m7te0egk.db
2025-11-11 09:22:08 - facturacion_facil.test_database_manager - DEBUG - test_database_manager.py:78 - Répertoire de test créé: test_test_clear_entry_with_default_assets_afd28nqt
2025-11-11 09:22:08 - facturacion_facil.test_database_manager - DEBUG - test_database_manager.py:98 - Base de données supprimée: test_test_clear_entry_with_default_m7te0egk.db
2025-11-11 09:22:08 - facturacion_facil.test_database_manager - DEBUG - test_database_manager.py:109 - Répertoire supprimé: test_test_clear_entry_with_default_assets_afd28nqt
2025-11-11 09:22:08 - facturacion_facil.test_database_manager - DEBUG - test_database_manager.py:53 - Base de données de test créée: test_test_clear_entry_invalid_widget_c95fydpf.db
2025-11-11 09:22:08 - facturacion_facil.test_database_manager - DEBUG - test_database_manager.py:78 - Répertoire de test créé: test_test_clear_entry_invalid_widget_assets_updsc2lt
2025-11-11 09:22:08 - facturacion_facil.test_database_manager - DEBUG - test_database_manager.py:98 - Base de données supprimée: test_test_clear_entry_invalid_widget_c95fydpf.db
2025-11-11 09:22:08 - facturacion_facil.test_database_manager - DEBUG - test_database_manager.py:109 - Répertoire supprimé: test_test_clear_entry_invalid_widget_assets_updsc2lt
2025-11-11 09:22:08 - facturacion_facil.test_database_manager - DEBUG - test_database_manager.py:53 - Base de données de test créée: test_test_clear_text_widget__sfk8jnb.db
2025-11-11 09:22:08 - facturacion_facil.test_database_manager - DEBUG - test_database_manager.py:78 - Répertoire de test créé: test_test_clear_text_widget_assets_gz_r0m_8
2025-11-11 09:22:08 - facturacion_facil.test_database_manager - DEBUG - test_database_manager.py:98 - Base de données supprimée: test_test_clear_text_widget__sfk8jnb.db
2025-11-11 09:22:08 - facturacion_facil.test_database_manager - DEBUG - test_database_manager.py:109 - Répertoire supprimé: test_test_clear_text_widget_assets_gz_r0m_8
2025-11-11 09:22:08 - facturacion_facil.test_database_manager - DEBUG - test_database_manager.py:53 - Base de données de test créée: test_test_clear_text_widget_invalid_odhxj4g2.db
2025-11-11 09:22:08 - facturacion_facil.test_database_manager - DEBUG - test_database_manager.py:78 - Répertoire de test créé: test_test_clear_text_widget_invalid_assets_43qq1cu9
2025-11-11 09:22:08 - facturacion_facil.test_database_manager - DEBUG - test_database_manager.py:98 - Base de données supprimée: test_test_clear_text_widget_invalid_odhxj4g2.db
2025-11-11 09:22:08 - facturacion_facil.test_database_manager - DEBUG - test_database_manager.py:109 - Répertoire supprimé: test_test_clear_text_widget_invalid_assets_43qq1cu9
2025-11-11 09:22:08 - facturacion_facil.test_database_manager - DEBUG - test_database_manager.py:53 - Base de données de test créée: test_test_get_entry_value_dbys1evv.db
2025-11-11 09:22:08 - facturacion_facil.test_database_manager - DEBUG - test_database_manager.py:78 - Répertoire de test créé: test_test_get_entry_value_assets_j7sd06as
2025-11-11 09:22:08 - facturacion_facil.test_database_manager - DEBUG - test_database_manager.py:98 - Base de données supprimée: test_test_get_entry_value_dbys1evv.db
2025-11-11 09:22:08 - facturacion_facil.test_database_manager - DEBUG - test_database_manager.py:109 - Répertoire supprimé: test_test_get_entry_value_assets_j7sd06as
2025-11-11 09:22:08 - facturacion_facil.test_database_manager - DEBUG - test_database_manager.py:53 - Base de données de test créée: test_test_get_entry_value_empty_ougd8n93.db
2025-11-11 09:22:08 - facturacion_facil.test_database_manager - DEBUG - test_database_manager.py:78 - Répertoire de test créé: test_test_get_entry_value_empty_assets_61wv9jx2
2025-11-11 09:22:08 - facturacion_facil.test_database_manager - DEBUG - test_database_manager.py:98 - Base de données supprimée: test_test_get_entry_value_empty_ougd8n93.db
2025-11-11 09:22:08 - facturacion_facil.test_database_manager - DEBUG - test_database_manager.py:109 - Répertoire supprimé: test_test_get_entry_value_empty_assets_61wv9jx2
2025-11-11 09:22:08 - facturacion_facil.test_database_manager - DEBUG - test_database_manager.py:53 - Base de données de test créée: test_test_get_entry_value_invalid_widget_t5u55xnx.db
2025-11-11 09:22:08 - facturacion_facil.test_database_manager - DEBUG - test_database_manager.py:78 - Répertoire de test créé: test_test_get_entry_value_invalid_widget_assets_7p0m2il3
2025-11-11 09:22:08 - facturacion_facil.test_database_manager - DEBUG - test_database_manager.py:98 - Base de données supprimée: test_test_get_entry_value_invalid_widget_t5u55xnx.db
2025-11-11 09:22:08 - facturacion_facil.test_database_manager - DEBUG - test_database_manager.py:109 - Répertoire supprimé: test_test_get_entry_value_invalid_widget_assets_7p0m2il3
2025-11-11 09:22:08 - facturacion_facil.test_database_manager - DEBUG - test_database_manager.py:53 - Base de données de test créée: test_test_get_text_value_gt75w8tm.db
2025-11-11 09:22:08 - facturacion_facil.test_database_manager - DEBUG - test_database_manager.py:78 - Répertoire de test créé: test_test_get_text_value_assets_h090mt6h
2025-11-11 09:22:08 - facturacion_facil.test_database_manager - DEBUG - test_database_manager.py:98 - Base de données supprimée: test_test_get_text_value_gt75w8tm.db
2025-11-11 09:22:08 - facturacion_facil.test_database_manager - DEBUG - test_database_manager.py:109 - Répertoire supprimé: test_test_get_text_value_assets_h090mt6h
2025-11-11 09:22:08 - facturacion_facil.test_database_manager - DEBUG - test_database_manager.py:53 - Base de données de test créée: test_test_get_text_value_empty_1hnwexr5.db
2025-11-11 09:22:08 - facturacion_facil.test_database_manager - DEBUG - test_database_manager.py:78 - Répertoire de test créé: test_test_get_text_value_empty_assets_hwyeq_fc
2025-11-11 09:22:08 - facturacion_facil.test_database_manager - DEBUG - test_database_manager.py:98 - Base de données supprimée: test_test_get_text_value_empty_1hnwexr5.db
2025-11-11 09:22:08 - facturacion_facil.test_database_manager - DEBUG - test_database_manager.py:109 - Répertoire supprimé: test_test_get_text_value_empty_assets_hwyeq_fc
2025-11-11 09:22:08 - facturacion_facil.test_database_manager - DEBUG - test_database_manager.py:53 - Base de données de test créée: test_test_set_entry_value_z95yujma.db
2025-11-11 09:22:08 - facturacion_facil.test_database_manager - DEBUG - test_database_manager.py:78 - Répertoire de test créé: test_test_set_entry_value_assets_mqryr344
2025-11-11 09:22:08 - facturacion_facil.test_database_manager - DEBUG - test_database_manager.py:98 - Base de données supprimée: test_test_set_entry_value_z95yujma.db
2025-11-11 09:22:08 - facturacion_facil.test_database_manager - DEBUG - test_database_manager.py:109 - Répertoire supprimé: test_test_set_entry_value_assets_mqryr344
2025-11-11 09:22:08 - facturacion_facil.test_database_manager - DEBUG - test_database_manager.py:53 - Base de données de test créée: test_test_set_entry_value_number_mi0qtg2z.db
2025-11-11 09:22:08 - facturacion_facil.test_database_manager - DEBUG - test_database_manager.py:78 - Répertoire de test créé: test_test_set_entry_value_number_assets_0i9ak5n7
2025-11-11 09:22:08 - facturacion_facil.test_database_manager - DEBUG - test_database_manager.py:98 - Base de données supprimée: test_test_set_entry_value_number_mi0qtg2z.db
2025-11-11 09:22:08 - facturacion_facil.test_database_manager - DEBUG - test_database_manager.py:109 - Répertoire supprimé: test_test_set_entry_value_number_assets_0i9ak5n7
2025-11-11 09:22:08 - facturacion_facil.test_database_manager - DEBUG - test_database_manager.py:53 - Base de données de test créée: test_test_set_entry_value_invalid_widget_0mzv31d7.db
2025-11-11 09:22:08 - facturacion_facil.test_database_manager - DEBUG - test_database_manager.py:78 - Répertoire de test créé: test_test_set_entry_value_invalid_widget_assets_t903ou24
2025-11-11 09:22:08 - facturacion_facil.test_database_manager - DEBUG - test_database_manager.py:98 - Base de données supprimée: test_test_set_entry_value_invalid_widget_0mzv31d7.db
2025-11-11 09:22:08 - facturacion_facil.test_database_manager - DEBUG - test_database_manager.py:109 - Répertoire supprimé: test_test_set_entry_value_invalid_widget_assets_t903ou24
2025-11-11 09:22:08 - facturacion_facil.test_database_manager - DEBUG - test_database_manager.py:53 - Base de données de test créée: test_test_set_text_value_b5ej2_uo.db
2025-11-11 09:22:08 - facturacion_facil.test_database_manager - DEBUG - test_database_manager.py:78 - Répertoire de test créé: test_test_set_text_value_assets_bj1fdbie
2025-11-11 09:22:08 - facturacion_facil.test_database_manager - DEBUG - test_database_manager.py:98 - Base de données supprimée: test_test_set_text_value_b5ej2_uo.db
2025-11-11 09:22:08 - facturacion_facil.test_database_manager - DEBUG - test_database_manager.py:109 - Répertoire supprimé: test_test_set_text_value_assets_bj1fdbie
2025-11-11 09:22:08 - facturacion_facil.test_database_manager - DEBUG - test_database_manager.py:53 - Base de données de test créée: test_test_set_text_value_invalid_widget_1n7clynm.db
2025-11-11 09:22:08 - facturacion_facil.test_database_manager - DEBUG - test_database_manager.py:78 - Répertoire de test créé: test_test_set_text_value_invalid_widget_assets_exhfixxx
2025-11-11 09:22:08 - facturacion_facil.test_database_manager - DEBUG - test_database_manager.py:98 - Base de données supprimée: test_test_set_text_value_invalid_widget_1n7clynm.db
2025-11-11 09:22:08 - facturacion_facil.test_database_manager - DEBUG - test_database_manager.py:109 - Répertoire supprimé: test_test_set_text_value_invalid_widget_assets_exhfixxx
2025-11-11 09:22:08 - facturacion_facil.test_database_manager - DEBUG - test_database_manager.py:53 - Base de données de test créée: test_test_base_window_creation_eidv8qt8.db
2025-11-11 09:22:08 - facturacion_facil.test_database_manager - DEBUG - test_database_manager.py:78 - Répertoire de test créé: test_test_base_window_creation_assets_qqjn_v32
2025-11-11 09:22:08 - facturacion_facil.test_database_manager - DEBUG - test_database_manager.py:98 - Base de données supprimée: test_test_base_window_creation_eidv8qt8.db
2025-11-11 09:22:08 - facturacion_facil.test_database_manager - DEBUG - test_database_manager.py:109 - Répertoire supprimé: test_test_base_window_creation_assets_qqjn_v32
2025-11-11 09:22:08 - facturacion_facil.test_database_manager - DEBUG - test_database_manager.py:53 - Base de données de test créée: test_test_base_window_show_message_info_ntt905g9.db
2025-11-11 09:22:08 - facturacion_facil.test_database_manager - DEBUG - test_database_manager.py:78 - Répertoire de test créé: test_test_base_window_show_message_info_assets_waejub2m
2025-11-11 09:22:08 - facturacion_facil.basewindow - ERROR - ui_components.py:83 - Error al mostrar mensaje copiable: unsupported operand type(s) for +: 'Mock' and 'int'
2025-11-11 09:22:08 - facturacion_facil.test_database_manager - DEBUG - test_database_manager.py:98 - Base de données supprimée: test_test_base_window_show_message_info_ntt905g9.db
2025-11-11 09:22:08 - facturacion_facil.test_database_manager - DEBUG - test_database_manager.py:109 - Répertoire supprimé: test_test_base_window_show_message_info_assets_waejub2m
2025-11-11 09:22:08 - facturacion_facil.test_database_manager - DEBUG - test_database_manager.py:53 - Base de données de test créée: test_test_base_window_show_message_error_6t6uid0y.db
2025-11-11 09:22:08 - facturacion_facil.test_database_manager - DEBUG - test_database_manager.py:78 - Répertoire de test créé: test_test_base_window_show_message_error_assets_ojcyykz7
2025-11-11 09:22:08 - facturacion_facil.basewindow - ERROR - ui_components.py:83 - Error al mostrar mensaje copiable: unsupported operand type(s) for +: 'Mock' and 'int'
2025-11-11 09:22:08 - facturacion_facil.test_database_manager - DEBUG - test_database_manager.py:98 - Base de données supprimée: test_test_base_window_show_message_error_6t6uid0y.db
2025-11-11 09:22:08 - facturacion_facil.test_database_manager - DEBUG - test_database_manager.py:109 - Répertoire supprimé: test_test_base_window_show_message_error_assets_ojcyykz7
2025-11-11 09:22:08 - facturacion_facil.test_database_manager - DEBUG - test_database_manager.py:53 - Base de données de test créée: test_test_base_window_show_message_yesno_88ia_lvs.db
2025-11-11 09:22:08 - facturacion_facil.test_database_manager - DEBUG - test_database_manager.py:78 - Répertoire de test créé: test_test_base_window_show_message_yesno_assets_mqgk7iq_
2025-11-11 09:22:08 - facturacion_facil.basewindow - ERROR - ui_components.py:83 - Error al mostrar mensaje copiable: unsupported operand type(s) for +: 'Mock' and 'int'
2025-11-11 09:22:08 - facturacion_facil.test_database_manager - DEBUG - test_database_manager.py:98 - Base de données supprimée: test_test_base_window_show_message_yesno_88ia_lvs.db
2025-11-11 09:22:08 - facturacion_facil.test_database_manager - DEBUG - test_database_manager.py:109 - Répertoire supprimé: test_test_base_window_show_message_yesno_assets_mqgk7iq_
2025-11-11 09:22:08 - facturacion_facil.test_database_manager - DEBUG - test_database_manager.py:53 - Base de données de test créée: test_test_setup_scrollable_frame__vym0rpu.db
2025-11-11 09:22:08 - facturacion_facil.test_database_manager - DEBUG - test_database_manager.py:78 - Répertoire de test créé: test_test_setup_scrollable_frame_assets_oq198223
2025-11-11 09:22:08 - facturacion_facil.basewindow - ERROR - ui_components.py:153 - Error al configurar scroll de rueda del ratón: 'Mock' object is not iterable
2025-11-11 09:22:08 - facturacion_facil.test_database_manager - DEBUG - test_database_manager.py:98 - Base de données supprimée: test_test_setup_scrollable_frame__vym0rpu.db
2025-11-11 09:22:08 - facturacion_facil.test_database_manager - DEBUG - test_database_manager.py:109 - Répertoire supprimé: test_test_setup_scrollable_frame_assets_oq198223
2025-11-11 09:22:08 - facturacion_facil.test_database_manager - DEBUG - test_database_manager.py:53 - Base de données de test créée: test_test_bind_mousewheel_to_scrollable_m0ffsi44.db
2025-11-11 09:22:08 - facturacion_facil.test_database_manager - DEBUG - test_database_manager.py:78 - Répertoire de test créé: test_test_bind_mousewheel_to_scrollable_assets_haejxyq0
2025-11-11 09:22:08 - facturacion_facil.test_database_manager - DEBUG - test_database_manager.py:98 - Base de données supprimée: test_test_bind_mousewheel_to_scrollable_m0ffsi44.db
2025-11-11 09:22:08 - facturacion_facil.test_database_manager - DEBUG - test_database_manager.py:109 - Répertoire supprimé: test_test_bind_mousewheel_to_scrollable_assets_haejxyq0
2025-11-11 09:22:08 - facturacion_facil.test_database_manager - DEBUG - test_database_manager.py:53 - Base de données de test créée: test_test_image_selector_creation_r4xzudn5.db
2025-11-11 09:22:08 - facturacion_facil.test_database_manager - DEBUG - test_database_manager.py:78 - Répertoire de test créé: test_test_image_selector_creation_assets_j3z2dxi4
2025-11-11 09:22:08 - facturacion_facil.test_database_manager - DEBUG - test_database_manager.py:98 - Base de données supprimée: test_test_image_selector_creation_r4xzudn5.db
2025-11-11 09:22:08 - facturacion_facil.test_database_manager - DEBUG - test_database_manager.py:109 - Répertoire supprimé: test_test_image_selector_creation_assets_j3z2dxi4
2025-11-11 09:22:08 - facturacion_facil.test_database_manager - DEBUG - test_database_manager.py:53 - Base de données de test créée: test_test_quitar_imagen_zdiysvmv.db
2025-11-11 09:22:08 - facturacion_facil.test_database_manager - DEBUG - test_database_manager.py:78 - Répertoire de test créé: test_test_quitar_imagen_assets_hqhl49i_
2025-11-11 09:22:08 - facturacion_facil.test_database_manager - DEBUG - test_database_manager.py:98 - Base de données supprimée: test_test_quitar_imagen_zdiysvmv.db
2025-11-11 09:22:08 - facturacion_facil.test_database_manager - DEBUG - test_database_manager.py:109 - Répertoire supprimé: test_test_quitar_imagen_assets_hqhl49i_
2025-11-11 09:22:08 - facturacion_facil.test_database_manager - DEBUG - test_database_manager.py:53 - Base de données de test créée: test_test_update_image_display_no_image_tnciaksq.db
2025-11-11 09:22:08 - facturacion_facil.test_database_manager - DEBUG - test_database_manager.py:78 - Répertoire de test créé: test_test_update_image_display_no_image_assets_fh9zqkxj
2025-11-11 09:22:08 - facturacion_facil.test_database_manager - DEBUG - test_database_manager.py:98 - Base de données supprimée: test_test_update_image_display_no_image_tnciaksq.db
2025-11-11 09:22:08 - facturacion_facil.test_database_manager - DEBUG - test_database_manager.py:109 - Répertoire supprimé: test_test_update_image_display_no_image_assets_fh9zqkxj
2025-11-11 09:22:08 - facturacion_facil.test_database_manager - DEBUG - test_database_manager.py:53 - Base de données de test créée: test_test_messagebox_improvements_lbifck09.db
2025-11-11 09:22:08 - facturacion_facil.test_database_manager - DEBUG - test_database_manager.py:78 - Répertoire de test créé: test_test_messagebox_improvements_assets_lydkk2t8
2025-11-11 09:22:08 - facturacion_facil.test_database_manager - DEBUG - test_database_manager.py:98 - Base de données supprimée: test_test_messagebox_improvements_lbifck09.db
2025-11-11 09:22:08 - facturacion_facil.test_database_manager - DEBUG - test_database_manager.py:109 - Répertoire supprimé: test_test_messagebox_improvements_assets_lydkk2t8
2025-11-11 09:22:08 - facturacion_facil.test_database_manager - DEBUG - test_database_manager.py:53 - Base de données de test créée: test_test_window_focus_improvements_08v7l2wv.db
2025-11-11 09:22:08 - facturacion_facil.test_database_manager - DEBUG - test_database_manager.py:78 - Répertoire de test créé: test_test_window_focus_improvements_assets_fn21j_x2
2025-11-11 09:22:08 - facturacion_facil.test_database_manager - DEBUG - test_database_manager.py:98 - Base de données supprimée: test_test_window_focus_improvements_08v7l2wv.db
2025-11-11 09:22:08 - facturacion_facil.test_database_manager - DEBUG - test_database_manager.py:109 - Répertoire supprimé: test_test_window_focus_improvements_assets_fn21j_x2
2025-11-11 09:22:08 - facturacion_facil.test_database_manager - DEBUG - test_database_manager.py:53 - Base de données de test créée: test_test_window_initialization_improvements_fo8to26f.db
2025-11-11 09:22:08 - facturacion_facil.test_database_manager - DEBUG - test_database_manager.py:78 - Répertoire de test créé: test_test_window_initialization_improvements_assets_bhss52wj
2025-11-11 09:22:08 - facturacion_facil.test_database_manager - DEBUG - test_database_manager.py:98 - Base de données supprimée: test_test_window_initialization_improvements_fo8to26f.db
2025-11-11 09:22:08 - facturacion_facil.test_database_manager - DEBUG - test_database_manager.py:109 - Répertoire supprimé: test_test_window_initialization_improvements_assets_bhss52wj
2025-11-11 09:22:08 - facturacion_facil.test_database_manager - DEBUG - test_database_manager.py:53 - Base de données de test créée: test_test_messagebox_replacements_ir_7hukr.db
2025-11-11 09:22:08 - facturacion_facil.test_database_manager - DEBUG - test_database_manager.py:78 - Répertoire de test créé: test_test_messagebox_replacements_assets_zuv1_zrg
2025-11-11 09:22:08 - facturacion_facil.test_database_manager - DEBUG - test_database_manager.py:98 - Base de données supprimée: test_test_messagebox_replacements_ir_7hukr.db
2025-11-11 09:22:08 - facturacion_facil.test_database_manager - DEBUG - test_database_manager.py:109 - Répertoire supprimé: test_test_messagebox_replacements_assets_zuv1_zrg
2025-11-11 09:22:08 - facturacion_facil.test_database_manager - DEBUG - test_database_manager.py:53 - Base de données de test créée: test_test_window_reuse_system_a0klw9qn.db
2025-11-11 09:22:08 - facturacion_facil.test_database_manager - DEBUG - test_database_manager.py:78 - Répertoire de test créé: test_test_window_reuse_system_assets_2sahbmey
2025-11-11 09:22:08 - facturacion_facil.test_database_manager - DEBUG - test_database_manager.py:98 - Base de données supprimée: test_test_window_reuse_system_a0klw9qn.db
2025-11-11 09:22:08 - facturacion_facil.test_database_manager - DEBUG - test_database_manager.py:109 - Répertoire supprimé: test_test_window_reuse_system_assets_2sahbmey
2025-11-11 09:22:08 - facturacion_facil.test_database_manager - DEBUG - test_database_manager.py:53 - Base de données de test créée: test_test_database_initialization_7kgnai5j.db
2025-11-11 09:22:08 - facturacion_facil.test_database_manager - DEBUG - test_database_manager.py:78 - Répertoire de test créé: test_test_database_initialization_assets_x9cn5eki
2025-11-11 09:22:08 - facturacion_facil.test_database_manager - DEBUG - test_database_manager.py:98 - Base de données supprimée: test_test_database_initialization_7kgnai5j.db
2025-11-11 09:22:08 - facturacion_facil.test_database_manager - DEBUG - test_database_manager.py:109 - Répertoire supprimé: test_test_database_initialization_assets_x9cn5eki
2025-11-11 09:22:08 - facturacion_facil.test_database_manager - DEBUG - test_database_manager.py:53 - Base de données de test créée: test_test_database_tables_creation_qfaw3e7w.db
2025-11-11 09:22:08 - facturacion_facil.test_database_manager - DEBUG - test_database_manager.py:78 - Répertoire de test créé: test_test_database_tables_creation_assets_0usx2cd0
2025-11-11 09:22:08 - facturacion_facil.test_database_manager - DEBUG - test_database_manager.py:98 - Base de données supprimée: test_test_database_tables_creation_qfaw3e7w.db
2025-11-11 09:22:08 - facturacion_facil.test_database_manager - DEBUG - test_database_manager.py:109 - Répertoire supprimé: test_test_database_tables_creation_assets_0usx2cd0
2025-11-11 09:22:08 - facturacion_facil.test_database_manager - DEBUG - test_database_manager.py:53 - Base de données de test créée: test_test_productos_table_structure_qkzsi464.db
2025-11-11 09:22:08 - facturacion_facil.test_database_manager - DEBUG - test_database_manager.py:78 - Répertoire de test créé: test_test_productos_table_structure_assets_y77lppbi
2025-11-11 09:22:08 - facturacion_facil.test_database_manager - DEBUG - test_database_manager.py:98 - Base de données supprimée: test_test_productos_table_structure_qkzsi464.db
2025-11-11 09:22:08 - facturacion_facil.test_database_manager - DEBUG - test_database_manager.py:109 - Répertoire supprimé: test_test_productos_table_structure_assets_y77lppbi
2025-11-11 09:22:08 - facturacion_facil.test_database_manager - DEBUG - test_database_manager.py:53 - Base de données de test créée: test_test_execute_query_select_jnp_jqnz.db
2025-11-11 09:22:08 - facturacion_facil.test_database_manager - DEBUG - test_database_manager.py:78 - Répertoire de test créé: test_test_execute_query_select_assets_a8f10p64
2025-11-11 09:22:08 - facturacion_facil.test_database_manager - DEBUG - test_database_manager.py:98 - Base de données supprimée: test_test_execute_query_select_jnp_jqnz.db
2025-11-11 09:22:08 - facturacion_facil.test_database_manager - DEBUG - test_database_manager.py:109 - Répertoire supprimé: test_test_execute_query_select_assets_a8f10p64
2025-11-11 09:22:08 - facturacion_facil.test_database_manager - DEBUG - test_database_manager.py:53 - Base de données de test créée: test_test_execute_query_insert_p6mlyych.db
2025-11-11 09:22:08 - facturacion_facil.test_database_manager - DEBUG - test_database_manager.py:78 - Répertoire de test créé: test_test_execute_query_insert_assets_783dd2bm
2025-11-11 09:22:08 - facturacion_facil.test_database_manager - DEBUG - test_database_manager.py:98 - Base de données supprimée: test_test_execute_query_insert_p6mlyych.db
2025-11-11 09:22:08 - facturacion_facil.test_database_manager - DEBUG - test_database_manager.py:109 - Répertoire supprimé: test_test_execute_query_insert_assets_783dd2bm
2025-11-11 09:22:08 - facturacion_facil.test_database_manager - DEBUG - test_database_manager.py:53 - Base de données de test créée: test_test_execute_query_update_2oomjg7d.db
2025-11-11 09:22:08 - facturacion_facil.test_database_manager - DEBUG - test_database_manager.py:78 - Répertoire de test créé: test_test_execute_query_update_assets_k_2nfb5t
2025-11-11 09:22:08 - facturacion_facil.test_database_manager - DEBUG - test_database_manager.py:98 - Base de données supprimée: test_test_execute_query_update_2oomjg7d.db
2025-11-11 09:22:08 - facturacion_facil.test_database_manager - DEBUG - test_database_manager.py:109 - Répertoire supprimé: test_test_execute_query_update_assets_k_2nfb5t
2025-11-11 09:22:08 - facturacion_facil.test_database_manager - DEBUG - test_database_manager.py:53 - Base de données de test créée: test_test_execute_query_delete_x5fwhnhh.db
2025-11-11 09:22:08 - facturacion_facil.test_database_manager - DEBUG - test_database_manager.py:78 - Répertoire de test créé: test_test_execute_query_delete_assets_e90ahy1q
2025-11-11 09:22:08 - facturacion_facil.test_database_manager - DEBUG - test_database_manager.py:98 - Base de données supprimée: test_test_execute_query_delete_x5fwhnhh.db
2025-11-11 09:22:08 - facturacion_facil.test_database_manager - DEBUG - test_database_manager.py:109 - Répertoire supprimé: test_test_execute_query_delete_assets_e90ahy1q
2025-11-11 09:22:08 - facturacion_facil.test_database_manager - DEBUG - test_database_manager.py:53 - Base de données de test créée: test_test_get_next_factura_number_yzuojruk.db
2025-11-11 09:22:08 - facturacion_facil.test_database_manager - DEBUG - test_database_manager.py:78 - Répertoire de test créé: test_test_get_next_factura_number_assets_e1aex6x6
2025-11-11 09:22:08 - facturacion_facil.test_database_manager - DEBUG - test_database_manager.py:98 - Base de données supprimée: test_test_get_next_factura_number_yzuojruk.db
2025-11-11 09:22:08 - facturacion_facil.test_database_manager - DEBUG - test_database_manager.py:109 - Répertoire supprimé: test_test_get_next_factura_number_assets_e1aex6x6
2025-11-11 09:22:08 - facturacion_facil.test_database_manager - DEBUG - test_database_manager.py:53 - Base de données de test créée: test_test_database_connection_error_handling_8cktvfmk.db
2025-11-11 09:22:08 - facturacion_facil.test_database_manager - DEBUG - test_database_manager.py:78 - Répertoire de test créé: test_test_database_connection_error_handling_assets_46wo0fzg
2025-11-11 09:22:08 - facturacion_facil.test_database_manager - DEBUG - test_database_manager.py:98 - Base de données supprimée: test_test_database_connection_error_handling_8cktvfmk.db
2025-11-11 09:22:08 - facturacion_facil.test_database_manager - DEBUG - test_database_manager.py:109 - Répertoire supprimé: test_test_database_connection_error_handling_assets_46wo0fzg
2025-11-11 09:22:08 - facturacion_facil.test_database_manager - DEBUG - test_database_manager.py:53 - Base de données de test créée: test_test_database_performance_u6lqf_q2.db
2025-11-11 09:22:08 - facturacion_facil.test_database_manager - DEBUG - test_database_manager.py:78 - Répertoire de test créé: test_test_database_performance_assets_olaly07y
2025-11-11 09:22:08 - facturacion_facil.test_database_manager - DEBUG - test_database_manager.py:98 - Base de données supprimée: test_test_database_performance_u6lqf_q2.db
2025-11-11 09:22:08 - facturacion_facil.test_database_manager - DEBUG - test_database_manager.py:109 - Répertoire supprimé: test_test_database_performance_assets_olaly07y
2025-11-11 09:22:08 - facturacion_facil.test_database_manager - DEBUG - test_database_manager.py:53 - Base de données de test créée: test_test_temp_db_isolation_3afq_y25.db
2025-11-11 09:22:08 - facturacion_facil.test_database_manager - DEBUG - test_database_manager.py:78 - Répertoire de test créé: test_test_temp_db_isolation_assets_l_hxhhfr
2025-11-11 09:22:08 - facturacion_facil.test_database_manager - DEBUG - test_database_manager.py:98 - Base de données supprimée: test_test_temp_db_isolation_3afq_y25.db
2025-11-11 09:22:08 - facturacion_facil.test_database_manager - DEBUG - test_database_manager.py:109 - Répertoire supprimé: test_test_temp_db_isolation_assets_l_hxhhfr
2025-11-11 09:22:08 - facturacion_facil.test_database_manager - DEBUG - test_database_manager.py:53 - Base de données de test créée: test_test_temp_db_isolation_second_test_2tlt5abu.db
2025-11-11 09:22:08 - facturacion_facil.test_database_manager - DEBUG - test_database_manager.py:78 - Répertoire de test créé: test_test_temp_db_isolation_second_test_assets_func9c_r
2025-11-11 09:22:08 - facturacion_facil.test_database_manager - DEBUG - test_database_manager.py:98 - Base de données supprimée: test_test_temp_db_isolation_second_test_2tlt5abu.db
2025-11-11 09:22:08 - facturacion_facil.test_database_manager - DEBUG - test_database_manager.py:109 - Répertoire supprimé: test_test_temp_db_isolation_second_test_assets_func9c_r
2025-11-11 09:22:08 - facturacion_facil.test_database_manager - DEBUG - test_database_manager.py:53 - Base de données de test créée: test_test_isolated_db_fixture_u82tz_je.db
2025-11-11 09:22:08 - facturacion_facil.test_database_manager - DEBUG - test_database_manager.py:78 - Répertoire de test créé: test_test_isolated_db_fixture_assets_u3bwl8zx
2025-11-11 09:22:08 - facturacion_facil.test_database_manager - DEBUG - test_database_manager.py:53 - Base de données de test créée: test_test_isolated_db_fixture_5jz17xcz.db
2025-11-11 09:22:08 - facturacion_facil.test_database_manager - DEBUG - test_database_manager.py:98 - Base de données supprimée: test_test_isolated_db_fixture_u82tz_je.db
2025-11-11 09:22:08 - facturacion_facil.test_database_manager - DEBUG - test_database_manager.py:98 - Base de données supprimée: test_test_isolated_db_fixture_5jz17xcz.db
2025-11-11 09:22:08 - facturacion_facil.test_database_manager - DEBUG - test_database_manager.py:109 - Répertoire supprimé: test_test_isolated_db_fixture_assets_u3bwl8zx
2025-11-11 09:22:08 - facturacion_facil.test_database_manager - DEBUG - test_database_manager.py:53 - Base de données de test créée: test_test_clean_db_fixture_2lhve904.db
2025-11-11 09:22:08 - facturacion_facil.test_database_manager - DEBUG - test_database_manager.py:78 - Répertoire de test créé: test_test_clean_db_fixture_assets_htyqc48w
2025-11-11 09:22:08 - facturacion_facil.test_database_manager - DEBUG - test_database_manager.py:224 - Base de données remise à zéro
2025-11-11 09:22:08 - facturacion_facil.test_database_manager - DEBUG - test_database_manager.py:98 - Base de données supprimée: test_test_clean_db_fixture_2lhve904.db
2025-11-11 09:22:08 - facturacion_facil.test_database_manager - DEBUG - test_database_manager.py:109 - Répertoire supprimé: test_test_clean_db_fixture_assets_htyqc48w
2025-11-11 09:22:08 - facturacion_facil.test_database_manager - DEBUG - test_database_manager.py:53 - Base de données de test créée: test_test_isolated_environment_context_manager_xijqlhf3.db
2025-11-11 09:22:08 - facturacion_facil.test_database_manager - DEBUG - test_database_manager.py:78 - Répertoire de test créé: test_test_isolated_environment_context_manager_assets_uf1vd3nh
2025-11-11 09:22:08 - facturacion_facil.test_database_manager - DEBUG - test_database_manager.py:53 - Base de données de test créée: test_test_context_xzemucev.db
2025-11-11 09:22:08 - facturacion_facil.test_database_manager - DEBUG - test_database_manager.py:78 - Répertoire de test créé: test_test_context_md2o0ulk
2025-11-11 09:22:08 - facturacion_facil.test_database_manager - DEBUG - test_database_manager.py:194 - Environnement nettoyé: test_context
2025-11-11 09:22:08 - facturacion_facil.test_database_manager - DEBUG - test_database_manager.py:98 - Base de données supprimée: test_test_isolated_environment_context_manager_xijqlhf3.db
2025-11-11 09:22:08 - facturacion_facil.test_database_manager - DEBUG - test_database_manager.py:109 - Répertoire supprimé: test_test_isolated_environment_context_manager_assets_uf1vd3nh
2025-11-11 09:22:08 - facturacion_facil.test_database_manager - DEBUG - test_database_manager.py:53 - Base de données de test créée: test_test_database_manager_stats_vsjnuqmk.db
2025-11-11 09:22:08 - facturacion_facil.test_database_manager - DEBUG - test_database_manager.py:78 - Répertoire de test créé: test_test_database_manager_stats_assets_70ecf9f1
2025-11-11 09:22:08 - facturacion_facil.test_database_manager - DEBUG - test_database_manager.py:53 - Base de données de test créée: test_stats_test_1_df6sxzy1.db
2025-11-11 09:22:08 - facturacion_facil.test_database_manager - DEBUG - test_database_manager.py:53 - Base de données de test créée: test_stats_test_2_5r4k6an6.db
2025-11-11 09:22:08 - facturacion_facil.test_database_manager - DEBUG - test_database_manager.py:78 - Répertoire de test créé: test_stats_test_dir_4rsmco21
2025-11-11 09:22:08 - facturacion_facil.test_database_manager - DEBUG - test_database_manager.py:98 - Base de données supprimée: test_test_database_manager_stats_vsjnuqmk.db
2025-11-11 09:22:08 - facturacion_facil.test_database_manager - DEBUG - test_database_manager.py:98 - Base de données supprimée: test_stats_test_1_df6sxzy1.db
2025-11-11 09:22:08 - facturacion_facil.test_database_manager - DEBUG - test_database_manager.py:98 - Base de données supprimée: test_stats_test_2_5r4k6an6.db
2025-11-11 09:22:08 - facturacion_facil.test_database_manager - DEBUG - test_database_manager.py:109 - Répertoire supprimé: test_test_database_manager_stats_assets_70ecf9f1
2025-11-11 09:22:08 - facturacion_facil.test_database_manager - DEBUG - test_database_manager.py:109 - Répertoire supprimé: test_stats_test_dir_4rsmco21
2025-11-11 09:22:08 - facturacion_facil.test_database_manager - DEBUG - test_database_manager.py:53 - Base de données de test créée: test_test_database_reset_functionality_nqkx3u2d.db
2025-11-11 09:22:08 - facturacion_facil.test_database_manager - DEBUG - test_database_manager.py:78 - Répertoire de test créé: test_test_database_reset_functionality_assets_cs2kfd17
2025-11-11 09:22:08 - facturacion_facil.test_database_manager - DEBUG - test_database_manager.py:224 - Base de données remise à zéro
2025-11-11 09:22:08 - facturacion_facil.test_database_manager - DEBUG - test_database_manager.py:98 - Base de données supprimée: test_test_database_reset_functionality_nqkx3u2d.db
2025-11-11 09:22:08 - facturacion_facil.test_database_manager - DEBUG - test_database_manager.py:109 - Répertoire supprimé: test_test_database_reset_functionality_assets_cs2kfd17
2025-11-11 09:22:08 - facturacion_facil.test_database_manager - DEBUG - test_database_manager.py:53 - Base de données de test créée: test_test_concurrent_database_isolation_dc6a2jo3.db
2025-11-11 09:22:08 - facturacion_facil.test_database_manager - DEBUG - test_database_manager.py:78 - Répertoire de test créé: test_test_concurrent_database_isolation_assets_26dhe2zo
2025-11-11 09:22:08 - facturacion_facil.test_database_manager - DEBUG - test_database_manager.py:53 - Base de données de test créée: test_concurrent_0_waq83yn8.db
2025-11-11 09:22:08 - facturacion_facil.test_database_manager - DEBUG - test_database_manager.py:53 - Base de données de test créée: test_concurrent_1_9_ad8zsz.db
2025-11-11 09:22:08 - facturacion_facil.test_database_manager - DEBUG - test_database_manager.py:53 - Base de données de test créée: test_concurrent_2_4b0e0ghf.db
2025-11-11 09:22:08 - facturacion_facil.test_database_manager - DEBUG - test_database_manager.py:98 - Base de données supprimée: test_concurrent_0_waq83yn8.db
2025-11-11 09:22:08 - facturacion_facil.test_database_manager - DEBUG - test_database_manager.py:98 - Base de données supprimée: test_concurrent_1_9_ad8zsz.db
2025-11-11 09:22:08 - facturacion_facil.test_database_manager - DEBUG - test_database_manager.py:98 - Base de données supprimée: test_concurrent_2_4b0e0ghf.db
2025-11-11 09:22:08 - facturacion_facil.test_database_manager - DEBUG - test_database_manager.py:98 - Base de données supprimée: test_test_concurrent_database_isolation_dc6a2jo3.db
2025-11-11 09:22:08 - facturacion_facil.test_database_manager - DEBUG - test_database_manager.py:109 - Répertoire supprimé: test_test_concurrent_database_isolation_assets_26dhe2zo
2025-11-11 09:22:08 - facturacion_facil.test_database_manager - DEBUG - test_database_manager.py:53 - Base de données de test créée: test_test_database_path_uniqueness_oqjas9hy.db
2025-11-11 09:22:08 - facturacion_facil.test_database_manager - DEBUG - test_database_manager.py:78 - Répertoire de test créé: test_test_database_path_uniqueness_assets_axh7n7nz
2025-11-11 09:22:08 - facturacion_facil.test_database_manager - DEBUG - test_database_manager.py:53 - Base de données de test créée: test_unique_test_0_9w0720rx.db
2025-11-11 09:22:08 - facturacion_facil.test_database_manager - DEBUG - test_database_manager.py:53 - Base de données de test créée: test_unique_test_1_avk1hva6.db
2025-11-11 09:22:08 - facturacion_facil.test_database_manager - DEBUG - test_database_manager.py:53 - Base de données de test créée: test_unique_test_2_t5y5puuz.db
2025-11-11 09:22:08 - facturacion_facil.test_database_manager - DEBUG - test_database_manager.py:53 - Base de données de test créée: test_unique_test_3_w9edyibc.db
2025-11-11 09:22:08 - facturacion_facil.test_database_manager - DEBUG - test_database_manager.py:53 - Base de données de test créée: test_unique_test_4_c_31q5qx.db
2025-11-11 09:22:08 - facturacion_facil.test_database_manager - DEBUG - test_database_manager.py:98 - Base de données supprimée: test_test_database_path_uniqueness_oqjas9hy.db
2025-11-11 09:22:08 - facturacion_facil.test_database_manager - DEBUG - test_database_manager.py:98 - Base de données supprimée: test_unique_test_0_9w0720rx.db
2025-11-11 09:22:08 - facturacion_facil.test_database_manager - DEBUG - test_database_manager.py:98 - Base de données supprimée: test_unique_test_1_avk1hva6.db
2025-11-11 09:22:08 - facturacion_facil.test_database_manager - DEBUG - test_database_manager.py:98 - Base de données supprimée: test_unique_test_2_t5y5puuz.db
2025-11-11 09:22:08 - facturacion_facil.test_database_manager - DEBUG - test_database_manager.py:98 - Base de données supprimée: test_unique_test_3_w9edyibc.db
2025-11-11 09:22:08 - facturacion_facil.test_database_manager - DEBUG - test_database_manager.py:98 - Base de données supprimée: test_unique_test_4_c_31q5qx.db
2025-11-11 09:22:08 - facturacion_facil.test_database_manager - DEBUG - test_database_manager.py:109 - Répertoire supprimé: test_test_database_path_uniqueness_assets_axh7n7nz
2025-11-11 09:22:08 - facturacion_facil.test_database_manager - DEBUG - test_database_manager.py:53 - Base de données de test créée: test_test_ejemplos_validacion_facturas_dxrlq0vd.db
2025-11-11 09:22:08 - facturacion_facil.test_database_manager - DEBUG - test_database_manager.py:78 - Répertoire de test créé: test_test_ejemplos_validacion_facturas_assets_r6_k4lke
2025-11-11 09:22:08 - facturacion_facil.test_database_manager - DEBUG - test_database_manager.py:98 - Base de données supprimée: test_test_ejemplos_validacion_facturas_dxrlq0vd.db
2025-11-11 09:22:08 - facturacion_facil.test_database_manager - DEBUG - test_database_manager.py:109 - Répertoire supprimé: test_test_ejemplos_validacion_facturas_assets_r6_k4lke
2025-11-11 09:22:08 - facturacion_facil.test_database_manager - DEBUG - test_database_manager.py:78 - Répertoire de test créé: test_test_factura_creation_assets_btukw68j
2025-11-11 09:22:08 - facturacion_facil.test_database_manager - DEBUG - test_database_manager.py:109 - Répertoire supprimé: test_test_factura_creation_assets_btukw68j
2025-11-11 09:22:08 - facturacion_facil.test_database_manager - DEBUG - test_database_manager.py:78 - Répertoire de test créé: test_test_factura_save_and_retrieve_assets_6c5dzhpy
2025-11-11 09:22:08 - facturacion_facil.test_database_manager - DEBUG - test_database_manager.py:109 - Répertoire supprimé: test_test_factura_save_and_retrieve_assets_6c5dzhpy
2025-11-11 09:22:08 - facturacion_facil.test_database_manager - DEBUG - test_database_manager.py:78 - Répertoire de test créé: test_test_factura_get_all_assets_uadh1lx9
2025-11-11 09:22:08 - facturacion_facil.test_database_manager - DEBUG - test_database_manager.py:109 - Répertoire supprimé: test_test_factura_get_all_assets_uadh1lx9
2025-11-11 09:22:08 - facturacion_facil.test_database_manager - DEBUG - test_database_manager.py:78 - Répertoire de test créé: test_test_factura_delete_assets_8ekn57bk
2025-11-11 09:22:08 - facturacion_facil.test_database_manager - DEBUG - test_database_manager.py:109 - Répertoire supprimé: test_test_factura_delete_assets_8ekn57bk
2025-11-11 09:22:08 - facturacion_facil.test_database_manager - DEBUG - test_database_manager.py:78 - Répertoire de test créé: test_test_factura_calculate_totals_assets_6jv5f3r9
2025-11-11 09:22:08 - facturacion_facil.test_database_manager - DEBUG - test_database_manager.py:109 - Répertoire supprimé: test_test_factura_calculate_totals_assets_6jv5f3r9
2025-11-11 09:22:08 - facturacion_facil.test_database_manager - DEBUG - test_database_manager.py:78 - Répertoire de test créé: test_test_get_next_numero_assets_onaljdsb
2025-11-11 09:22:08 - facturacion_facil.test_database_manager - DEBUG - test_database_manager.py:109 - Répertoire supprimé: test_test_get_next_numero_assets_onaljdsb
2025-11-11 09:22:08 - facturacion_facil.test_database_manager - DEBUG - test_database_manager.py:78 - Répertoire de test créé: test_test_factura_item_creation_assets_689zu7r4
2025-11-11 09:22:08 - facturacion_facil.test_database_manager - DEBUG - test_database_manager.py:109 - Répertoire supprimé: test_test_factura_item_creation_assets_689zu7r4
2025-11-11 09:22:08 - facturacion_facil.test_database_manager - DEBUG - test_database_manager.py:78 - Répertoire de test créé: test_test_factura_item_calculate_totals_assets_fqggqd32
2025-11-11 09:22:08 - facturacion_facil.test_database_manager - DEBUG - test_database_manager.py:109 - Répertoire supprimé: test_test_factura_item_calculate_totals_assets_fqggqd32
2025-11-11 09:22:08 - facturacion_facil.test_database_manager - DEBUG - test_database_manager.py:78 - Répertoire de test créé: test_test_factura_item_no_discount_assets_ct9flln2
2025-11-11 09:22:08 - facturacion_facil.test_database_manager - DEBUG - test_database_manager.py:109 - Répertoire supprimé: test_test_factura_item_no_discount_assets_ct9flln2
2025-11-11 09:22:08 - facturacion_facil.test_database_manager - DEBUG - test_database_manager.py:78 - Répertoire de test créé: test_test_factura_item_save_and_retrieve_assets_22uibvrs
2025-11-11 09:22:08 - facturacion_facil.test_database_manager - DEBUG - test_database_manager.py:109 - Répertoire supprimé: test_test_factura_item_save_and_retrieve_assets_22uibvrs
2025-11-11 09:22:08 - facturacion_facil.test_database_manager - DEBUG - test_database_manager.py:53 - Base de données de test créée: test_test_file_manager_basic_cx72ln57.db
2025-11-11 09:22:08 - facturacion_facil.test_database_manager - DEBUG - test_database_manager.py:78 - Répertoire de test créé: test_test_file_manager_basic_assets_kxnlw325
2025-11-11 09:22:08 - facturacion_facil.file_manager_test_files - DEBUG - file_manager.py:41 - Répertoire: /tmp/tmpt7aotqmr/test_files
2025-11-11 09:22:08 - facturacion_facil.file_manager_test_files - ERROR - file_manager.py:88 - Erreur sauvegarde fichier: [Errno 2] No such file or directory: '/tmp/tmpt7aotqmr/test_files/test_prefix_8d6e1926.txt'
2025-11-11 09:22:08 - facturacion_facil.test_database_manager - DEBUG - test_database_manager.py:98 - Base de données supprimée: test_test_file_manager_basic_cx72ln57.db
2025-11-11 09:22:08 - facturacion_facil.test_database_manager - DEBUG - test_database_manager.py:109 - Répertoire supprimé: test_test_file_manager_basic_assets_kxnlw325
2025-11-11 09:22:08 - facturacion_facil.test_database_manager - DEBUG - test_database_manager.py:53 - Base de données de test créée: test_test_image_file_manager_x8gzoj_c.db
2025-11-11 09:22:08 - facturacion_facil.test_database_manager - DEBUG - test_database_manager.py:78 - Répertoire de test créé: test_test_image_file_manager_assets_4jlu53it
2025-11-11 09:22:08 - facturacion_facil.file_manager_test_images - DEBUG - file_manager.py:41 - Répertoire: /home/pascal/development/for_django/facturacion_facil/data/test_images
2025-11-11 09:22:08 - facturacion_facil.file_manager_test_images - INFO - file_manager.py:81 - Fichier copié: test_image.png -> test_image_b9d3ec98.png
2025-11-11 09:22:08 - facturacion_facil.file_manager_test_images - WARNING - file_manager.py:285 - Fichier non valide comme image: /tmp/tmpcwzjssea/invalid.txt
2025-11-11 09:22:08 - facturacion_facil.file_manager_test_images - INFO - file_manager.py:112 - Fichier supprimé: test_image_b9d3ec98.png
2025-11-11 09:22:08 - facturacion_facil.test_database_manager - DEBUG - test_database_manager.py:98 - Base de données supprimée: test_test_image_file_manager_x8gzoj_c.db
2025-11-11 09:22:08 - facturacion_facil.test_database_manager - DEBUG - test_database_manager.py:109 - Répertoire supprimé: test_test_image_file_manager_assets_4jlu53it
2025-11-11 09:22:08 - facturacion_facil.test_database_manager - DEBUG - test_database_manager.py:53 - Base de données de test créée: test_test_logo_manager_refactored_3f8kaed1.db
2025-11-11 09:22:08 - facturacion_facil.test_database_manager - DEBUG - test_database_manager.py:78 - Répertoire de test créé: test_test_logo_manager_refactored_assets_tyef9ha8
2025-11-11 09:22:08 - facturacion_facil.file_manager_logos - DEBUG - file_manager.py:41 - Répertoire: /home/pascal/development/for_django/facturacion_facil/data/logos
2025-11-11 09:22:08 - facturacion_facil.file_manager_logos - INFO - file_manager.py:81 - Fichier copié: test_logo.png -> Test_Company_logo_fa1650a0.png
2025-11-11 09:22:08 - facturacion_facil.file_manager_logos - INFO - file_manager.py:112 - Fichier supprimé: Test_Company_logo_fa1650a0.png
2025-11-11 09:22:08 - facturacion_facil.test_database_manager - DEBUG - test_database_manager.py:98 - Base de données supprimée: test_test_logo_manager_refactored_3f8kaed1.db
2025-11-11 09:22:08 - facturacion_facil.test_database_manager - DEBUG - test_database_manager.py:109 - Répertoire supprimé: test_test_logo_manager_refactored_assets_tyef9ha8
2025-11-11 09:22:08 - facturacion_facil.test_database_manager - DEBUG - test_database_manager.py:53 - Base de données de test créée: test_test_logger_creation_qi_3o4ly.db
2025-11-11 09:22:08 - facturacion_facil.test_database_manager - DEBUG - test_database_manager.py:78 - Répertoire de test créé: test_test_logger_creation_assets_b1v5ht0w
2025-11-11 09:22:08 - facturacion_facil - INFO - logger.py:138 - Test de mensaje INFO
2025-11-11 09:22:08 - facturacion_facil - WARNING - logger.py:151 - Test de mensaje WARNING
2025-11-11 09:22:08 - facturacion_facil - DEBUG - logger.py:156 - Test de mensaje DEBUG
2025-11-11 09:22:08 - facturacion_facil - ERROR - logger.py:146 - Test de mensaje ERROR
2025-11-11 09:22:08 - facturacion_facil.test_database_manager - DEBUG - test_database_manager.py:98 - Base de données supprimée: test_test_logger_creation_qi_3o4ly.db
2025-11-11 09:22:08 - facturacion_facil.test_database_manager - DEBUG - test_database_manager.py:109 - Répertoire supprimé: test_test_logger_creation_assets_b1v5ht0w
2025-11-11 09:22:08 - facturacion_facil.test_database_manager - DEBUG - test_database_manager.py:53 - Base de données de test créée: test_test_module_loggers_gvnpjygm.db
2025-11-11 09:22:08 - facturacion_facil.test_database_manager - DEBUG - test_database_manager.py:78 - Répertoire de test créé: test_test_module_loggers_assets_g9ioh6dg
2025-11-11 09:22:08 - facturacion_facil.productos - INFO - test_logging_system.py:67 - Test desde módulo productos
2025-11-11 09:22:08 - facturacion_facil.database - INFO - test_logging_system.py:68 - Test desde módulo database
2025-11-11 09:22:08 - facturacion_facil.ui - INFO - test_logging_system.py:69 - Test desde módulo ui
2025-11-11 09:22:08 - facturacion_facil.test_database_manager - DEBUG - test_database_manager.py:98 - Base de données supprimée: test_test_module_loggers_gvnpjygm.db
2025-11-11 09:22:08 - facturacion_facil.test_database_manager - DEBUG - test_database_manager.py:109 - Répertoire supprimé: test_test_module_loggers_assets_g9ioh6dg
2025-11-11 09:22:08 - facturacion_facil.test_database_manager - DEBUG - test_database_manager.py:53 - Base de données de test créée: test_test_logging_functions_jxsteib3.db
2025-11-11 09:22:08 - facturacion_facil.test_database_manager - DEBUG - test_database_manager.py:78 - Répertoire de test créé: test_test_logging_functions_assets_gx5uyb7_
2025-11-11 09:22:08 - facturacion_facil - INFO - logger.py:96 - Acción usuario: Test acción - Detalles de la acción
2025-11-11 09:22:08 - facturacion_facil - DEBUG - logger.py:100 - DB SELECT en productos: Test query
2025-11-11 09:22:08 - facturacion_facil - DEBUG - logger.py:104 - Archivo COPY: /test/file.txt - Test file operation
2025-11-11 09:22:08 - facturacion_facil - ERROR - logger.py:92 - Excepción en test_logging_functions: Test exception
Traceback (most recent call last):
  File "/home/pascal/for_django/facturacion_facil/test/unit/test_logging_system.py", line 95, in test_logging_functions
    raise ValueError("Test exception")
ValueError: Test exception
2025-11-11 09:22:08 - facturacion_facil.test_database_manager - DEBUG - test_database_manager.py:98 - Base de données supprimée: test_test_logging_functions_jxsteib3.db
2025-11-11 09:22:08 - facturacion_facil.test_database_manager - DEBUG - test_database_manager.py:109 - Répertoire supprimé: test_test_logging_functions_assets_gx5uyb7_
2025-11-11 09:22:08 - facturacion_facil.test_database_manager - DEBUG - test_database_manager.py:53 - Base de données de test créée: test_test_log_file_content_fn6cfc6d.db
2025-11-11 09:22:08 - facturacion_facil.test_database_manager - DEBUG - test_database_manager.py:78 - Répertoire de test créé: test_test_log_file_content_assets_67_0ua0n
2025-11-11 09:22:08 - facturacion_facil.test_database_manager - DEBUG - test_database_manager.py:98 - Base de données supprimée: test_test_log_file_content_fn6cfc6d.db
2025-11-11 09:22:08 - facturacion_facil.test_database_manager - DEBUG - test_database_manager.py:109 - Répertoire supprimé: test_test_log_file_content_assets_67_0ua0n
2025-11-11 09:22:08 - facturacion_facil.test_database_manager - DEBUG - test_database_manager.py:53 - Base de données de test créée: test_test_log_rotation_u7gz3tt0.db
2025-11-11 09:22:08 - facturacion_facil.test_database_manager - DEBUG - test_database_manager.py:78 - Répertoire de test créé: test_test_log_rotation_assets_0w3qq01e
2025-11-11 09:22:08 - facturacion_facil.test_database_manager - DEBUG - test_database_manager.py:98 - Base de données supprimée: test_test_log_rotation_u7gz3tt0.db
2025-11-11 09:22:08 - facturacion_facil.test_database_manager - DEBUG - test_database_manager.py:109 - Répertoire supprimé: test_test_log_rotation_assets_0w3qq01e
2025-11-11 09:22:08 - facturacion_facil.test_database_manager - DEBUG - test_database_manager.py:53 - Base de données de test créée: test_test_session_logger_ieq2yu6x.db
2025-11-11 09:22:08 - facturacion_facil.test_database_manager - DEBUG - test_database_manager.py:78 - Répertoire de test créé: test_test_session_logger_assets_bofljaym
2025-11-11 09:22:08 - facturacion_facil.session - INFO - logger.py:124 - === Nueva sesión iniciada: 20251111_092208 ===
2025-11-11 09:22:08 - facturacion_facil.session - INFO - test_logging_system.py:168 - Test de sesión específica
2025-11-11 09:22:08 - facturacion_facil.session - WARNING - test_logging_system.py:169 - Test warning en sesión
2025-11-11 09:22:08 - facturacion_facil.test_database_manager - DEBUG - test_database_manager.py:98 - Base de données supprimée: test_test_session_logger_ieq2yu6x.db
2025-11-11 09:22:08 - facturacion_facil.test_database_manager - DEBUG - test_database_manager.py:109 - Répertoire supprimé: test_test_session_logger_assets_bofljaym
2025-11-11 09:22:08 - facturacion_facil.test_database_manager - DEBUG - test_database_manager.py:53 - Base de données de test créée: test_test_producto_creation_insog2oz.db
2025-11-11 09:22:08 - facturacion_facil.test_database_manager - DEBUG - test_database_manager.py:78 - Répertoire de test créé: test_test_producto_creation_assets_xqtx5vap
2025-11-11 09:22:08 - facturacion_facil.test_database_manager - DEBUG - test_database_manager.py:98 - Base de données supprimée: test_test_producto_creation_insog2oz.db
2025-11-11 09:22:08 - facturacion_facil.test_database_manager - DEBUG - test_database_manager.py:109 - Répertoire supprimé: test_test_producto_creation_assets_xqtx5vap
2025-11-11 09:22:08 - facturacion_facil.test_database_manager - DEBUG - test_database_manager.py:53 - Base de données de test créée: test_test_producto_creation_with_defaults_8i95bduq.db
2025-11-11 09:22:08 - facturacion_facil.test_database_manager - DEBUG - test_database_manager.py:78 - Répertoire de test créé: test_test_producto_creation_with_defaults_assets_i9swk8b2
2025-11-11 09:22:08 - facturacion_facil.test_database_manager - DEBUG - test_database_manager.py:98 - Base de données supprimée: test_test_producto_creation_with_defaults_8i95bduq.db
2025-11-11 09:22:08 - facturacion_facil.test_database_manager - DEBUG - test_database_manager.py:109 - Répertoire supprimé: test_test_producto_creation_with_defaults_assets_i9swk8b2
2025-11-11 09:22:08 - facturacion_facil.test_database_manager - DEBUG - test_database_manager.py:53 - Base de données de test créée: test_test_producto_save_new_7tyre7oy.db
2025-11-11 09:22:08 - facturacion_facil.test_database_manager - DEBUG - test_database_manager.py:78 - Répertoire de test créé: test_test_producto_save_new_assets_9ti8twle
2025-11-11 09:22:08 - facturacion_facil.test_database_manager - DEBUG - test_database_manager.py:98 - Base de données supprimée: test_test_producto_save_new_7tyre7oy.db
2025-11-11 09:22:08 - facturacion_facil.test_database_manager - DEBUG - test_database_manager.py:109 - Répertoire supprimé: test_test_producto_save_new_assets_9ti8twle
2025-11-11 09:22:08 - facturacion_facil.test_database_manager - DEBUG - test_database_manager.py:53 - Base de données de test créée: test_test_producto_save_existing_f4a_pxdm.db
2025-11-11 09:22:08 - facturacion_facil.test_database_manager - DEBUG - test_database_manager.py:78 - Répertoire de test créé: test_test_producto_save_existing_assets_juilydwq
2025-11-11 09:22:08 - facturacion_facil.test_database_manager - DEBUG - test_database_manager.py:98 - Base de données supprimée: test_test_producto_save_existing_f4a_pxdm.db
2025-11-11 09:22:08 - facturacion_facil.test_database_manager - DEBUG - test_database_manager.py:109 - Répertoire supprimé: test_test_producto_save_existing_assets_juilydwq
2025-11-11 09:22:08 - facturacion_facil.test_database_manager - DEBUG - test_database_manager.py:53 - Base de données de test créée: test_test_producto_delete_jbgwad8w.db
2025-11-11 09:22:08 - facturacion_facil.test_database_manager - DEBUG - test_database_manager.py:78 - Répertoire de test créé: test_test_producto_delete_assets_ou36e2e5
2025-11-11 09:22:08 - facturacion_facil.test_database_manager - DEBUG - test_database_manager.py:98 - Base de données supprimée: test_test_producto_delete_jbgwad8w.db
2025-11-11 09:22:08 - facturacion_facil.test_database_manager - DEBUG - test_database_manager.py:109 - Répertoire supprimé: test_test_producto_delete_assets_ou36e2e5
2025-11-11 09:22:08 - facturacion_facil.test_database_manager - DEBUG - test_database_manager.py:53 - Base de données de test créée: test_test_producto_get_all_eze2xi2x.db
2025-11-11 09:22:08 - facturacion_facil.test_database_manager - DEBUG - test_database_manager.py:78 - Répertoire de test créé: test_test_producto_get_all_assets_lnpy0doz
2025-11-11 09:22:08 - facturacion_facil.test_database_manager - DEBUG - test_database_manager.py:98 - Base de données supprimée: test_test_producto_get_all_eze2xi2x.db
2025-11-11 09:22:08 - facturacion_facil.test_database_manager - DEBUG - test_database_manager.py:109 - Répertoire supprimé: test_test_producto_get_all_assets_lnpy0doz
2025-11-11 09:22:08 - facturacion_facil.test_database_manager - DEBUG - test_database_manager.py:53 - Base de données de test créée: test_test_producto_get_by_id_egbhlfq5.db
2025-11-11 09:22:08 - facturacion_facil.test_database_manager - DEBUG - test_database_manager.py:78 - Répertoire de test créé: test_test_producto_get_by_id_assets_zmm0zz1v
2025-11-11 09:22:08 - facturacion_facil.test_database_manager - DEBUG - test_database_manager.py:98 - Base de données supprimée: test_test_producto_get_by_id_egbhlfq5.db
2025-11-11 09:22:08 - facturacion_facil.test_database_manager - DEBUG - test_database_manager.py:109 - Répertoire supprimé: test_test_producto_get_by_id_assets_zmm0zz1v
2025-11-11 09:22:08 - facturacion_facil.test_database_manager - DEBUG - test_database_manager.py:53 - Base de données de test créée: test_test_producto_get_by_id_not_found_uqfv7yds.db
2025-11-11 09:22:08 - facturacion_facil.test_database_manager - DEBUG - test_database_manager.py:78 - Répertoire de test créé: test_test_producto_get_by_id_not_found_assets_9yp1s8lz
2025-11-11 09:22:08 - facturacion_facil.test_database_manager - DEBUG - test_database_manager.py:98 - Base de données supprimée: test_test_producto_get_by_id_not_found_uqfv7yds.db
2025-11-11 09:22:08 - facturacion_facil.test_database_manager - DEBUG - test_database_manager.py:109 - Répertoire supprimé: test_test_producto_get_by_id_not_found_assets_9yp1s8lz
2025-11-11 09:22:08 - facturacion_facil.test_database_manager - DEBUG - test_database_manager.py:53 - Base de données de test créée: test_test_producto_unique_referencia_h0mq54tz.db
2025-11-11 09:22:08 - facturacion_facil.test_database_manager - DEBUG - test_database_manager.py:78 - Répertoire de test créé: test_test_producto_unique_referencia_assets_0jyqbyb8
2025-11-11 09:22:08 - facturacion_facil.test_database_manager - DEBUG - test_database_manager.py:98 - Base de données supprimée: test_test_producto_unique_referencia_h0mq54tz.db
2025-11-11 09:22:08 - facturacion_facil.test_database_manager - DEBUG - test_database_manager.py:109 - Répertoire supprimé: test_test_producto_unique_referencia_assets_0jyqbyb8
2025-11-11 09:22:08 - facturacion_facil.test_database_manager - DEBUG - test_database_manager.py:53 - Base de données de test créée: test_test_organizacion_creation_ad2en6ym.db
2025-11-11 09:22:08 - facturacion_facil.test_database_manager - DEBUG - test_database_manager.py:78 - Répertoire de test créé: test_test_organizacion_creation_assets_a0f4srko
2025-11-11 09:22:08 - facturacion_facil.test_database_manager - DEBUG - test_database_manager.py:98 - Base de données supprimée: test_test_organizacion_creation_ad2en6ym.db
2025-11-11 09:22:08 - facturacion_facil.test_database_manager - DEBUG - test_database_manager.py:109 - Répertoire supprimé: test_test_organizacion_creation_assets_a0f4srko
2025-11-11 09:22:08 - facturacion_facil.test_database_manager - DEBUG - test_database_manager.py:53 - Base de données de test créée: test_test_organizacion_creation_with_defaults_7hamt0jw.db
2025-11-11 09:22:08 - facturacion_facil.test_database_manager - DEBUG - test_database_manager.py:78 - Répertoire de test créé: test_test_organizacion_creation_with_defaults_assets_omg5q6de
2025-11-11 09:22:08 - facturacion_facil.test_database_manager - DEBUG - test_database_manager.py:98 - Base de données supprimée: test_test_organizacion_creation_with_defaults_7hamt0jw.db
2025-11-11 09:22:08 - facturacion_facil.test_database_manager - DEBUG - test_database_manager.py:109 - Répertoire supprimé: test_test_organizacion_creation_with_defaults_assets_omg5q6de
2025-11-11 09:22:08 - facturacion_facil.test_database_manager - DEBUG - test_database_manager.py:53 - Base de données de test créée: test_test_organizacion_save_new_kefc39k9.db
2025-11-11 09:22:08 - facturacion_facil.test_database_manager - DEBUG - test_database_manager.py:78 - Répertoire de test créé: test_test_organizacion_save_new_assets_z1h3d9sy
2025-11-11 09:22:08 - facturacion_facil.test_database_manager - DEBUG - test_database_manager.py:98 - Base de données supprimée: test_test_organizacion_save_new_kefc39k9.db
2025-11-11 09:22:08 - facturacion_facil.test_database_manager - DEBUG - test_database_manager.py:109 - Répertoire supprimé: test_test_organizacion_save_new_assets_z1h3d9sy
2025-11-11 09:22:08 - facturacion_facil.test_database_manager - DEBUG - test_database_manager.py:53 - Base de données de test créée: test_test_organizacion_save_update_iai391k0.db
2025-11-11 09:22:08 - facturacion_facil.test_database_manager - DEBUG - test_database_manager.py:78 - Répertoire de test créé: test_test_organizacion_save_update_assets_vf_7ee5s
2025-11-11 09:22:08 - facturacion_facil.test_database_manager - DEBUG - test_database_manager.py:98 - Base de données supprimée: test_test_organizacion_save_update_iai391k0.db
2025-11-11 09:22:08 - facturacion_facil.test_database_manager - DEBUG - test_database_manager.py:109 - Répertoire supprimé: test_test_organizacion_save_update_assets_vf_7ee5s
2025-11-11 09:22:08 - facturacion_facil.test_database_manager - DEBUG - test_database_manager.py:53 - Base de données de test créée: test_test_organizacion_get_du2qck36.db
2025-11-11 09:22:08 - facturacion_facil.test_database_manager - DEBUG - test_database_manager.py:78 - Répertoire de test créé: test_test_organizacion_get_assets_vak6fcdr
2025-11-11 09:22:08 - facturacion_facil.test_database_manager - DEBUG - test_database_manager.py:98 - Base de données supprimée: test_test_organizacion_get_du2qck36.db
2025-11-11 09:22:08 - facturacion_facil.test_database_manager - DEBUG - test_database_manager.py:109 - Répertoire supprimé: test_test_organizacion_get_assets_vak6fcdr
2025-11-11 09:22:08 - facturacion_facil.test_database_manager - DEBUG - test_database_manager.py:53 - Base de données de test créée: test_test_organizacion_get_empty_7_dom1s8.db
2025-11-11 09:22:08 - facturacion_facil.test_database_manager - DEBUG - test_database_manager.py:78 - Répertoire de test créé: test_test_organizacion_get_empty_assets_p8enhbn8
2025-11-11 09:22:08 - facturacion_facil.test_database_manager - DEBUG - test_database_manager.py:98 - Base de données supprimée: test_test_organizacion_get_empty_7_dom1s8.db
2025-11-11 09:22:08 - facturacion_facil.test_database_manager - DEBUG - test_database_manager.py:109 - Répertoire supprimé: test_test_organizacion_get_empty_assets_p8enhbn8
2025-11-11 09:22:08 - facturacion_facil.test_database_manager - DEBUG - test_database_manager.py:53 - Base de données de test créée: test_test_stock_creation_blxkjnsb.db
2025-11-11 09:22:08 - facturacion_facil.test_database_manager - DEBUG - test_database_manager.py:78 - Répertoire de test créé: test_test_stock_creation_assets_z_9pzhvk
2025-11-11 09:22:08 - facturacion_facil.test_database_manager - DEBUG - test_database_manager.py:98 - Base de données supprimée: test_test_stock_creation_blxkjnsb.db
2025-11-11 09:22:08 - facturacion_facil.test_database_manager - DEBUG - test_database_manager.py:109 - Répertoire supprimé: test_test_stock_creation_assets_z_9pzhvk
2025-11-11 09:22:08 - facturacion_facil.test_database_manager - DEBUG - test_database_manager.py:53 - Base de données de test créée: test_test_stock_creation_with_defaults_hocxq5cd.db
2025-11-11 09:22:08 - facturacion_facil.test_database_manager - DEBUG - test_database_manager.py:78 - Répertoire de test créé: test_test_stock_creation_with_defaults_assets_tb2icea6
2025-11-11 09:22:08 - facturacion_facil.test_database_manager - DEBUG - test_database_manager.py:98 - Base de données supprimée: test_test_stock_creation_with_defaults_hocxq5cd.db
2025-11-11 09:22:08 - facturacion_facil.test_database_manager - DEBUG - test_database_manager.py:109 - Répertoire supprimé: test_test_stock_creation_with_defaults_assets_tb2icea6
2025-11-11 09:22:08 - facturacion_facil.test_database_manager - DEBUG - test_database_manager.py:53 - Base de données de test créée: test_test_stock_create_for_product_nqibmndu.db
2025-11-11 09:22:08 - facturacion_facil.test_database_manager - DEBUG - test_database_manager.py:78 - Répertoire de test créé: test_test_stock_create_for_product_assets_u4e18xfn
2025-11-11 09:22:08 - facturacion_facil.test_database_manager - DEBUG - test_database_manager.py:98 - Base de données supprimée: test_test_stock_create_for_product_nqibmndu.db
2025-11-11 09:22:08 - facturacion_facil.test_database_manager - DEBUG - test_database_manager.py:109 - Répertoire supprimé: test_test_stock_create_for_product_assets_u4e18xfn
2025-11-11 09:22:08 - facturacion_facil.test_database_manager - DEBUG - test_database_manager.py:53 - Base de données de test créée: test_test_stock_get_by_product_je_5ixgq.db
2025-11-11 09:22:08 - facturacion_facil.test_database_manager - DEBUG - test_database_manager.py:78 - Répertoire de test créé: test_test_stock_get_by_product_assets_d54fk60f
2025-11-11 09:22:08 - facturacion_facil.test_database_manager - DEBUG - test_database_manager.py:98 - Base de données supprimée: test_test_stock_get_by_product_je_5ixgq.db
2025-11-11 09:22:08 - facturacion_facil.test_database_manager - DEBUG - test_database_manager.py:109 - Répertoire supprimé: test_test_stock_get_by_product_assets_d54fk60f
2025-11-11 09:22:08 - facturacion_facil.test_database_manager - DEBUG - test_database_manager.py:53 - Base de données de test créée: test_test_stock_get_by_product_not_found_s7d9j9hg.db
2025-11-11 09:22:08 - facturacion_facil.test_database_manager - DEBUG - test_database_manager.py:78 - Répertoire de test créé: test_test_stock_get_by_product_not_found_assets_rjcnkape
2025-11-11 09:22:08 - facturacion_facil.test_database_manager - DEBUG - test_database_manager.py:98 - Base de données supprimée: test_test_stock_get_by_product_not_found_s7d9j9hg.db
2025-11-11 09:22:08 - facturacion_facil.test_database_manager - DEBUG - test_database_manager.py:109 - Répertoire supprimé: test_test_stock_get_by_product_not_found_assets_rjcnkape
2025-11-11 09:22:08 - facturacion_facil.test_database_manager - DEBUG - test_database_manager.py:53 - Base de données de test créée: test_test_stock_update_stock_ge6gzvvw.db
2025-11-11 09:22:08 - facturacion_facil.test_database_manager - DEBUG - test_database_manager.py:78 - Répertoire de test créé: test_test_stock_update_stock_assets_ail5uyre
2025-11-11 09:22:08 - facturacion_facil.test_database_manager - DEBUG - test_database_manager.py:98 - Base de données supprimée: test_test_stock_update_stock_ge6gzvvw.db
2025-11-11 09:22:08 - facturacion_facil.test_database_manager - DEBUG - test_database_manager.py:109 - Répertoire supprimé: test_test_stock_update_stock_assets_ail5uyre
2025-11-11 09:22:08 - facturacion_facil.test_database_manager - DEBUG - test_database_manager.py:53 - Base de données de test créée: test_test_stock_update_stock_negative_prevention_85knk0th.db
2025-11-11 09:22:08 - facturacion_facil.test_database_manager - DEBUG - test_database_manager.py:78 - Répertoire de test créé: test_test_stock_update_stock_negative_prevention_assets_c63mh2m4
2025-11-11 09:22:08 - facturacion_facil.test_database_manager - DEBUG - test_database_manager.py:98 - Base de données supprimée: test_test_stock_update_stock_negative_prevention_85knk0th.db
2025-11-11 09:22:08 - facturacion_facil.test_database_manager - DEBUG - test_database_manager.py:109 - Répertoire supprimé: test_test_stock_update_stock_negative_prevention_assets_c63mh2m4
2025-11-11 09:22:08 - facturacion_facil.test_database_manager - DEBUG - test_database_manager.py:53 - Base de données de test créée: test_test_precio_con_iva_calculation[100.0-21.0-121.0]_3ya5lws0.db
2025-11-11 09:22:08 - facturacion_facil.test_database_manager - DEBUG - test_database_manager.py:78 - Répertoire de test créé: test_test_precio_con_iva_calculation[100.0-21.0-121.0]_assets_whcc5hja
2025-11-11 09:22:08 - facturacion_facil.test_database_manager - DEBUG - test_database_manager.py:98 - Base de données supprimée: test_test_precio_con_iva_calculation[100.0-21.0-121.0]_3ya5lws0.db
2025-11-11 09:22:08 - facturacion_facil.test_database_manager - DEBUG - test_database_manager.py:109 - Répertoire supprimé: test_test_precio_con_iva_calculation[100.0-21.0-121.0]_assets_whcc5hja
2025-11-11 09:22:08 - facturacion_facil.test_database_manager - DEBUG - test_database_manager.py:53 - Base de données de test créée: test_test_precio_con_iva_calculation[50.0-10.0-55.0]_y5yk7xlg.db
2025-11-11 09:22:08 - facturacion_facil.test_database_manager - DEBUG - test_database_manager.py:78 - Répertoire de test créé: test_test_precio_con_iva_calculation[50.0-10.0-55.0]_assets_gapsi7jl
2025-11-11 09:22:08 - facturacion_facil.test_database_manager - DEBUG - test_database_manager.py:98 - Base de données supprimée: test_test_precio_con_iva_calculation[50.0-10.0-55.0]_y5yk7xlg.db
2025-11-11 09:22:08 - facturacion_facil.test_database_manager - DEBUG - test_database_manager.py:109 - Répertoire supprimé: test_test_precio_con_iva_calculation[50.0-10.0-55.0]_assets_gapsi7jl
2025-11-11 09:22:08 - facturacion_facil.test_database_manager - DEBUG - test_database_manager.py:53 - Base de données de test créée: test_test_precio_con_iva_calculation[25.5-4.0-26.52]_719641lq.db
2025-11-11 09:22:08 - facturacion_facil.test_database_manager - DEBUG - test_database_manager.py:78 - Répertoire de test créé: test_test_precio_con_iva_calculation[25.5-4.0-26.52]_assets_9s0kkqwv
2025-11-11 09:22:08 - facturacion_facil.test_database_manager - DEBUG - test_database_manager.py:98 - Base de données supprimée: test_test_precio_con_iva_calculation[25.5-4.0-26.52]_719641lq.db
2025-11-11 09:22:08 - facturacion_facil.test_database_manager - DEBUG - test_database_manager.py:109 - Répertoire supprimé: test_test_precio_con_iva_calculation[25.5-4.0-26.52]_assets_9s0kkqwv
2025-11-11 09:22:08 - facturacion_facil.test_database_manager - DEBUG - test_database_manager.py:53 - Base de données de test créée: test_test_precio_con_iva_calculation[0.0-21.0-0.0]_vdna89ii.db
2025-11-11 09:22:08 - facturacion_facil.test_database_manager - DEBUG - test_database_manager.py:78 - Répertoire de test créé: test_test_precio_con_iva_calculation[0.0-21.0-0.0]_assets_r8nwzei_
2025-11-11 09:22:08 - facturacion_facil.test_database_manager - DEBUG - test_database_manager.py:98 - Base de données supprimée: test_test_precio_con_iva_calculation[0.0-21.0-0.0]_vdna89ii.db
2025-11-11 09:22:08 - facturacion_facil.test_database_manager - DEBUG - test_database_manager.py:109 - Répertoire supprimé: test_test_precio_con_iva_calculation[0.0-21.0-0.0]_assets_r8nwzei_
2025-11-11 09:22:08 - facturacion_facil.test_database_manager - DEBUG - test_database_manager.py:53 - Base de données de test créée: test_test_precio_con_iva_calculation[999.99-0.0-999.99]_b7umm3ai.db
2025-11-11 09:22:08 - facturacion_facil.test_database_manager - DEBUG - test_database_manager.py:78 - Répertoire de test créé: test_test_precio_con_iva_calculation[999.99-0.0-999.99]_assets_4i8_70g5
2025-11-11 09:22:08 - facturacion_facil.test_database_manager - DEBUG - test_database_manager.py:98 - Base de données supprimée: test_test_precio_con_iva_calculation[999.99-0.0-999.99]_b7umm3ai.db
2025-11-11 09:22:08 - facturacion_facil.test_database_manager - DEBUG - test_database_manager.py:109 - Répertoire supprimé: test_test_precio_con_iva_calculation[999.99-0.0-999.99]_assets_4i8_70g5
2025-11-11 09:22:09 - facturacion_facil.test_database_manager - DEBUG - test_database_manager.py:53 - Base de données de test créée: test_test_referencia_validation[PROD001-True]_xmbgqfy8.db
2025-11-11 09:22:09 - facturacion_facil.test_database_manager - DEBUG - test_database_manager.py:78 - Répertoire de test créé: test_test_referencia_validation[PROD001-True]_assets_ijxdbyih
2025-11-11 09:22:09 - facturacion_facil.test_database_manager - DEBUG - test_database_manager.py:98 - Base de données supprimée: test_test_referencia_validation[PROD001-True]_xmbgqfy8.db
2025-11-11 09:22:09 - facturacion_facil.test_database_manager - DEBUG - test_database_manager.py:109 - Répertoire supprimé: test_test_referencia_validation[PROD001-True]_assets_ijxdbyih
2025-11-11 09:22:09 - facturacion_facil.test_database_manager - DEBUG - test_database_manager.py:53 - Base de données de test créée: test_test_referencia_validation[TEST-123-True]_8srj0v2l.db
2025-11-11 09:22:09 - facturacion_facil.test_database_manager - DEBUG - test_database_manager.py:78 - Répertoire de test créé: test_test_referencia_validation[TEST-123-True]_assets_fdvrrqng
2025-11-11 09:22:09 - facturacion_facil.test_database_manager - DEBUG - test_database_manager.py:98 - Base de données supprimée: test_test_referencia_validation[TEST-123-True]_8srj0v2l.db
2025-11-11 09:22:09 - facturacion_facil.test_database_manager - DEBUG - test_database_manager.py:109 - Répertoire supprimé: test_test_referencia_validation[TEST-123-True]_assets_fdvrrqng
2025-11-11 09:22:09 - facturacion_facil.test_database_manager - DEBUG - test_database_manager.py:53 - Base de données de test créée: test_test_referencia_validation[ABC_456-True]_4uieek0s.db
2025-11-11 09:22:09 - facturacion_facil.test_database_manager - DEBUG - test_database_manager.py:78 - Répertoire de test créé: test_test_referencia_validation[ABC_456-True]_assets_x4q5vo39
2025-11-11 09:22:09 - facturacion_facil.test_database_manager - DEBUG - test_database_manager.py:98 - Base de données supprimée: test_test_referencia_validation[ABC_456-True]_4uieek0s.db
2025-11-11 09:22:09 - facturacion_facil.test_database_manager - DEBUG - test_database_manager.py:109 - Répertoire supprimé: test_test_referencia_validation[ABC_456-True]_assets_x4q5vo39
2025-11-11 09:22:09 - facturacion_facil.test_database_manager - DEBUG - test_database_manager.py:53 - Base de données de test créée: test_test_referencia_validation[-False]_qzs5vonz.db
2025-11-11 09:22:09 - facturacion_facil.test_database_manager - DEBUG - test_database_manager.py:78 - Répertoire de test créé: test_test_referencia_validation[-False]_assets_g87keg0b
2025-11-11 09:22:09 - facturacion_facil.test_database_manager - DEBUG - test_database_manager.py:98 - Base de données supprimée: test_test_referencia_validation[-False]_qzs5vonz.db
2025-11-11 09:22:09 - facturacion_facil.test_database_manager - DEBUG - test_database_manager.py:109 - Répertoire supprimé: test_test_referencia_validation[-False]_assets_g87keg0b
2025-11-11 09:22:09 - facturacion_facil.test_database_manager - DEBUG - test_database_manager.py:53 - Base de données de test créée: test_test_referencia_validation[   -False]_9_j20ka5.db
2025-11-11 09:22:09 - facturacion_facil.test_database_manager - DEBUG - test_database_manager.py:78 - Répertoire de test créé: test_test_referencia_validation[   -False]_assets_piq17b7m
2025-11-11 09:22:09 - facturacion_facil.test_database_manager - DEBUG - test_database_manager.py:98 - Base de données supprimée: test_test_referencia_validation[   -False]_9_j20ka5.db
2025-11-11 09:22:09 - facturacion_facil.test_database_manager - DEBUG - test_database_manager.py:109 - Répertoire supprimé: test_test_referencia_validation[   -False]_assets_piq17b7m
2025-11-11 09:22:09 - facturacion_facil.test_database_manager - DEBUG - test_database_manager.py:53 - Base de données de test créée: test_test_referencia_validation[PROD 001-True]_h02bwg_e.db
2025-11-11 09:22:09 - facturacion_facil.test_database_manager - DEBUG - test_database_manager.py:78 - Répertoire de test créé: test_test_referencia_validation[PROD 001-True]_assets_h4h5e1ph
2025-11-11 09:22:09 - facturacion_facil.test_database_manager - DEBUG - test_database_manager.py:98 - Base de données supprimée: test_test_referencia_validation[PROD 001-True]_h02bwg_e.db
2025-11-11 09:22:09 - facturacion_facil.test_database_manager - DEBUG - test_database_manager.py:109 - Répertoire supprimé: test_test_referencia_validation[PROD 001-True]_assets_h4h5e1ph
2025-11-11 09:22:09 - facturacion_facil.test_database_manager - DEBUG - test_database_manager.py:53 - Base de données de test créée: test_test_referencia_validation[TR\xc8S-LONG-R\xc9F\xc9RENCE-QUI-D\xc9PASSE-LIMITE-True]_3gkp3na1.db
2025-11-11 09:22:09 - facturacion_facil.test_database_manager - DEBUG - test_database_manager.py:78 - Répertoire de test créé: test_test_referencia_validation[TR\xc8S-LONG-R\xc9F\xc9RENCE-QUI-D\xc9PASSE-LIMITE-True]_assets_k3w6resb
2025-11-11 09:22:09 - facturacion_facil.test_database_manager - DEBUG - test_database_manager.py:98 - Base de données supprimée: test_test_referencia_validation[TR\xc8S-LONG-R\xc9F\xc9RENCE-QUI-D\xc9PASSE-LIMITE-True]_3gkp3na1.db
2025-11-11 09:22:09 - facturacion_facil.test_database_manager - DEBUG - test_database_manager.py:109 - Répertoire supprimé: test_test_referencia_validation[TR\xc8S-LONG-R\xc9F\xc9RENCE-QUI-D\xc9PASSE-LIMITE-True]_assets_k3w6resb
2025-11-11 09:22:09 - facturacion_facil.test_database_manager - DEBUG - test_database_manager.py:53 - Base de données de test créée: test_test_categorias_validas[Electr\xf3nicos]_x9gfh6t5.db
2025-11-11 09:22:09 - facturacion_facil.test_database_manager - DEBUG - test_database_manager.py:78 - Répertoire de test créé: test_test_categorias_validas[Electr\xf3nicos]_assets_1afqut2j
2025-11-11 09:22:09 - facturacion_facil.test_database_manager - DEBUG - test_database_manager.py:98 - Base de données supprimée: test_test_categorias_validas[Electr\xf3nicos]_x9gfh6t5.db
2025-11-11 09:22:09 - facturacion_facil.test_database_manager - DEBUG - test_database_manager.py:109 - Répertoire supprimé: test_test_categorias_validas[Electr\xf3nicos]_assets_1afqut2j
2025-11-11 09:22:09 - facturacion_facil.test_database_manager - DEBUG - test_database_manager.py:53 - Base de données de test créée: test_test_categorias_validas[Ropa y Accesorios]_ea3k8m4c.db
2025-11-11 09:22:09 - facturacion_facil.test_database_manager - DEBUG - test_database_manager.py:78 - Répertoire de test créé: test_test_categorias_validas[Ropa y Accesorios]_assets_8v6r7r7l
2025-11-11 09:22:09 - facturacion_facil.test_database_manager - DEBUG - test_database_manager.py:98 - Base de données supprimée: test_test_categorias_validas[Ropa y Accesorios]_ea3k8m4c.db
2025-11-11 09:22:09 - facturacion_facil.test_database_manager - DEBUG - test_database_manager.py:109 - Répertoire supprimé: test_test_categorias_validas[Ropa y Accesorios]_assets_8v6r7r7l
2025-11-11 09:22:09 - facturacion_facil.test_database_manager - DEBUG - test_database_manager.py:53 - Base de données de test créée: test_test_categorias_validas[Hogar y Jard\xedn]_04ubrzn_.db
2025-11-11 09:22:09 - facturacion_facil.test_database_manager - DEBUG - test_database_manager.py:78 - Répertoire de test créé: test_test_categorias_validas[Hogar y Jard\xedn]_assets_h32sblva
2025-11-11 09:22:09 - facturacion_facil.test_database_manager - DEBUG - test_database_manager.py:98 - Base de données supprimée: test_test_categorias_validas[Hogar y Jard\xedn]_04ubrzn_.db
2025-11-11 09:22:09 - facturacion_facil.test_database_manager - DEBUG - test_database_manager.py:109 - Répertoire supprimé: test_test_categorias_validas[Hogar y Jard\xedn]_assets_h32sblva
2025-11-11 09:22:09 - facturacion_facil.test_database_manager - DEBUG - test_database_manager.py:53 - Base de données de test créée: test_test_categorias_validas[Deportes]_n9la6qq8.db
2025-11-11 09:22:09 - facturacion_facil.test_database_manager - DEBUG - test_database_manager.py:78 - Répertoire de test créé: test_test_categorias_validas[Deportes]_assets_91ro40bl
2025-11-11 09:22:09 - facturacion_facil.test_database_manager - DEBUG - test_database_manager.py:98 - Base de données supprimée: test_test_categorias_validas[Deportes]_n9la6qq8.db
2025-11-11 09:22:09 - facturacion_facil.test_database_manager - DEBUG - test_database_manager.py:109 - Répertoire supprimé: test_test_categorias_validas[Deportes]_assets_91ro40bl
2025-11-11 09:22:09 - facturacion_facil.test_database_manager - DEBUG - test_database_manager.py:53 - Base de données de test créée: test_test_categorias_validas[Libros]_z71_6r2k.db
2025-11-11 09:22:09 - facturacion_facil.test_database_manager - DEBUG - test_database_manager.py:78 - Répertoire de test créé: test_test_categorias_validas[Libros]_assets_xnwde6qu
2025-11-11 09:22:09 - facturacion_facil.test_database_manager - DEBUG - test_database_manager.py:98 - Base de données supprimée: test_test_categorias_validas[Libros]_z71_6r2k.db
2025-11-11 09:22:09 - facturacion_facil.test_database_manager - DEBUG - test_database_manager.py:109 - Répertoire supprimé: test_test_categorias_validas[Libros]_assets_xnwde6qu
2025-11-11 09:22:09 - facturacion_facil.test_database_manager - DEBUG - test_database_manager.py:53 - Base de données de test créée: test_test_categorias_validas[Alimentaci\xf3n]_wi1f7wmk.db
2025-11-11 09:22:09 - facturacion_facil.test_database_manager - DEBUG - test_database_manager.py:78 - Répertoire de test créé: test_test_categorias_validas[Alimentaci\xf3n]_assets_6zvxb6er
2025-11-11 09:22:09 - facturacion_facil.test_database_manager - DEBUG - test_database_manager.py:98 - Base de données supprimée: test_test_categorias_validas[Alimentaci\xf3n]_wi1f7wmk.db
2025-11-11 09:22:09 - facturacion_facil.test_database_manager - DEBUG - test_database_manager.py:109 - Répertoire supprimé: test_test_categorias_validas[Alimentaci\xf3n]_assets_6zvxb6er
2025-11-11 09:22:09 - facturacion_facil.test_database_manager - DEBUG - test_database_manager.py:53 - Base de données de test créée: test_test_categorias_validas[Salud y Belleza]_y9tiglez.db
2025-11-11 09:22:09 - facturacion_facil.test_database_manager - DEBUG - test_database_manager.py:78 - Répertoire de test créé: test_test_categorias_validas[Salud y Belleza]_assets_wqk55kdk
2025-11-11 09:22:09 - facturacion_facil.test_database_manager - DEBUG - test_database_manager.py:98 - Base de données supprimée: test_test_categorias_validas[Salud y Belleza]_y9tiglez.db
2025-11-11 09:22:09 - facturacion_facil.test_database_manager - DEBUG - test_database_manager.py:109 - Répertoire supprimé: test_test_categorias_validas[Salud y Belleza]_assets_wqk55kdk
2025-11-11 09:22:09 - facturacion_facil.test_database_manager - DEBUG - test_database_manager.py:53 - Base de données de test créée: test_test_iva_rates_spain[0]_y8vt8who.db
2025-11-11 09:22:09 - facturacion_facil.test_database_manager - DEBUG - test_database_manager.py:78 - Répertoire de test créé: test_test_iva_rates_spain[0]_assets_gp1vr5_d
2025-11-11 09:22:09 - facturacion_facil.test_database_manager - DEBUG - test_database_manager.py:98 - Base de données supprimée: test_test_iva_rates_spain[0]_y8vt8who.db
2025-11-11 09:22:09 - facturacion_facil.test_database_manager - DEBUG - test_database_manager.py:109 - Répertoire supprimé: test_test_iva_rates_spain[0]_assets_gp1vr5_d
2025-11-11 09:22:09 - facturacion_facil.test_database_manager - DEBUG - test_database_manager.py:53 - Base de données de test créée: test_test_iva_rates_spain[4]_qm84i7pm.db
2025-11-11 09:22:09 - facturacion_facil.test_database_manager - DEBUG - test_database_manager.py:78 - Répertoire de test créé: test_test_iva_rates_spain[4]_assets_85pafq60
2025-11-11 09:22:09 - facturacion_facil.test_database_manager - DEBUG - test_database_manager.py:98 - Base de données supprimée: test_test_iva_rates_spain[4]_qm84i7pm.db
2025-11-11 09:22:09 - facturacion_facil.test_database_manager - DEBUG - test_database_manager.py:109 - Répertoire supprimé: test_test_iva_rates_spain[4]_assets_85pafq60
2025-11-11 09:22:09 - facturacion_facil.test_database_manager - DEBUG - test_database_manager.py:53 - Base de données de test créée: test_test_iva_rates_spain[10]_f9yal0wu.db
2025-11-11 09:22:09 - facturacion_facil.test_database_manager - DEBUG - test_database_manager.py:78 - Répertoire de test créé: test_test_iva_rates_spain[10]_assets_4fp0eh3d
2025-11-11 09:22:09 - facturacion_facil.test_database_manager - DEBUG - test_database_manager.py:98 - Base de données supprimée: test_test_iva_rates_spain[10]_f9yal0wu.db
2025-11-11 09:22:09 - facturacion_facil.test_database_manager - DEBUG - test_database_manager.py:109 - Répertoire supprimé: test_test_iva_rates_spain[10]_assets_4fp0eh3d
2025-11-11 09:22:09 - facturacion_facil.test_database_manager - DEBUG - test_database_manager.py:53 - Base de données de test créée: test_test_iva_rates_spain[21]_ykxcv3zn.db
2025-11-11 09:22:09 - facturacion_facil.test_database_manager - DEBUG - test_database_manager.py:78 - Répertoire de test créé: test_test_iva_rates_spain[21]_assets_p4sd1bd4
2025-11-11 09:22:09 - facturacion_facil.test_database_manager - DEBUG - test_database_manager.py:98 - Base de données supprimée: test_test_iva_rates_spain[21]_ykxcv3zn.db
2025-11-11 09:22:09 - facturacion_facil.test_database_manager - DEBUG - test_database_manager.py:109 - Répertoire supprimé: test_test_iva_rates_spain[21]_assets_p4sd1bd4
2025-11-11 09:22:09 - facturacion_facil.test_database_manager - DEBUG - test_database_manager.py:53 - Base de données de test créée: test_test_translations_quality[app_title-str-5]_55yov0pz.db
2025-11-11 09:22:09 - facturacion_facil.test_database_manager - DEBUG - test_database_manager.py:78 - Répertoire de test créé: test_test_translations_quality[app_title-str-5]_assets_zfg3nm1x
2025-11-11 09:22:09 - facturacion_facil.test_database_manager - DEBUG - test_database_manager.py:98 - Base de données supprimée: test_test_translations_quality[app_title-str-5]_55yov0pz.db
2025-11-11 09:22:09 - facturacion_facil.test_database_manager - DEBUG - test_database_manager.py:109 - Répertoire supprimé: test_test_translations_quality[app_title-str-5]_assets_zfg3nm1x
2025-11-11 09:22:09 - facturacion_facil.test_database_manager - DEBUG - test_database_manager.py:53 - Base de données de test créée: test_test_translations_quality[productos-str-3]_ku9r5nzg.db
2025-11-11 09:22:09 - facturacion_facil.test_database_manager - DEBUG - test_database_manager.py:78 - Répertoire de test créé: test_test_translations_quality[productos-str-3]_assets__cvdak4k
2025-11-11 09:22:09 - facturacion_facil.test_database_manager - DEBUG - test_database_manager.py:98 - Base de données supprimée: test_test_translations_quality[productos-str-3]_ku9r5nzg.db
2025-11-11 09:22:09 - facturacion_facil.test_database_manager - DEBUG - test_database_manager.py:109 - Répertoire supprimé: test_test_translations_quality[productos-str-3]_assets__cvdak4k
2025-11-11 09:22:09 - facturacion_facil.test_database_manager - DEBUG - test_database_manager.py:53 - Base de données de test créée: test_test_translations_quality[nueva_factura-str-5]_1ok7vzby.db
2025-11-11 09:22:09 - facturacion_facil.test_database_manager - DEBUG - test_database_manager.py:78 - Répertoire de test créé: test_test_translations_quality[nueva_factura-str-5]_assets_8rms80bm
2025-11-11 09:22:09 - facturacion_facil.test_database_manager - DEBUG - test_database_manager.py:98 - Base de données supprimée: test_test_translations_quality[nueva_factura-str-5]_1ok7vzby.db
2025-11-11 09:22:09 - facturacion_facil.test_database_manager - DEBUG - test_database_manager.py:109 - Répertoire supprimé: test_test_translations_quality[nueva_factura-str-5]_assets_8rms80bm
2025-11-11 09:22:09 - facturacion_facil.test_database_manager - DEBUG - test_database_manager.py:53 - Base de données de test créée: test_test_translations_quality[confirmar_eliminacion-str-10]_hmq5et1d.db
2025-11-11 09:22:09 - facturacion_facil.test_database_manager - DEBUG - test_database_manager.py:78 - Répertoire de test créé: test_test_translations_quality[confirmar_eliminacion-str-10]_assets_89lbnlqn
2025-11-11 09:22:09 - facturacion_facil.test_database_manager - DEBUG - test_database_manager.py:98 - Base de données supprimée: test_test_translations_quality[confirmar_eliminacion-str-10]_hmq5et1d.db
2025-11-11 09:22:09 - facturacion_facil.test_database_manager - DEBUG - test_database_manager.py:109 - Répertoire supprimé: test_test_translations_quality[confirmar_eliminacion-str-10]_assets_89lbnlqn
2025-11-11 09:22:09 - facturacion_facil.test_database_manager - DEBUG - test_database_manager.py:53 - Base de données de test créée: test_test_translations_quality[campo_requerido-str-5]_y9ezme49.db
2025-11-11 09:22:09 - facturacion_facil.test_database_manager - DEBUG - test_database_manager.py:78 - Répertoire de test créé: test_test_translations_quality[campo_requerido-str-5]_assets_oo9wajs3
2025-11-11 09:22:09 - facturacion_facil.test_database_manager - DEBUG - test_database_manager.py:98 - Base de données supprimée: test_test_translations_quality[campo_requerido-str-5]_y9ezme49.db
2025-11-11 09:22:09 - facturacion_facil.test_database_manager - DEBUG - test_database_manager.py:109 - Répertoire supprimé: test_test_translations_quality[campo_requerido-str-5]_assets_oo9wajs3
2025-11-11 09:22:09 - facturacion_facil.test_database_manager - DEBUG - test_database_manager.py:53 - Base de données de test créée: test_test_calcul_ligne_factura[10.0-1-0-10.0]_z7yu8mf8.db
2025-11-11 09:22:09 - facturacion_facil.test_database_manager - DEBUG - test_database_manager.py:78 - Répertoire de test créé: test_test_calcul_ligne_factura[10.0-1-0-10.0]_assets_9rfrp9uk
2025-11-11 09:22:09 - facturacion_facil.test_database_manager - DEBUG - test_database_manager.py:98 - Base de données supprimée: test_test_calcul_ligne_factura[10.0-1-0-10.0]_z7yu8mf8.db
2025-11-11 09:22:09 - facturacion_facil.test_database_manager - DEBUG - test_database_manager.py:109 - Répertoire supprimé: test_test_calcul_ligne_factura[10.0-1-0-10.0]_assets_9rfrp9uk
2025-11-11 09:22:09 - facturacion_facil.test_database_manager - DEBUG - test_database_manager.py:53 - Base de données de test créée: test_test_calcul_ligne_factura[10.0-2-0-20.0]_9xtgm988.db
2025-11-11 09:22:09 - facturacion_facil.test_database_manager - DEBUG - test_database_manager.py:78 - Répertoire de test créé: test_test_calcul_ligne_factura[10.0-2-0-20.0]_assets_jg2_4rr7
2025-11-11 09:22:09 - facturacion_facil.test_database_manager - DEBUG - test_database_manager.py:98 - Base de données supprimée: test_test_calcul_ligne_factura[10.0-2-0-20.0]_9xtgm988.db
2025-11-11 09:22:09 - facturacion_facil.test_database_manager - DEBUG - test_database_manager.py:109 - Répertoire supprimé: test_test_calcul_ligne_factura[10.0-2-0-20.0]_assets_jg2_4rr7
2025-11-11 09:22:09 - facturacion_facil.test_database_manager - DEBUG - test_database_manager.py:53 - Base de données de test créée: test_test_calcul_ligne_factura[10.0-1-10-9.0]_1rcogw8w.db
2025-11-11 09:22:09 - facturacion_facil.test_database_manager - DEBUG - test_database_manager.py:78 - Répertoire de test créé: test_test_calcul_ligne_factura[10.0-1-10-9.0]_assets_yj7g5ean
2025-11-11 09:22:09 - facturacion_facil.test_database_manager - DEBUG - test_database_manager.py:98 - Base de données supprimée: test_test_calcul_ligne_factura[10.0-1-10-9.0]_1rcogw8w.db
2025-11-11 09:22:09 - facturacion_facil.test_database_manager - DEBUG - test_database_manager.py:109 - Répertoire supprimé: test_test_calcul_ligne_factura[10.0-1-10-9.0]_assets_yj7g5ean
2025-11-11 09:22:09 - facturacion_facil.test_database_manager - DEBUG - test_database_manager.py:53 - Base de données de test créée: test_test_calcul_ligne_factura[100.0-3-15-255.0]_f8u25fvk.db
2025-11-11 09:22:09 - facturacion_facil.test_database_manager - DEBUG - test_database_manager.py:78 - Répertoire de test créé: test_test_calcul_ligne_factura[100.0-3-15-255.0]_assets_gym68q6b
2025-11-11 09:22:09 - facturacion_facil.test_database_manager - DEBUG - test_database_manager.py:98 - Base de données supprimée: test_test_calcul_ligne_factura[100.0-3-15-255.0]_f8u25fvk.db
2025-11-11 09:22:09 - facturacion_facil.test_database_manager - DEBUG - test_database_manager.py:109 - Répertoire supprimé: test_test_calcul_ligne_factura[100.0-3-15-255.0]_assets_gym68q6b
2025-11-11 09:22:09 - facturacion_facil.test_database_manager - DEBUG - test_database_manager.py:53 - Base de données de test créée: test_test_calcul_ligne_factura[50.0-0-0-0.0]_7tn8c2uo.db
2025-11-11 09:22:09 - facturacion_facil.test_database_manager - DEBUG - test_database_manager.py:78 - Répertoire de test créé: test_test_calcul_ligne_factura[50.0-0-0-0.0]_assets_bxc3sxpa
2025-11-11 09:22:09 - facturacion_facil.test_database_manager - DEBUG - test_database_manager.py:98 - Base de données supprimée: test_test_calcul_ligne_factura[50.0-0-0-0.0]_7tn8c2uo.db
2025-11-11 09:22:09 - facturacion_facil.test_database_manager - DEBUG - test_database_manager.py:109 - Répertoire supprimé: test_test_calcul_ligne_factura[50.0-0-0-0.0]_assets_bxc3sxpa
2025-11-11 09:22:09 - facturacion_facil.test_database_manager - DEBUG - test_database_manager.py:53 - Base de données de test créée: test_test_producto_combinations[Laptop Dell-DELL-001]_8rtgypv5.db
2025-11-11 09:22:09 - facturacion_facil.test_database_manager - DEBUG - test_database_manager.py:78 - Répertoire de test créé: test_test_producto_combinations[Laptop Dell-DELL-001]_assets_96fvy_sf
2025-11-11 09:22:09 - facturacion_facil.test_database_manager - DEBUG - test_database_manager.py:98 - Base de données supprimée: test_test_producto_combinations[Laptop Dell-DELL-001]_8rtgypv5.db
2025-11-11 09:22:09 - facturacion_facil.test_database_manager - DEBUG - test_database_manager.py:109 - Répertoire supprimé: test_test_producto_combinations[Laptop Dell-DELL-001]_assets_96fvy_sf
2025-11-11 09:22:09 - facturacion_facil.test_database_manager - DEBUG - test_database_manager.py:53 - Base de données de test créée: test_test_producto_combinations[iPhone 15-APPLE-IP15]_05ab06_a.db
2025-11-11 09:22:09 - facturacion_facil.test_database_manager - DEBUG - test_database_manager.py:78 - Répertoire de test créé: test_test_producto_combinations[iPhone 15-APPLE-IP15]_assets_9f_time5
2025-11-11 09:22:09 - facturacion_facil.test_database_manager - DEBUG - test_database_manager.py:98 - Base de données supprimée: test_test_producto_combinations[iPhone 15-APPLE-IP15]_05ab06_a.db
2025-11-11 09:22:09 - facturacion_facil.test_database_manager - DEBUG - test_database_manager.py:109 - Répertoire supprimé: test_test_producto_combinations[iPhone 15-APPLE-IP15]_assets_9f_time5
2025-11-11 09:22:09 - facturacion_facil.test_database_manager - DEBUG - test_database_manager.py:53 - Base de données de test créée: test_test_producto_combinations[Mesa de Oficina-OFFICE-DESK]_9ddwvflp.db
2025-11-11 09:22:09 - facturacion_facil.test_database_manager - DEBUG - test_database_manager.py:78 - Répertoire de test créé: test_test_producto_combinations[Mesa de Oficina-OFFICE-DESK]_assets_tvj9xps4
2025-11-11 09:22:09 - facturacion_facil.test_database_manager - DEBUG - test_database_manager.py:98 - Base de données supprimée: test_test_producto_combinations[Mesa de Oficina-OFFICE-DESK]_9ddwvflp.db
2025-11-11 09:22:09 - facturacion_facil.test_database_manager - DEBUG - test_database_manager.py:109 - Répertoire supprimé: test_test_producto_combinations[Mesa de Oficina-OFFICE-DESK]_assets_tvj9xps4
2025-11-11 09:22:09 - facturacion_facil.test_database_manager - DEBUG - test_database_manager.py:53 - Base de données de test créée: test_test_producto_combinations[Caf\xe9 Colombiano-CAFE-COL]_3ndi_bmi.db
2025-11-11 09:22:09 - facturacion_facil.test_database_manager - DEBUG - test_database_manager.py:78 - Répertoire de test créé: test_test_producto_combinations[Caf\xe9 Colombiano-CAFE-COL]_assets_iotf__tb
2025-11-11 09:22:09 - facturacion_facil.test_database_manager - DEBUG - test_database_manager.py:98 - Base de données supprimée: test_test_producto_combinations[Caf\xe9 Colombiano-CAFE-COL]_3ndi_bmi.db
2025-11-11 09:22:09 - facturacion_facil.test_database_manager - DEBUG - test_database_manager.py:109 - Répertoire supprimé: test_test_producto_combinations[Caf\xe9 Colombiano-CAFE-COL]_assets_iotf__tb
2025-11-11 09:22:09 - facturacion_facil.test_database_manager - DEBUG - test_database_manager.py:53 - Base de données de test créée: test_test_all_precio_iva_combinations[10.0-0]_cl3j9ovi.db
2025-11-11 09:22:09 - facturacion_facil.test_database_manager - DEBUG - test_database_manager.py:78 - Répertoire de test créé: test_test_all_precio_iva_combinations[10.0-0]_assets_iw17hmjk
2025-11-11 09:22:09 - facturacion_facil.test_database_manager - DEBUG - test_database_manager.py:98 - Base de données supprimée: test_test_all_precio_iva_combinations[10.0-0]_cl3j9ovi.db
2025-11-11 09:22:09 - facturacion_facil.test_database_manager - DEBUG - test_database_manager.py:109 - Répertoire supprimé: test_test_all_precio_iva_combinations[10.0-0]_assets_iw17hmjk
2025-11-11 09:22:09 - facturacion_facil.test_database_manager - DEBUG - test_database_manager.py:53 - Base de données de test créée: test_test_all_precio_iva_combinations[10.0-4]_nxj1onkl.db
2025-11-11 09:22:09 - facturacion_facil.test_database_manager - DEBUG - test_database_manager.py:78 - Répertoire de test créé: test_test_all_precio_iva_combinations[10.0-4]_assets_umiijiws
2025-11-11 09:22:09 - facturacion_facil.test_database_manager - DEBUG - test_database_manager.py:98 - Base de données supprimée: test_test_all_precio_iva_combinations[10.0-4]_nxj1onkl.db
2025-11-11 09:22:09 - facturacion_facil.test_database_manager - DEBUG - test_database_manager.py:109 - Répertoire supprimé: test_test_all_precio_iva_combinations[10.0-4]_assets_umiijiws
2025-11-11 09:22:09 - facturacion_facil.test_database_manager - DEBUG - test_database_manager.py:53 - Base de données de test créée: test_test_all_precio_iva_combinations[10.0-10]_joaue4an.db
2025-11-11 09:22:09 - facturacion_facil.test_database_manager - DEBUG - test_database_manager.py:78 - Répertoire de test créé: test_test_all_precio_iva_combinations[10.0-10]_assets_f3e_atcp
2025-11-11 09:22:09 - facturacion_facil.test_database_manager - DEBUG - test_database_manager.py:98 - Base de données supprimée: test_test_all_precio_iva_combinations[10.0-10]_joaue4an.db
2025-11-11 09:22:09 - facturacion_facil.test_database_manager - DEBUG - test_database_manager.py:109 - Répertoire supprimé: test_test_all_precio_iva_combinations[10.0-10]_assets_f3e_atcp
2025-11-11 09:22:09 - facturacion_facil.test_database_manager - DEBUG - test_database_manager.py:53 - Base de données de test créée: test_test_all_precio_iva_combinations[10.0-21]_e9aq9407.db
2025-11-11 09:22:09 - facturacion_facil.test_database_manager - DEBUG - test_database_manager.py:78 - Répertoire de test créé: test_test_all_precio_iva_combinations[10.0-21]_assets_7xiwzoxd
2025-11-11 09:22:09 - facturacion_facil.test_database_manager - DEBUG - test_database_manager.py:98 - Base de données supprimée: test_test_all_precio_iva_combinations[10.0-21]_e9aq9407.db
2025-11-11 09:22:09 - facturacion_facil.test_database_manager - DEBUG - test_database_manager.py:109 - Répertoire supprimé: test_test_all_precio_iva_combinations[10.0-21]_assets_7xiwzoxd
2025-11-11 09:22:09 - facturacion_facil.test_database_manager - DEBUG - test_database_manager.py:53 - Base de données de test créée: test_test_all_precio_iva_combinations[25.5-0]_o_r53aps.db
2025-11-11 09:22:09 - facturacion_facil.test_database_manager - DEBUG - test_database_manager.py:78 - Répertoire de test créé: test_test_all_precio_iva_combinations[25.5-0]_assets_5v1241ta
2025-11-11 09:22:09 - facturacion_facil.test_database_manager - DEBUG - test_database_manager.py:98 - Base de données supprimée: test_test_all_precio_iva_combinations[25.5-0]_o_r53aps.db
2025-11-11 09:22:09 - facturacion_facil.test_database_manager - DEBUG - test_database_manager.py:109 - Répertoire supprimé: test_test_all_precio_iva_combinations[25.5-0]_assets_5v1241ta
2025-11-11 09:22:09 - facturacion_facil.test_database_manager - DEBUG - test_database_manager.py:53 - Base de données de test créée: test_test_all_precio_iva_combinations[25.5-4]_i_953uun.db
2025-11-11 09:22:09 - facturacion_facil.test_database_manager - DEBUG - test_database_manager.py:78 - Répertoire de test créé: test_test_all_precio_iva_combinations[25.5-4]_assets_rxp04r37
2025-11-11 09:22:09 - facturacion_facil.test_database_manager - DEBUG - test_database_manager.py:98 - Base de données supprimée: test_test_all_precio_iva_combinations[25.5-4]_i_953uun.db
2025-11-11 09:22:09 - facturacion_facil.test_database_manager - DEBUG - test_database_manager.py:109 - Répertoire supprimé: test_test_all_precio_iva_combinations[25.5-4]_assets_rxp04r37
2025-11-11 09:22:09 - facturacion_facil.test_database_manager - DEBUG - test_database_manager.py:53 - Base de données de test créée: test_test_all_precio_iva_combinations[25.5-10]_vx9ise8k.db
2025-11-11 09:22:09 - facturacion_facil.test_database_manager - DEBUG - test_database_manager.py:78 - Répertoire de test créé: test_test_all_precio_iva_combinations[25.5-10]_assets_h_jtizmh
2025-11-11 09:22:09 - facturacion_facil.test_database_manager - DEBUG - test_database_manager.py:98 - Base de données supprimée: test_test_all_precio_iva_combinations[25.5-10]_vx9ise8k.db
2025-11-11 09:22:09 - facturacion_facil.test_database_manager - DEBUG - test_database_manager.py:109 - Répertoire supprimé: test_test_all_precio_iva_combinations[25.5-10]_assets_h_jtizmh
2025-11-11 09:22:09 - facturacion_facil.test_database_manager - DEBUG - test_database_manager.py:53 - Base de données de test créée: test_test_all_precio_iva_combinations[25.5-21]_vhgyyguy.db
2025-11-11 09:22:09 - facturacion_facil.test_database_manager - DEBUG - test_database_manager.py:78 - Répertoire de test créé: test_test_all_precio_iva_combinations[25.5-21]_assets_09_gvqnq
2025-11-11 09:22:09 - facturacion_facil.test_database_manager - DEBUG - test_database_manager.py:98 - Base de données supprimée: test_test_all_precio_iva_combinations[25.5-21]_vhgyyguy.db
2025-11-11 09:22:09 - facturacion_facil.test_database_manager - DEBUG - test_database_manager.py:109 - Répertoire supprimé: test_test_all_precio_iva_combinations[25.5-21]_assets_09_gvqnq
2025-11-11 09:22:09 - facturacion_facil.test_database_manager - DEBUG - test_database_manager.py:53 - Base de données de test créée: test_test_all_precio_iva_combinations[100.0-0]_hj5bojjx.db
2025-11-11 09:22:09 - facturacion_facil.test_database_manager - DEBUG - test_database_manager.py:78 - Répertoire de test créé: test_test_all_precio_iva_combinations[100.0-0]_assets_93bb2hwx
2025-11-11 09:22:09 - facturacion_facil.test_database_manager - DEBUG - test_database_manager.py:98 - Base de données supprimée: test_test_all_precio_iva_combinations[100.0-0]_hj5bojjx.db
2025-11-11 09:22:09 - facturacion_facil.test_database_manager - DEBUG - test_database_manager.py:109 - Répertoire supprimé: test_test_all_precio_iva_combinations[100.0-0]_assets_93bb2hwx
2025-11-11 09:22:09 - facturacion_facil.test_database_manager - DEBUG - test_database_manager.py:53 - Base de données de test créée: test_test_all_precio_iva_combinations[100.0-4]_utvlc_vk.db
2025-11-11 09:22:09 - facturacion_facil.test_database_manager - DEBUG - test_database_manager.py:78 - Répertoire de test créé: test_test_all_precio_iva_combinations[100.0-4]_assets_y8ybmlr6
2025-11-11 09:22:09 - facturacion_facil.test_database_manager - DEBUG - test_database_manager.py:98 - Base de données supprimée: test_test_all_precio_iva_combinations[100.0-4]_utvlc_vk.db
2025-11-11 09:22:09 - facturacion_facil.test_database_manager - DEBUG - test_database_manager.py:109 - Répertoire supprimé: test_test_all_precio_iva_combinations[100.0-4]_assets_y8ybmlr6
2025-11-11 09:22:09 - facturacion_facil.test_database_manager - DEBUG - test_database_manager.py:53 - Base de données de test créée: test_test_all_precio_iva_combinations[100.0-10]_8ds90lbs.db
2025-11-11 09:22:09 - facturacion_facil.test_database_manager - DEBUG - test_database_manager.py:78 - Répertoire de test créé: test_test_all_precio_iva_combinations[100.0-10]_assets_7frwlvh9
2025-11-11 09:22:09 - facturacion_facil.test_database_manager - DEBUG - test_database_manager.py:98 - Base de données supprimée: test_test_all_precio_iva_combinations[100.0-10]_8ds90lbs.db
2025-11-11 09:22:09 - facturacion_facil.test_database_manager - DEBUG - test_database_manager.py:109 - Répertoire supprimé: test_test_all_precio_iva_combinations[100.0-10]_assets_7frwlvh9
2025-11-11 09:22:09 - facturacion_facil.test_database_manager - DEBUG - test_database_manager.py:53 - Base de données de test créée: test_test_all_precio_iva_combinations[100.0-21]_j8jrd2f3.db
2025-11-11 09:22:09 - facturacion_facil.test_database_manager - DEBUG - test_database_manager.py:78 - Répertoire de test créé: test_test_all_precio_iva_combinations[100.0-21]_assets_ik63jmfm
2025-11-11 09:22:09 - facturacion_facil.test_database_manager - DEBUG - test_database_manager.py:98 - Base de données supprimée: test_test_all_precio_iva_combinations[100.0-21]_j8jrd2f3.db
2025-11-11 09:22:09 - facturacion_facil.test_database_manager - DEBUG - test_database_manager.py:109 - Répertoire supprimé: test_test_all_precio_iva_combinations[100.0-21]_assets_ik63jmfm
2025-11-11 09:22:09 - facturacion_facil.test_database_manager - DEBUG - test_database_manager.py:53 - Base de données de test créée: test_test_all_precio_iva_combinations[999.99-0]_vbu09ml3.db
2025-11-11 09:22:09 - facturacion_facil.test_database_manager - DEBUG - test_database_manager.py:78 - Répertoire de test créé: test_test_all_precio_iva_combinations[999.99-0]_assets_qwgvm8td
2025-11-11 09:22:09 - facturacion_facil.test_database_manager - DEBUG - test_database_manager.py:98 - Base de données supprimée: test_test_all_precio_iva_combinations[999.99-0]_vbu09ml3.db
2025-11-11 09:22:09 - facturacion_facil.test_database_manager - DEBUG - test_database_manager.py:109 - Répertoire supprimé: test_test_all_precio_iva_combinations[999.99-0]_assets_qwgvm8td
2025-11-11 09:22:09 - facturacion_facil.test_database_manager - DEBUG - test_database_manager.py:53 - Base de données de test créée: test_test_all_precio_iva_combinations[999.99-4]_nkatqoj9.db
2025-11-11 09:22:09 - facturacion_facil.test_database_manager - DEBUG - test_database_manager.py:78 - Répertoire de test créé: test_test_all_precio_iva_combinations[999.99-4]_assets_95hfmwgk
2025-11-11 09:22:09 - facturacion_facil.test_database_manager - DEBUG - test_database_manager.py:98 - Base de données supprimée: test_test_all_precio_iva_combinations[999.99-4]_nkatqoj9.db
2025-11-11 09:22:09 - facturacion_facil.test_database_manager - DEBUG - test_database_manager.py:109 - Répertoire supprimé: test_test_all_precio_iva_combinations[999.99-4]_assets_95hfmwgk
2025-11-11 09:22:09 - facturacion_facil.test_database_manager - DEBUG - test_database_manager.py:53 - Base de données de test créée: test_test_all_precio_iva_combinations[999.99-10]_f35bjya2.db
2025-11-11 09:22:09 - facturacion_facil.test_database_manager - DEBUG - test_database_manager.py:78 - Répertoire de test créé: test_test_all_precio_iva_combinations[999.99-10]_assets_11rjhhdv
2025-11-11 09:22:09 - facturacion_facil.test_database_manager - DEBUG - test_database_manager.py:98 - Base de données supprimée: test_test_all_precio_iva_combinations[999.99-10]_f35bjya2.db
2025-11-11 09:22:09 - facturacion_facil.test_database_manager - DEBUG - test_database_manager.py:109 - Répertoire supprimé: test_test_all_precio_iva_combinations[999.99-10]_assets_11rjhhdv
2025-11-11 09:22:09 - facturacion_facil.test_database_manager - DEBUG - test_database_manager.py:53 - Base de données de test créée: test_test_all_precio_iva_combinations[999.99-21]_kj8ic6zm.db
2025-11-11 09:22:09 - facturacion_facil.test_database_manager - DEBUG - test_database_manager.py:78 - Répertoire de test créé: test_test_all_precio_iva_combinations[999.99-21]_assets_r7uqlemy
2025-11-11 09:22:09 - facturacion_facil.test_database_manager - DEBUG - test_database_manager.py:98 - Base de données supprimée: test_test_all_precio_iva_combinations[999.99-21]_kj8ic6zm.db
2025-11-11 09:22:09 - facturacion_facil.test_database_manager - DEBUG - test_database_manager.py:109 - Répertoire supprimé: test_test_all_precio_iva_combinations[999.99-21]_assets_r7uqlemy
2025-11-11 09:22:09 - facturacion_facil.test_database_manager - DEBUG - test_database_manager.py:53 - Base de données de test créée: test_test_precio_edge_cases[0.01]_la0c6y6t.db
2025-11-11 09:22:09 - facturacion_facil.test_database_manager - DEBUG - test_database_manager.py:78 - Répertoire de test créé: test_test_precio_edge_cases[0.01]_assets_szt2mvyk
2025-11-11 09:22:09 - facturacion_facil.test_database_manager - DEBUG - test_database_manager.py:98 - Base de données supprimée: test_test_precio_edge_cases[0.01]_la0c6y6t.db
2025-11-11 09:22:09 - facturacion_facil.test_database_manager - DEBUG - test_database_manager.py:109 - Répertoire supprimé: test_test_precio_edge_cases[0.01]_assets_szt2mvyk
2025-11-11 09:22:09 - facturacion_facil.test_database_manager - DEBUG - test_database_manager.py:53 - Base de données de test créée: test_test_precio_edge_cases[999999.99]_ulaak2yq.db
2025-11-11 09:22:09 - facturacion_facil.test_database_manager - DEBUG - test_database_manager.py:78 - Répertoire de test créé: test_test_precio_edge_cases[999999.99]_assets_7d6chewy
2025-11-11 09:22:09 - facturacion_facil.test_database_manager - DEBUG - test_database_manager.py:98 - Base de données supprimée: test_test_precio_edge_cases[999999.99]_ulaak2yq.db
2025-11-11 09:22:09 - facturacion_facil.test_database_manager - DEBUG - test_database_manager.py:109 - Répertoire supprimé: test_test_precio_edge_cases[999999.99]_assets_7d6chewy
2025-11-11 09:22:09 - facturacion_facil.test_database_manager - DEBUG - test_database_manager.py:53 - Base de données de test créée: test_test_precio_edge_cases[0.001]_w6dva_a8.db
2025-11-11 09:22:09 - facturacion_facil.test_database_manager - DEBUG - test_database_manager.py:78 - Répertoire de test créé: test_test_precio_edge_cases[0.001]_assets_0n_gq4ba
2025-11-11 09:22:09 - facturacion_facil.test_database_manager - DEBUG - test_database_manager.py:98 - Base de données supprimée: test_test_precio_edge_cases[0.001]_w6dva_a8.db
2025-11-11 09:22:09 - facturacion_facil.test_database_manager - DEBUG - test_database_manager.py:109 - Répertoire supprimé: test_test_precio_edge_cases[0.001]_assets_0n_gq4ba
2025-11-11 09:22:09 - facturacion_facil.test_database_manager - DEBUG - test_database_manager.py:53 - Base de données de test créée: test_test_precio_edge_cases[1e-10]_rml7zz6c.db
2025-11-11 09:22:09 - facturacion_facil.test_database_manager - DEBUG - test_database_manager.py:78 - Répertoire de test créé: test_test_precio_edge_cases[1e-10]_assets_vpb7cfyc
2025-11-11 09:22:09 - facturacion_facil.test_database_manager - DEBUG - test_database_manager.py:98 - Base de données supprimée: test_test_precio_edge_cases[1e-10]_rml7zz6c.db
2025-11-11 09:22:09 - facturacion_facil.test_database_manager - DEBUG - test_database_manager.py:109 - Répertoire supprimé: test_test_precio_edge_cases[1e-10]_assets_vpb7cfyc
2025-11-11 09:22:09 - facturacion_facil.test_database_manager - DEBUG - test_database_manager.py:53 - Base de données de test créée: test_test_precio_edge_cases[10000000000.0]_yy0e7emr.db
2025-11-11 09:22:09 - facturacion_facil.test_database_manager - DEBUG - test_database_manager.py:78 - Répertoire de test créé: test_test_precio_edge_cases[10000000000.0]_assets_pcyk51r1
2025-11-11 09:22:09 - facturacion_facil.test_database_manager - DEBUG - test_database_manager.py:98 - Base de données supprimée: test_test_precio_edge_cases[10000000000.0]_yy0e7emr.db
2025-11-11 09:22:09 - facturacion_facil.test_database_manager - DEBUG - test_database_manager.py:109 - Répertoire supprimé: test_test_precio_edge_cases[10000000000.0]_assets_pcyk51r1
2025-11-11 09:22:09 - facturacion_facil.test_database_manager - DEBUG - test_database_manager.py:53 - Base de données de test créée: test_test_special_characters_handling[\xf1]_u_oi7y23.db
2025-11-11 09:22:09 - facturacion_facil.test_database_manager - DEBUG - test_database_manager.py:78 - Répertoire de test créé: test_test_special_characters_handling[\xf1]_assets_xp8ds7zg
2025-11-11 09:22:09 - facturacion_facil.test_database_manager - DEBUG - test_database_manager.py:98 - Base de données supprimée: test_test_special_characters_handling[\xf1]_u_oi7y23.db
2025-11-11 09:22:09 - facturacion_facil.test_database_manager - DEBUG - test_database_manager.py:109 - Répertoire supprimé: test_test_special_characters_handling[\xf1]_assets_xp8ds7zg
2025-11-11 09:22:09 - facturacion_facil.test_database_manager - DEBUG - test_database_manager.py:53 - Base de données de test créée: test_test_special_characters_handling[\xe1]_6kmbxfcd.db
2025-11-11 09:22:09 - facturacion_facil.test_database_manager - DEBUG - test_database_manager.py:78 - Répertoire de test créé: test_test_special_characters_handling[\xe1]_assets_8du82xde
2025-11-11 09:22:09 - facturacion_facil.test_database_manager - DEBUG - test_database_manager.py:98 - Base de données supprimée: test_test_special_characters_handling[\xe1]_6kmbxfcd.db
2025-11-11 09:22:09 - facturacion_facil.test_database_manager - DEBUG - test_database_manager.py:109 - Répertoire supprimé: test_test_special_characters_handling[\xe1]_assets_8du82xde
2025-11-11 09:22:09 - facturacion_facil.test_database_manager - DEBUG - test_database_manager.py:53 - Base de données de test créée: test_test_special_characters_handling[\xe9]_mlpz0o72.db
2025-11-11 09:22:09 - facturacion_facil.test_database_manager - DEBUG - test_database_manager.py:78 - Répertoire de test créé: test_test_special_characters_handling[\xe9]_assets_vhgoo3z2
2025-11-11 09:22:09 - facturacion_facil.test_database_manager - DEBUG - test_database_manager.py:98 - Base de données supprimée: test_test_special_characters_handling[\xe9]_mlpz0o72.db
2025-11-11 09:22:09 - facturacion_facil.test_database_manager - DEBUG - test_database_manager.py:109 - Répertoire supprimé: test_test_special_characters_handling[\xe9]_assets_vhgoo3z2
2025-11-11 09:22:09 - facturacion_facil.test_database_manager - DEBUG - test_database_manager.py:53 - Base de données de test créée: test_test_special_characters_handling[\xed]_ufcdftu0.db
2025-11-11 09:22:09 - facturacion_facil.test_database_manager - DEBUG - test_database_manager.py:78 - Répertoire de test créé: test_test_special_characters_handling[\xed]_assets_mqigovwc
2025-11-11 09:22:09 - facturacion_facil.test_database_manager - DEBUG - test_database_manager.py:98 - Base de données supprimée: test_test_special_characters_handling[\xed]_ufcdftu0.db
2025-11-11 09:22:09 - facturacion_facil.test_database_manager - DEBUG - test_database_manager.py:109 - Répertoire supprimé: test_test_special_characters_handling[\xed]_assets_mqigovwc
2025-11-11 09:22:09 - facturacion_facil.test_database_manager - DEBUG - test_database_manager.py:53 - Base de données de test créée: test_test_special_characters_handling[\xf3]_nxh4kbcu.db
2025-11-11 09:22:09 - facturacion_facil.test_database_manager - DEBUG - test_database_manager.py:78 - Répertoire de test créé: test_test_special_characters_handling[\xf3]_assets_92oqzyvh
2025-11-11 09:22:09 - facturacion_facil.test_database_manager - DEBUG - test_database_manager.py:98 - Base de données supprimée: test_test_special_characters_handling[\xf3]_nxh4kbcu.db
2025-11-11 09:22:09 - facturacion_facil.test_database_manager - DEBUG - test_database_manager.py:109 - Répertoire supprimé: test_test_special_characters_handling[\xf3]_assets_92oqzyvh
2025-11-11 09:22:09 - facturacion_facil.test_database_manager - DEBUG - test_database_manager.py:53 - Base de données de test créée: test_test_special_characters_handling[\xfa]_ultosq7w.db
2025-11-11 09:22:09 - facturacion_facil.test_database_manager - DEBUG - test_database_manager.py:78 - Répertoire de test créé: test_test_special_characters_handling[\xfa]_assets_yf_3udrd
2025-11-11 09:22:09 - facturacion_facil.test_database_manager - DEBUG - test_database_manager.py:98 - Base de données supprimée: test_test_special_characters_handling[\xfa]_ultosq7w.db
2025-11-11 09:22:09 - facturacion_facil.test_database_manager - DEBUG - test_database_manager.py:109 - Répertoire supprimé: test_test_special_characters_handling[\xfa]_assets_yf_3udrd
2025-11-11 09:22:09 - facturacion_facil.test_database_manager - DEBUG - test_database_manager.py:53 - Base de données de test créée: test_test_special_characters_handling[\xfc]_3rbql78d.db
2025-11-11 09:22:09 - facturacion_facil.test_database_manager - DEBUG - test_database_manager.py:78 - Répertoire de test créé: test_test_special_characters_handling[\xfc]_assets_c752f5kf
2025-11-11 09:22:09 - facturacion_facil.test_database_manager - DEBUG - test_database_manager.py:98 - Base de données supprimée: test_test_special_characters_handling[\xfc]_3rbql78d.db
2025-11-11 09:22:09 - facturacion_facil.test_database_manager - DEBUG - test_database_manager.py:109 - Répertoire supprimé: test_test_special_characters_handling[\xfc]_assets_c752f5kf
2025-11-11 09:22:09 - facturacion_facil.test_database_manager - DEBUG - test_database_manager.py:53 - Base de données de test créée: test_test_special_characters_handling[\xd1]_vi130i83.db
2025-11-11 09:22:09 - facturacion_facil.test_database_manager - DEBUG - test_database_manager.py:78 - Répertoire de test créé: test_test_special_characters_handling[\xd1]_assets_mgglvbrb
2025-11-11 09:22:09 - facturacion_facil.test_database_manager - DEBUG - test_database_manager.py:98 - Base de données supprimée: test_test_special_characters_handling[\xd1]_vi130i83.db
2025-11-11 09:22:09 - facturacion_facil.test_database_manager - DEBUG - test_database_manager.py:109 - Répertoire supprimé: test_test_special_characters_handling[\xd1]_assets_mgglvbrb
2025-11-11 09:22:09 - facturacion_facil.test_database_manager - DEBUG - test_database_manager.py:53 - Base de données de test créée: test_test_special_characters_handling[\u20ac]_wz4lj5d5.db
2025-11-11 09:22:09 - facturacion_facil.test_database_manager - DEBUG - test_database_manager.py:78 - Répertoire de test créé: test_test_special_characters_handling[\u20ac]_assets_sui5muoh
2025-11-11 09:22:09 - facturacion_facil.test_database_manager - DEBUG - test_database_manager.py:98 - Base de données supprimée: test_test_special_characters_handling[\u20ac]_wz4lj5d5.db
2025-11-11 09:22:09 - facturacion_facil.test_database_manager - DEBUG - test_database_manager.py:109 - Répertoire supprimé: test_test_special_characters_handling[\u20ac]_assets_sui5muoh
2025-11-11 09:22:09 - facturacion_facil.test_database_manager - DEBUG - test_database_manager.py:53 - Base de données de test créée: test_test_special_characters_handling[\xa3]_njge06y9.db
2025-11-11 09:22:09 - facturacion_facil.test_database_manager - DEBUG - test_database_manager.py:78 - Répertoire de test créé: test_test_special_characters_handling[\xa3]_assets_eyha5khx
2025-11-11 09:22:09 - facturacion_facil.test_database_manager - DEBUG - test_database_manager.py:98 - Base de données supprimée: test_test_special_characters_handling[\xa3]_njge06y9.db
2025-11-11 09:22:09 - facturacion_facil.test_database_manager - DEBUG - test_database_manager.py:109 - Répertoire supprimé: test_test_special_characters_handling[\xa3]_assets_eyha5khx
2025-11-11 09:22:09 - facturacion_facil.test_database_manager - DEBUG - test_database_manager.py:53 - Base de données de test créée: test_test_special_characters_handling[$]_lq5zjqpr.db
2025-11-11 09:22:09 - facturacion_facil.test_database_manager - DEBUG - test_database_manager.py:78 - Répertoire de test créé: test_test_special_characters_handling[$]_assets_xd7ghb37
2025-11-11 09:22:09 - facturacion_facil.test_database_manager - DEBUG - test_database_manager.py:98 - Base de données supprimée: test_test_special_characters_handling[$]_lq5zjqpr.db
2025-11-11 09:22:09 - facturacion_facil.test_database_manager - DEBUG - test_database_manager.py:109 - Répertoire supprimé: test_test_special_characters_handling[$]_assets_xd7ghb37
2025-11-11 09:22:09 - facturacion_facil.test_database_manager - DEBUG - test_database_manager.py:53 - Base de données de test créée: test_test_special_characters_handling[\xa5]_jrudz6a5.db
2025-11-11 09:22:09 - facturacion_facil.test_database_manager - DEBUG - test_database_manager.py:78 - Répertoire de test créé: test_test_special_characters_handling[\xa5]_assets_9t2dpyxo
2025-11-11 09:22:09 - facturacion_facil.test_database_manager - DEBUG - test_database_manager.py:98 - Base de données supprimée: test_test_special_characters_handling[\xa5]_jrudz6a5.db
2025-11-11 09:22:09 - facturacion_facil.test_database_manager - DEBUG - test_database_manager.py:109 - Répertoire supprimé: test_test_special_characters_handling[\xa5]_assets_9t2dpyxo
2025-11-11 09:22:09 - facturacion_facil.test_database_manager - DEBUG - test_database_manager.py:53 - Base de données de test créée: test_test_special_characters_handling[\xa9]_dh1isi_j.db
2025-11-11 09:22:09 - facturacion_facil.test_database_manager - DEBUG - test_database_manager.py:78 - Répertoire de test créé: test_test_special_characters_handling[\xa9]_assets_lckod5rr
2025-11-11 09:22:09 - facturacion_facil.test_database_manager - DEBUG - test_database_manager.py:98 - Base de données supprimée: test_test_special_characters_handling[\xa9]_dh1isi_j.db
2025-11-11 09:22:09 - facturacion_facil.test_database_manager - DEBUG - test_database_manager.py:109 - Répertoire supprimé: test_test_special_characters_handling[\xa9]_assets_lckod5rr
2025-11-11 09:22:09 - facturacion_facil.test_database_manager - DEBUG - test_database_manager.py:53 - Base de données de test créée: test_test_special_characters_handling[\xae]_ymg39e1i.db
2025-11-11 09:22:09 - facturacion_facil.test_database_manager - DEBUG - test_database_manager.py:78 - Répertoire de test créé: test_test_special_characters_handling[\xae]_assets_kb0dkri9
2025-11-11 09:22:09 - facturacion_facil.test_database_manager - DEBUG - test_database_manager.py:98 - Base de données supprimée: test_test_special_characters_handling[\xae]_ymg39e1i.db
2025-11-11 09:22:09 - facturacion_facil.test_database_manager - DEBUG - test_database_manager.py:109 - Répertoire supprimé: test_test_special_characters_handling[\xae]_assets_kb0dkri9
2025-11-11 09:22:09 - facturacion_facil.test_database_manager - DEBUG - test_database_manager.py:53 - Base de données de test créée: test_test_special_characters_handling[\u2122]_qse1q3xs.db
2025-11-11 09:22:09 - facturacion_facil.test_database_manager - DEBUG - test_database_manager.py:78 - Répertoire de test créé: test_test_special_characters_handling[\u2122]_assets_sgtc5j91
2025-11-11 09:22:09 - facturacion_facil.test_database_manager - DEBUG - test_database_manager.py:98 - Base de données supprimée: test_test_special_characters_handling[\u2122]_qse1q3xs.db
2025-11-11 09:22:09 - facturacion_facil.test_database_manager - DEBUG - test_database_manager.py:109 - Répertoire supprimé: test_test_special_characters_handling[\u2122]_assets_sgtc5j91
2025-11-11 09:22:09 - facturacion_facil.test_database_manager - DEBUG - test_database_manager.py:53 - Base de données de test créée: test_test_long_descriptions[100]_5ck5qseb.db
2025-11-11 09:22:09 - facturacion_facil.test_database_manager - DEBUG - test_database_manager.py:78 - Répertoire de test créé: test_test_long_descriptions[100]_assets_isto7xga
2025-11-11 09:22:09 - facturacion_facil.test_database_manager - DEBUG - test_database_manager.py:98 - Base de données supprimée: test_test_long_descriptions[100]_5ck5qseb.db
2025-11-11 09:22:09 - facturacion_facil.test_database_manager - DEBUG - test_database_manager.py:109 - Répertoire supprimé: test_test_long_descriptions[100]_assets_isto7xga
2025-11-11 09:22:09 - facturacion_facil.test_database_manager - DEBUG - test_database_manager.py:53 - Base de données de test créée: test_test_long_descriptions[500]_bag93615.db
2025-11-11 09:22:09 - facturacion_facil.test_database_manager - DEBUG - test_database_manager.py:78 - Répertoire de test créé: test_test_long_descriptions[500]_assets_jk34w11d
2025-11-11 09:22:09 - facturacion_facil.test_database_manager - DEBUG - test_database_manager.py:98 - Base de données supprimée: test_test_long_descriptions[500]_bag93615.db
2025-11-11 09:22:09 - facturacion_facil.test_database_manager - DEBUG - test_database_manager.py:109 - Répertoire supprimé: test_test_long_descriptions[500]_assets_jk34w11d
2025-11-11 09:22:09 - facturacion_facil.test_database_manager - DEBUG - test_database_manager.py:53 - Base de données de test créée: test_test_long_descriptions[1000]_h8kcan4x.db
2025-11-11 09:22:09 - facturacion_facil.test_database_manager - DEBUG - test_database_manager.py:78 - Répertoire de test créé: test_test_long_descriptions[1000]_assets_2orajd0t
2025-11-11 09:22:09 - facturacion_facil.test_database_manager - DEBUG - test_database_manager.py:98 - Base de données supprimée: test_test_long_descriptions[1000]_h8kcan4x.db
2025-11-11 09:22:09 - facturacion_facil.test_database_manager - DEBUG - test_database_manager.py:109 - Répertoire supprimé: test_test_long_descriptions[1000]_assets_2orajd0t
2025-11-11 09:22:09 - facturacion_facil.test_database_manager - DEBUG - test_database_manager.py:53 - Base de données de test créée: test_test_long_descriptions[2000]_naa8u1e8.db
2025-11-11 09:22:09 - facturacion_facil.test_database_manager - DEBUG - test_database_manager.py:78 - Répertoire de test créé: test_test_long_descriptions[2000]_assets_tabxnu6u
2025-11-11 09:22:09 - facturacion_facil.test_database_manager - DEBUG - test_database_manager.py:98 - Base de données supprimée: test_test_long_descriptions[2000]_naa8u1e8.db
2025-11-11 09:22:09 - facturacion_facil.test_database_manager - DEBUG - test_database_manager.py:109 - Répertoire supprimé: test_test_long_descriptions[2000]_assets_tabxnu6u
2025-11-11 09:22:09 - facturacion_facil.test_database_manager - DEBUG - test_database_manager.py:53 - Base de données de test créée: test_test_bulk_product_creation[10]_vohtpd68.db
2025-11-11 09:22:09 - facturacion_facil.test_database_manager - DEBUG - test_database_manager.py:78 - Répertoire de test créé: test_test_bulk_product_creation[10]_assets_cnnbe2t7
2025-11-11 09:22:09 - facturacion_facil.test_database_manager - DEBUG - test_database_manager.py:98 - Base de données supprimée: test_test_bulk_product_creation[10]_vohtpd68.db
2025-11-11 09:22:09 - facturacion_facil.test_database_manager - DEBUG - test_database_manager.py:109 - Répertoire supprimé: test_test_bulk_product_creation[10]_assets_cnnbe2t7
2025-11-11 09:22:09 - facturacion_facil.test_database_manager - DEBUG - test_database_manager.py:53 - Base de données de test créée: test_test_bulk_product_creation[100]_upalg1kj.db
2025-11-11 09:22:09 - facturacion_facil.test_database_manager - DEBUG - test_database_manager.py:78 - Répertoire de test créé: test_test_bulk_product_creation[100]_assets_kmr119au
2025-11-11 09:22:09 - facturacion_facil.test_database_manager - DEBUG - test_database_manager.py:98 - Base de données supprimée: test_test_bulk_product_creation[100]_upalg1kj.db
2025-11-11 09:22:09 - facturacion_facil.test_database_manager - DEBUG - test_database_manager.py:109 - Répertoire supprimé: test_test_bulk_product_creation[100]_assets_kmr119au
2025-11-11 09:22:09 - facturacion_facil.test_database_manager - DEBUG - test_database_manager.py:53 - Base de données de test créée: test_test_bulk_product_creation[500]_4d916rq9.db
2025-11-11 09:22:09 - facturacion_facil.test_database_manager - DEBUG - test_database_manager.py:78 - Répertoire de test créé: test_test_bulk_product_creation[500]_assets_07m2w27l
2025-11-11 09:22:09 - facturacion_facil.test_database_manager - DEBUG - test_database_manager.py:98 - Base de données supprimée: test_test_bulk_product_creation[500]_4d916rq9.db
2025-11-11 09:22:09 - facturacion_facil.test_database_manager - DEBUG - test_database_manager.py:109 - Répertoire supprimé: test_test_bulk_product_creation[500]_assets_07m2w27l
2025-11-11 09:22:09 - facturacion_facil.test_database_manager - DEBUG - test_database_manager.py:53 - Base de données de test créée: test_test_search_performance[Producto-0]_x6wcjkf3.db
2025-11-11 09:22:09 - facturacion_facil.test_database_manager - DEBUG - test_database_manager.py:78 - Répertoire de test créé: test_test_search_performance[Producto-0]_assets_zorxx7bp
2025-11-11 09:22:09 - facturacion_facil.test_database_manager - DEBUG - test_database_manager.py:98 - Base de données supprimée: test_test_search_performance[Producto-0]_x6wcjkf3.db
2025-11-11 09:22:09 - facturacion_facil.test_database_manager - DEBUG - test_database_manager.py:109 - Répertoire supprimé: test_test_search_performance[Producto-0]_assets_zorxx7bp
2025-11-11 09:22:09 - facturacion_facil.test_database_manager - DEBUG - test_database_manager.py:53 - Base de données de test créée: test_test_search_performance[BULK-0]_y_jok2u5.db
2025-11-11 09:22:09 - facturacion_facil.test_database_manager - DEBUG - test_database_manager.py:78 - Répertoire de test créé: test_test_search_performance[BULK-0]_assets_efobvpmh
2025-11-11 09:22:09 - facturacion_facil.test_database_manager - DEBUG - test_database_manager.py:98 - Base de données supprimée: test_test_search_performance[BULK-0]_y_jok2u5.db
2025-11-11 09:22:09 - facturacion_facil.test_database_manager - DEBUG - test_database_manager.py:109 - Répertoire supprimé: test_test_search_performance[BULK-0]_assets_efobvpmh
2025-11-11 09:22:09 - facturacion_facil.test_database_manager - DEBUG - test_database_manager.py:53 - Base de données de test créée: test_test_search_performance[001-0]_aj32g2wv.db
2025-11-11 09:22:09 - facturacion_facil.test_database_manager - DEBUG - test_database_manager.py:78 - Répertoire de test créé: test_test_search_performance[001-0]_assets_yt16bmlu
2025-11-11 09:22:09 - facturacion_facil.test_database_manager - DEBUG - test_database_manager.py:98 - Base de données supprimée: test_test_search_performance[001-0]_aj32g2wv.db
2025-11-11 09:22:09 - facturacion_facil.test_database_manager - DEBUG - test_database_manager.py:109 - Répertoire supprimé: test_test_search_performance[001-0]_assets_yt16bmlu
2025-11-11 09:22:09 - facturacion_facil.test_database_manager - DEBUG - test_database_manager.py:53 - Base de données de test créée: test_test_search_performance[NonExistent-0]_vniwyrdx.db
2025-11-11 09:22:09 - facturacion_facil.test_database_manager - DEBUG - test_database_manager.py:78 - Répertoire de test créé: test_test_search_performance[NonExistent-0]_assets_vqeyyx5g
2025-11-11 09:22:09 - facturacion_facil.test_database_manager - DEBUG - test_database_manager.py:98 - Base de données supprimée: test_test_search_performance[NonExistent-0]_vniwyrdx.db
2025-11-11 09:22:09 - facturacion_facil.test_database_manager - DEBUG - test_database_manager.py:109 - Répertoire supprimé: test_test_search_performance[NonExistent-0]_assets_vqeyyx5g
2025-11-11 09:22:09 - facturacion_facil.test_database_manager - DEBUG - test_database_manager.py:53 - Base de données de test créée: test_test_pdf_with_logo_thhjror6.db
2025-11-11 09:22:09 - facturacion_facil.test_database_manager - DEBUG - test_database_manager.py:78 - Répertoire de test créé: test_test_pdf_with_logo_assets_yga2n059
2025-11-11 09:22:09 - facturacion_facil.test_database_manager - DEBUG - test_database_manager.py:53 - Base de données de test créée: test_test_pdf_logo_ayx4igdv.db
2025-11-11 09:22:09 - facturacion_facil.pdf_generator - DEBUG - pdf_generator.py:279 - Logo cargado: test_logo.png (85.0x42.5)
2025-11-11 09:22:09 - facturacion_facil.pdf_generator - INFO - pdf_generator.py:139 - PDF generado exitosamente: /tmp/tmpb30nun35.pdf
2025-11-11 09:22:09 - facturacion_facil.test_database_manager - DEBUG - test_database_manager.py:163 - Base de données nettoyée: test_test_pdf_logo_ayx4igdv.db
2025-11-11 09:22:09 - facturacion_facil.test_database_manager - DEBUG - test_database_manager.py:98 - Base de données supprimée: test_test_pdf_with_logo_thhjror6.db
2025-11-11 09:22:09 - facturacion_facil.test_database_manager - DEBUG - test_database_manager.py:109 - Répertoire supprimé: test_test_pdf_with_logo_assets_yga2n059
2025-11-11 09:22:09 - facturacion_facil.test_database_manager - DEBUG - test_database_manager.py:53 - Base de données de test créée: test_test_pdf_without_logo_dzdo8hns.db
2025-11-11 09:22:09 - facturacion_facil.test_database_manager - DEBUG - test_database_manager.py:78 - Répertoire de test créé: test_test_pdf_without_logo_assets_8suh06c2
2025-11-11 09:22:09 - facturacion_facil.test_database_manager - DEBUG - test_database_manager.py:53 - Base de données de test créée: test_test_pdf_no_logo_l6k6zv4t.db
2025-11-11 09:22:09 - facturacion_facil.pdf_generator - INFO - pdf_generator.py:139 - PDF generado exitosamente: /tmp/tmpycfiqegm.pdf
2025-11-11 09:22:09 - facturacion_facil.test_database_manager - DEBUG - test_database_manager.py:163 - Base de données nettoyée: test_test_pdf_no_logo_l6k6zv4t.db
2025-11-11 09:22:09 - facturacion_facil.test_database_manager - DEBUG - test_database_manager.py:98 - Base de données supprimée: test_test_pdf_without_logo_dzdo8hns.db
2025-11-11 09:22:09 - facturacion_facil.test_database_manager - DEBUG - test_database_manager.py:109 - Répertoire supprimé: test_test_pdf_without_logo_assets_8suh06c2
2025-11-11 09:22:09 - facturacion_facil.test_database_manager - DEBUG - test_database_manager.py:53 - Base de données de test créée: test_test_create_logo_image_method_pket_wws.db
2025-11-11 09:22:09 - facturacion_facil.test_database_manager - DEBUG - test_database_manager.py:78 - Répertoire de test créé: test_test_create_logo_image_method_assets_z3uugmuv
2025-11-11 09:22:09 - facturacion_facil.pdf_generator - DEBUG - pdf_generator.py:279 - Logo cargado: test_logo.png (85.0x42.5)
2025-11-11 09:22:09 - facturacion_facil.test_database_manager - DEBUG - test_database_manager.py:98 - Base de données supprimée: test_test_create_logo_image_method_pket_wws.db
2025-11-11 09:22:09 - facturacion_facil.test_database_manager - DEBUG - test_database_manager.py:109 - Répertoire supprimé: test_test_create_logo_image_method_assets_z3uugmuv
2025-11-11 09:22:09 - facturacion_facil.test_database_manager - DEBUG - test_database_manager.py:53 - Base de données de test créée: test_test_environment_variables_set_2pf5g_n8.db
2025-11-11 09:22:09 - facturacion_facil.test_database_manager - DEBUG - test_database_manager.py:78 - Répertoire de test créé: test_test_environment_variables_set_assets_9zgdrq1b
2025-11-11 09:22:09 - facturacion_facil.test_database_manager - DEBUG - test_database_manager.py:98 - Base de données supprimée: test_test_environment_variables_set_2pf5g_n8.db
2025-11-11 09:22:09 - facturacion_facil.test_database_manager - DEBUG - test_database_manager.py:109 - Répertoire supprimé: test_test_environment_variables_set_assets_9zgdrq1b
2025-11-11 09:22:09 - facturacion_facil.test_database_manager - DEBUG - test_database_manager.py:53 - Base de données de test créée: test_test_pdf_generation_without_opening_0z0p5zlm.db
2025-11-11 09:22:09 - facturacion_facil.test_database_manager - DEBUG - test_database_manager.py:78 - Répertoire de test créé: test_test_pdf_generation_without_opening_assets_hr7m8vu4
2025-11-11 09:22:09 - facturacion_facil.test_database_manager - DEBUG - test_database_manager.py:53 - Base de données de test créée: test_test_pdf_no_open_v0n4zaul.db
2025-11-11 09:22:09 - facturacion_facil.pdf_generator - INFO - pdf_generator.py:139 - PDF generado exitosamente: /tmp/tmp6tre8bv7/test_factura.pdf
2025-11-11 09:22:09 - facturacion_facil.pdf_generator - INFO - pdf_generator.py:156 - Modo test detectado - PDF no abierto: /tmp/tmp6tre8bv7/test_factura.pdf
2025-11-11 09:22:09 - facturacion_facil.pdf_generator - INFO - pdf_generator.py:156 - Modo test detectado - PDF no abierto: /tmp/tmp6tre8bv7/test_factura.pdf
2025-11-11 09:22:09 - facturacion_facil.test_database_manager - DEBUG - test_database_manager.py:163 - Base de données nettoyée: test_test_pdf_no_open_v0n4zaul.db
2025-11-11 09:22:09 - facturacion_facil.test_database_manager - DEBUG - test_database_manager.py:98 - Base de données supprimée: test_test_pdf_generation_without_opening_0z0p5zlm.db
2025-11-11 09:22:09 - facturacion_facil.test_database_manager - DEBUG - test_database_manager.py:109 - Répertoire supprimé: test_test_pdf_generation_without_opening_assets_hr7m8vu4
2025-11-11 09:22:09 - facturacion_facil.test_database_manager - DEBUG - test_database_manager.py:53 - Base de données de test créée: test_test_pdf_generator_respects_environment_51zvqwsg.db
2025-11-11 09:22:09 - facturacion_facil.test_database_manager - DEBUG - test_database_manager.py:78 - Répertoire de test créé: test_test_pdf_generator_respects_environment_assets_tk9dfxiq
2025-11-11 09:22:09 - facturacion_facil.pdf_generator - INFO - pdf_generator.py:156 - Modo test detectado - PDF no abierto: /tmp/tmpwwdbqyyc/fake.pdf
2025-11-11 09:22:09 - facturacion_facil.test_database_manager - DEBUG - test_database_manager.py:98 - Base de données supprimée: test_test_pdf_generator_respects_environment_51zvqwsg.db
2025-11-11 09:22:09 - facturacion_facil.test_database_manager - DEBUG - test_database_manager.py:109 - Répertoire supprimé: test_test_pdf_generator_respects_environment_assets_tk9dfxiq
2025-11-11 09:22:09 - facturacion_facil.test_database_manager - DEBUG - test_database_manager.py:53 - Base de données de test créée: test_test_manual_disable_pdf_open_64h7kg5m.db
2025-11-11 09:22:09 - facturacion_facil.test_database_manager - DEBUG - test_database_manager.py:78 - Répertoire de test créé: test_test_manual_disable_pdf_open_assets_4rgfjt5s
2025-11-11 09:22:09 - facturacion_facil.pdf_generator - INFO - pdf_generator.py:156 - Modo test detectado - PDF no abierto: /tmp/tmpfpfpyw41/fake2.pdf
2025-11-11 09:22:09 - facturacion_facil.test_database_manager - DEBUG - test_database_manager.py:98 - Base de données supprimée: test_test_manual_disable_pdf_open_64h7kg5m.db
2025-11-11 09:22:09 - facturacion_facil.test_database_manager - DEBUG - test_database_manager.py:109 - Répertoire supprimé: test_test_manual_disable_pdf_open_assets_4rgfjt5s
2025-11-11 09:22:09 - facturacion_facil.test_database_manager - DEBUG - test_database_manager.py:53 - Base de données de test créée: test_test_pytest_markers_configuration_s0m64rh_.db
2025-11-11 09:22:09 - facturacion_facil.test_database_manager - DEBUG - test_database_manager.py:78 - Répertoire de test créé: test_test_pytest_markers_configuration_assets_b5m57rp6
2025-11-11 09:22:10 - facturacion_facil.test_database_manager - DEBUG - test_database_manager.py:98 - Base de données supprimée: test_test_pytest_markers_configuration_s0m64rh_.db
2025-11-11 09:22:10 - facturacion_facil.test_database_manager - DEBUG - test_database_manager.py:109 - Répertoire supprimé: test_test_pytest_markers_configuration_assets_b5m57rp6
2025-11-11 09:22:10 - facturacion_facil.test_database_manager - DEBUG - test_database_manager.py:53 - Base de données de test créée: test_test_pytest_ini_file_exists_k7l6whoi.db
2025-11-11 09:22:10 - facturacion_facil.test_database_manager - DEBUG - test_database_manager.py:78 - Répertoire de test créé: test_test_pytest_ini_file_exists_assets_ex1dvfue
2025-11-11 09:22:10 - facturacion_facil.test_database_manager - DEBUG - test_database_manager.py:98 - Base de données supprimée: test_test_pytest_ini_file_exists_k7l6whoi.db
2025-11-11 09:22:10 - facturacion_facil.test_database_manager - DEBUG - test_database_manager.py:109 - Répertoire supprimé: test_test_pytest_ini_file_exists_assets_ex1dvfue
2025-11-11 09:22:10 - facturacion_facil.test_database_manager - DEBUG - test_database_manager.py:53 - Base de données de test créée: test_test_coveragerc_file_exists_1hagkvqi.db
2025-11-11 09:22:10 - facturacion_facil.test_database_manager - DEBUG - test_database_manager.py:78 - Répertoire de test créé: test_test_coveragerc_file_exists_assets_7uxs7dr7
2025-11-11 09:22:10 - facturacion_facil.test_database_manager - DEBUG - test_database_manager.py:98 - Base de données supprimée: test_test_coveragerc_file_exists_1hagkvqi.db
2025-11-11 09:22:10 - facturacion_facil.test_database_manager - DEBUG - test_database_manager.py:109 - Répertoire supprimé: test_test_coveragerc_file_exists_assets_7uxs7dr7
2025-11-11 09:22:10 - facturacion_facil.test_database_manager - DEBUG - test_database_manager.py:53 - Base de données de test créée: test_test_slow_marker_no_warnings_vvatl0ly.db
2025-11-11 09:22:10 - facturacion_facil.test_database_manager - DEBUG - test_database_manager.py:78 - Répertoire de test créé: test_test_slow_marker_no_warnings_assets_xl7y2bx3
2025-11-11 09:22:12 - facturacion_facil.test_database_manager - DEBUG - test_database_manager.py:98 - Base de données supprimée: test_test_slow_marker_no_warnings_vvatl0ly.db
2025-11-11 09:22:12 - facturacion_facil.test_database_manager - DEBUG - test_database_manager.py:109 - Répertoire supprimé: test_test_slow_marker_no_warnings_assets_xl7y2bx3
2025-11-11 09:22:12 - facturacion_facil.test_database_manager - DEBUG - test_database_manager.py:53 - Base de données de test créée: test_test_producto_name_sql_injection_attempt_bwbcdgvc.db
2025-11-11 09:22:12 - facturacion_facil.test_database_manager - DEBUG - test_database_manager.py:78 - Répertoire de test créé: test_test_producto_name_sql_injection_attempt_assets_l2lcbml6
2025-11-11 09:22:12 - facturacion_facil.test_database_manager - DEBUG - test_database_manager.py:98 - Base de données supprimée: test_test_producto_name_sql_injection_attempt_bwbcdgvc.db
2025-11-11 09:22:12 - facturacion_facil.test_database_manager - DEBUG - test_database_manager.py:109 - Répertoire supprimé: test_test_producto_name_sql_injection_attempt_assets_l2lcbml6
2025-11-11 09:22:12 - facturacion_facil.test_database_manager - DEBUG - test_database_manager.py:53 - Base de données de test créée: test_test_referencia_sql_injection_attempt_s3sxtmme.db
2025-11-11 09:22:12 - facturacion_facil.test_database_manager - DEBUG - test_database_manager.py:78 - Répertoire de test créé: test_test_referencia_sql_injection_attempt_assets_5yv0niw1
2025-11-11 09:22:12 - facturacion_facil.test_database_manager - DEBUG - test_database_manager.py:98 - Base de données supprimée: test_test_referencia_sql_injection_attempt_s3sxtmme.db
2025-11-11 09:22:12 - facturacion_facil.test_database_manager - DEBUG - test_database_manager.py:109 - Répertoire supprimé: test_test_referencia_sql_injection_attempt_assets_5yv0niw1
2025-11-11 09:22:12 - facturacion_facil.test_database_manager - DEBUG - test_database_manager.py:53 - Base de données de test créée: test_test_organization_data_sql_injection_8k25wyes.db
2025-11-11 09:22:12 - facturacion_facil.test_database_manager - DEBUG - test_database_manager.py:78 - Répertoire de test créé: test_test_organization_data_sql_injection_assets_73yj43wv
2025-11-11 09:22:12 - facturacion_facil.test_database_manager - DEBUG - test_database_manager.py:98 - Base de données supprimée: test_test_organization_data_sql_injection_8k25wyes.db
2025-11-11 09:22:12 - facturacion_facil.test_database_manager - DEBUG - test_database_manager.py:109 - Répertoire supprimé: test_test_organization_data_sql_injection_assets_73yj43wv
2025-11-11 09:22:12 - facturacion_facil.test_database_manager - DEBUG - test_database_manager.py:53 - Base de données de test créée: test_test_search_sql_injection_simulation_swhoqqeg.db
2025-11-11 09:22:12 - facturacion_facil.test_database_manager - DEBUG - test_database_manager.py:78 - Répertoire de test créé: test_test_search_sql_injection_simulation_assets_xgbll22r
2025-11-11 09:22:12 - facturacion_facil.test_database_manager - DEBUG - test_database_manager.py:98 - Base de données supprimée: test_test_search_sql_injection_simulation_swhoqqeg.db
2025-11-11 09:22:12 - facturacion_facil.test_database_manager - DEBUG - test_database_manager.py:109 - Répertoire supprimé: test_test_search_sql_injection_simulation_assets_xgbll22r
2025-11-11 09:22:12 - facturacion_facil.test_database_manager - DEBUG - test_database_manager.py:53 - Base de données de test créée: test_test_invalid_precio_handling[-1.0]_caka_v85.db
2025-11-11 09:22:12 - facturacion_facil.test_database_manager - DEBUG - test_database_manager.py:78 - Répertoire de test créé: test_test_invalid_precio_handling[-1.0]_assets_bh7f8b5u
2025-11-11 09:22:12 - facturacion_facil.test_database_manager - DEBUG - test_database_manager.py:98 - Base de données supprimée: test_test_invalid_precio_handling[-1.0]_caka_v85.db
2025-11-11 09:22:12 - facturacion_facil.test_database_manager - DEBUG - test_database_manager.py:109 - Répertoire supprimé: test_test_invalid_precio_handling[-1.0]_assets_bh7f8b5u
2025-11-11 09:22:12 - facturacion_facil.test_database_manager - DEBUG - test_database_manager.py:53 - Base de données de test créée: test_test_invalid_precio_handling[-999.99]_u16omgmx.db
2025-11-11 09:22:12 - facturacion_facil.test_database_manager - DEBUG - test_database_manager.py:78 - Répertoire de test créé: test_test_invalid_precio_handling[-999.99]_assets_0d67sz2u
2025-11-11 09:22:12 - facturacion_facil.test_database_manager - DEBUG - test_database_manager.py:98 - Base de données supprimée: test_test_invalid_precio_handling[-999.99]_u16omgmx.db
2025-11-11 09:22:12 - facturacion_facil.test_database_manager - DEBUG - test_database_manager.py:109 - Répertoire supprimé: test_test_invalid_precio_handling[-999.99]_assets_0d67sz2u
2025-11-11 09:22:12 - facturacion_facil.test_database_manager - DEBUG - test_database_manager.py:53 - Base de données de test créée: test_test_invalid_precio_handling[inf]_eu6wf8l8.db
2025-11-11 09:22:12 - facturacion_facil.test_database_manager - DEBUG - test_database_manager.py:78 - Répertoire de test créé: test_test_invalid_precio_handling[inf]_assets_r7xign9z
2025-11-11 09:22:12 - facturacion_facil.test_database_manager - DEBUG - test_database_manager.py:98 - Base de données supprimée: test_test_invalid_precio_handling[inf]_eu6wf8l8.db
2025-11-11 09:22:12 - facturacion_facil.test_database_manager - DEBUG - test_database_manager.py:109 - Répertoire supprimé: test_test_invalid_precio_handling[inf]_assets_r7xign9z
2025-11-11 09:22:12 - facturacion_facil.test_database_manager - DEBUG - test_database_manager.py:53 - Base de données de test créée: test_test_invalid_precio_handling[-inf]_03k1fwb4.db
2025-11-11 09:22:12 - facturacion_facil.test_database_manager - DEBUG - test_database_manager.py:78 - Répertoire de test créé: test_test_invalid_precio_handling[-inf]_assets_spq5r6v6
2025-11-11 09:22:12 - facturacion_facil.test_database_manager - DEBUG - test_database_manager.py:98 - Base de données supprimée: test_test_invalid_precio_handling[-inf]_03k1fwb4.db
2025-11-11 09:22:12 - facturacion_facil.test_database_manager - DEBUG - test_database_manager.py:109 - Répertoire supprimé: test_test_invalid_precio_handling[-inf]_assets_spq5r6v6
2025-11-11 09:22:12 - facturacion_facil.test_database_manager - DEBUG - test_database_manager.py:53 - Base de données de test créée: test_test_invalid_iva_handling[-5.0]_gojoo30s.db
2025-11-11 09:22:12 - facturacion_facil.test_database_manager - DEBUG - test_database_manager.py:78 - Répertoire de test créé: test_test_invalid_iva_handling[-5.0]_assets_yywd8o66
2025-11-11 09:22:12 - facturacion_facil.test_database_manager - DEBUG - test_database_manager.py:98 - Base de données supprimée: test_test_invalid_iva_handling[-5.0]_gojoo30s.db
2025-11-11 09:22:12 - facturacion_facil.test_database_manager - DEBUG - test_database_manager.py:109 - Répertoire supprimé: test_test_invalid_iva_handling[-5.0]_assets_yywd8o66
2025-11-11 09:22:12 - facturacion_facil.test_database_manager - DEBUG - test_database_manager.py:53 - Base de données de test créée: test_test_invalid_iva_handling[150.0]_qzy4zwkz.db
2025-11-11 09:22:12 - facturacion_facil.test_database_manager - DEBUG - test_database_manager.py:78 - Répertoire de test créé: test_test_invalid_iva_handling[150.0]_assets_7jo7_jrj
2025-11-11 09:22:12 - facturacion_facil.test_database_manager - DEBUG - test_database_manager.py:98 - Base de données supprimée: test_test_invalid_iva_handling[150.0]_qzy4zwkz.db
2025-11-11 09:22:12 - facturacion_facil.test_database_manager - DEBUG - test_database_manager.py:109 - Répertoire supprimé: test_test_invalid_iva_handling[150.0]_assets_7jo7_jrj
2025-11-11 09:22:12 - facturacion_facil.test_database_manager - DEBUG - test_database_manager.py:53 - Base de données de test créée: test_test_invalid_iva_handling[nan]_b974u_40.db
2025-11-11 09:22:12 - facturacion_facil.test_database_manager - DEBUG - test_database_manager.py:78 - Répertoire de test créé: test_test_invalid_iva_handling[nan]_assets_or_dn5p9
2025-11-11 09:22:12 - facturacion_facil.test_database_manager - DEBUG - test_database_manager.py:98 - Base de données supprimée: test_test_invalid_iva_handling[nan]_b974u_40.db
2025-11-11 09:22:12 - facturacion_facil.test_database_manager - DEBUG - test_database_manager.py:109 - Répertoire supprimé: test_test_invalid_iva_handling[nan]_assets_or_dn5p9
2025-11-11 09:22:12 - facturacion_facil.test_database_manager - DEBUG - test_database_manager.py:53 - Base de données de test créée: test_test_empty_required_fields_1zzy3hen.db
2025-11-11 09:22:12 - facturacion_facil.test_database_manager - DEBUG - test_database_manager.py:78 - Répertoire de test créé: test_test_empty_required_fields_assets_ucejk4sq
2025-11-11 09:22:12 - facturacion_facil.test_database_manager - DEBUG - test_database_manager.py:98 - Base de données supprimée: test_test_empty_required_fields_1zzy3hen.db
2025-11-11 09:22:12 - facturacion_facil.test_database_manager - DEBUG - test_database_manager.py:109 - Répertoire supprimé: test_test_empty_required_fields_assets_ucejk4sq
2025-11-11 09:22:12 - facturacion_facil.test_database_manager - DEBUG - test_database_manager.py:53 - Base de données de test créée: test_test_extremely_long_inputs_k2o7slr7.db
2025-11-11 09:22:12 - facturacion_facil.test_database_manager - DEBUG - test_database_manager.py:78 - Répertoire de test créé: test_test_extremely_long_inputs_assets_ybzzrpo1
2025-11-11 09:22:12 - facturacion_facil.test_database_manager - DEBUG - test_database_manager.py:98 - Base de données supprimée: test_test_extremely_long_inputs_k2o7slr7.db
2025-11-11 09:22:12 - facturacion_facil.test_database_manager - DEBUG - test_database_manager.py:109 - Répertoire supprimé: test_test_extremely_long_inputs_assets_ybzzrpo1
2025-11-11 09:22:12 - facturacion_facil.test_database_manager - DEBUG - test_database_manager.py:53 - Base de données de test créée: test_test_unicode_and_special_characters_8yuhlyxg.db
2025-11-11 09:22:12 - facturacion_facil.test_database_manager - DEBUG - test_database_manager.py:78 - Répertoire de test créé: test_test_unicode_and_special_characters_assets_8f4dq5bc
2025-11-11 09:22:12 - facturacion_facil.test_database_manager - DEBUG - test_database_manager.py:98 - Base de données supprimée: test_test_unicode_and_special_characters_8yuhlyxg.db
2025-11-11 09:22:12 - facturacion_facil.test_database_manager - DEBUG - test_database_manager.py:109 - Répertoire supprimé: test_test_unicode_and_special_characters_assets_8f4dq5bc
2025-11-11 09:22:12 - facturacion_facil.test_database_manager - DEBUG - test_database_manager.py:53 - Base de données de test créée: test_test_referencia_uniqueness_constraint_jgum4lxs.db
2025-11-11 09:22:12 - facturacion_facil.test_database_manager - DEBUG - test_database_manager.py:78 - Répertoire de test créé: test_test_referencia_uniqueness_constraint_assets_tbaypgsf
2025-11-11 09:22:12 - facturacion_facil.test_database_manager - DEBUG - test_database_manager.py:98 - Base de données supprimée: test_test_referencia_uniqueness_constraint_jgum4lxs.db
2025-11-11 09:22:12 - facturacion_facil.test_database_manager - DEBUG - test_database_manager.py:109 - Répertoire supprimé: test_test_referencia_uniqueness_constraint_assets_tbaypgsf
2025-11-11 09:22:12 - facturacion_facil.test_database_manager - DEBUG - test_database_manager.py:53 - Base de données de test créée: test_test_foreign_key_integrity_w_5i0eim.db
2025-11-11 09:22:12 - facturacion_facil.test_database_manager - DEBUG - test_database_manager.py:78 - Répertoire de test créé: test_test_foreign_key_integrity_assets_h6zlw5c9
2025-11-11 09:22:12 - facturacion_facil.test_database_manager - DEBUG - test_database_manager.py:98 - Base de données supprimée: test_test_foreign_key_integrity_w_5i0eim.db
2025-11-11 09:22:12 - facturacion_facil.test_database_manager - DEBUG - test_database_manager.py:109 - Répertoire supprimé: test_test_foreign_key_integrity_assets_h6zlw5c9
2025-11-11 09:22:12 - facturacion_facil.test_database_manager - DEBUG - test_database_manager.py:53 - Base de données de test créée: test_test_data_consistency_after_operations__havse_t.db
2025-11-11 09:22:12 - facturacion_facil.test_database_manager - DEBUG - test_database_manager.py:78 - Répertoire de test créé: test_test_data_consistency_after_operations_assets_fyg56jsw
2025-11-11 09:22:12 - facturacion_facil.test_database_manager - DEBUG - test_database_manager.py:98 - Base de données supprimée: test_test_data_consistency_after_operations__havse_t.db
2025-11-11 09:22:12 - facturacion_facil.test_database_manager - DEBUG - test_database_manager.py:109 - Répertoire supprimé: test_test_data_consistency_after_operations_assets_fyg56jsw
2025-11-11 09:22:12 - facturacion_facil.test_database_manager - DEBUG - test_database_manager.py:53 - Base de données de test créée: test_test_transaction_rollback_simulation_hnehtb0f.db
2025-11-11 09:22:12 - facturacion_facil.test_database_manager - DEBUG - test_database_manager.py:78 - Répertoire de test créé: test_test_transaction_rollback_simulation_assets__z25eilx
2025-11-11 09:22:17 - facturacion_facil.test_database_manager - DEBUG - test_database_manager.py:98 - Base de données supprimée: test_test_transaction_rollback_simulation_hnehtb0f.db
2025-11-11 09:22:17 - facturacion_facil.test_database_manager - DEBUG - test_database_manager.py:109 - Répertoire supprimé: test_test_transaction_rollback_simulation_assets__z25eilx
2025-11-11 09:22:17 - facturacion_facil.test_database_manager - DEBUG - test_database_manager.py:53 - Base de données de test créée: test_test_read_only_operations_safety_j1n434el.db
2025-11-11 09:22:17 - facturacion_facil.test_database_manager - DEBUG - test_database_manager.py:78 - Répertoire de test créé: test_test_read_only_operations_safety_assets_fezwniy3
2025-11-11 09:22:17 - facturacion_facil.test_database_manager - DEBUG - test_database_manager.py:98 - Base de données supprimée: test_test_read_only_operations_safety_j1n434el.db
2025-11-11 09:22:17 - facturacion_facil.test_database_manager - DEBUG - test_database_manager.py:109 - Répertoire supprimé: test_test_read_only_operations_safety_assets_fezwniy3
2025-11-11 09:22:17 - facturacion_facil.test_database_manager - DEBUG - test_database_manager.py:53 - Base de données de test créée: test_test_data_modification_tracking_i47kfvxu.db
2025-11-11 09:22:17 - facturacion_facil.test_database_manager - DEBUG - test_database_manager.py:78 - Répertoire de test créé: test_test_data_modification_tracking_assets_sf8olkuq
2025-11-11 09:22:17 - facturacion_facil.test_database_manager - DEBUG - test_database_manager.py:98 - Base de données supprimée: test_test_data_modification_tracking_i47kfvxu.db
2025-11-11 09:22:17 - facturacion_facil.test_database_manager - DEBUG - test_database_manager.py:109 - Répertoire supprimé: test_test_data_modification_tracking_assets_sf8olkuq
2025-11-11 09:22:17 - facturacion_facil.test_database_manager - DEBUG - test_database_manager.py:53 - Base de données de test créée: test_test_stock_models_xvt9o3a3.db
2025-11-11 09:22:17 - facturacion_facil.test_database_manager - DEBUG - test_database_manager.py:78 - Répertoire de test créé: test_test_stock_models_assets_ln5qwfkz
2025-11-11 09:22:17 - facturacion_facil.test_database_manager - DEBUG - test_database_manager.py:98 - Base de données supprimée: test_test_stock_models_xvt9o3a3.db
2025-11-11 09:22:17 - facturacion_facil.test_database_manager - DEBUG - test_database_manager.py:109 - Répertoire supprimé: test_test_stock_models_assets_ln5qwfkz
2025-11-11 09:22:17 - facturacion_facil.test_database_manager - DEBUG - test_database_manager.py:53 - Base de données de test créée: test_test_get_text_existing_key_jpy7_26w.db
2025-11-11 09:22:17 - facturacion_facil.test_database_manager - DEBUG - test_database_manager.py:78 - Répertoire de test créé: test_test_get_text_existing_key_assets_6uvcbc6_
2025-11-11 09:22:17 - facturacion_facil.test_database_manager - DEBUG - test_database_manager.py:98 - Base de données supprimée: test_test_get_text_existing_key_jpy7_26w.db
2025-11-11 09:22:17 - facturacion_facil.test_database_manager - DEBUG - test_database_manager.py:109 - Répertoire supprimé: test_test_get_text_existing_key_assets_6uvcbc6_
2025-11-11 09:22:17 - facturacion_facil.test_database_manager - DEBUG - test_database_manager.py:53 - Base de données de test créée: test_test_get_text_non_existing_key_oeg4s222.db
2025-11-11 09:22:17 - facturacion_facil.test_database_manager - DEBUG - test_database_manager.py:78 - Répertoire de test créé: test_test_get_text_non_existing_key_assets_tcifippo
2025-11-11 09:22:17 - facturacion_facil.test_database_manager - DEBUG - test_database_manager.py:98 - Base de données supprimée: test_test_get_text_non_existing_key_oeg4s222.db
2025-11-11 09:22:17 - facturacion_facil.test_database_manager - DEBUG - test_database_manager.py:109 - Répertoire supprimé: test_test_get_text_non_existing_key_assets_tcifippo
2025-11-11 09:22:17 - facturacion_facil.test_database_manager - DEBUG - test_database_manager.py:53 - Base de données de test créée: test_test_get_text_empty_key_bh5wd6j8.db
2025-11-11 09:22:17 - facturacion_facil.test_database_manager - DEBUG - test_database_manager.py:78 - Répertoire de test créé: test_test_get_text_empty_key_assets_os07z18u
2025-11-11 09:22:17 - facturacion_facil.test_database_manager - DEBUG - test_database_manager.py:98 - Base de données supprimée: test_test_get_text_empty_key_bh5wd6j8.db
2025-11-11 09:22:17 - facturacion_facil.test_database_manager - DEBUG - test_database_manager.py:109 - Répertoire supprimé: test_test_get_text_empty_key_assets_os07z18u
2025-11-11 09:22:17 - facturacion_facil.test_database_manager - DEBUG - test_database_manager.py:53 - Base de données de test créée: test_test_get_text_none_key_rp58tob3.db
2025-11-11 09:22:17 - facturacion_facil.test_database_manager - DEBUG - test_database_manager.py:78 - Répertoire de test créé: test_test_get_text_none_key_assets_ulhylhy0
2025-11-11 09:22:17 - facturacion_facil.test_database_manager - DEBUG - test_database_manager.py:98 - Base de données supprimée: test_test_get_text_none_key_rp58tob3.db
2025-11-11 09:22:17 - facturacion_facil.test_database_manager - DEBUG - test_database_manager.py:109 - Répertoire supprimé: test_test_get_text_none_key_assets_ulhylhy0
2025-11-11 09:22:17 - facturacion_facil.test_database_manager - DEBUG - test_database_manager.py:53 - Base de données de test créée: test_test_all_main_sections_have_translations_m0c7q9i1.db
2025-11-11 09:22:17 - facturacion_facil.test_database_manager - DEBUG - test_database_manager.py:78 - Répertoire de test créé: test_test_all_main_sections_have_translations_assets_3g5voo_y
2025-11-11 09:22:17 - facturacion_facil.test_database_manager - DEBUG - test_database_manager.py:98 - Base de données supprimée: test_test_all_main_sections_have_translations_m0c7q9i1.db
2025-11-11 09:22:17 - facturacion_facil.test_database_manager - DEBUG - test_database_manager.py:109 - Répertoire supprimé: test_test_all_main_sections_have_translations_assets_3g5voo_y
2025-11-11 09:22:17 - facturacion_facil.test_database_manager - DEBUG - test_database_manager.py:53 - Base de données de test créée: test_test_producto_fields_have_translations_x1spv_y_.db
2025-11-11 09:22:17 - facturacion_facil.test_database_manager - DEBUG - test_database_manager.py:78 - Répertoire de test créé: test_test_producto_fields_have_translations_assets_ultawnlo
2025-11-11 09:22:17 - facturacion_facil.test_database_manager - DEBUG - test_database_manager.py:98 - Base de données supprimée: test_test_producto_fields_have_translations_x1spv_y_.db
2025-11-11 09:22:17 - facturacion_facil.test_database_manager - DEBUG - test_database_manager.py:109 - Répertoire supprimé: test_test_producto_fields_have_translations_assets_ultawnlo
2025-11-11 09:22:17 - facturacion_facil.test_database_manager - DEBUG - test_database_manager.py:53 - Base de données de test créée: test_test_organizacion_fields_have_translations_rdx69s95.db
2025-11-11 09:22:17 - facturacion_facil.test_database_manager - DEBUG - test_database_manager.py:78 - Répertoire de test créé: test_test_organizacion_fields_have_translations_assets_as0v3pyf
2025-11-11 09:22:17 - facturacion_facil.test_database_manager - DEBUG - test_database_manager.py:98 - Base de données supprimée: test_test_organizacion_fields_have_translations_rdx69s95.db
2025-11-11 09:22:17 - facturacion_facil.test_database_manager - DEBUG - test_database_manager.py:109 - Répertoire supprimé: test_test_organizacion_fields_have_translations_assets_as0v3pyf
2025-11-11 09:22:17 - facturacion_facil.test_database_manager - DEBUG - test_database_manager.py:53 - Base de données de test créée: test_test_factura_fields_have_translations_7oj767xc.db
2025-11-11 09:22:17 - facturacion_facil.test_database_manager - DEBUG - test_database_manager.py:78 - Répertoire de test créé: test_test_factura_fields_have_translations_assets_0lye9j6d
2025-11-11 09:22:17 - facturacion_facil.test_database_manager - DEBUG - test_database_manager.py:98 - Base de données supprimée: test_test_factura_fields_have_translations_7oj767xc.db
2025-11-11 09:22:17 - facturacion_facil.test_database_manager - DEBUG - test_database_manager.py:109 - Répertoire supprimé: test_test_factura_fields_have_translations_assets_0lye9j6d
2025-11-11 09:22:17 - facturacion_facil.test_database_manager - DEBUG - test_database_manager.py:53 - Base de données de test créée: test_test_button_texts_have_translations__u8_2gik.db
2025-11-11 09:22:17 - facturacion_facil.test_database_manager - DEBUG - test_database_manager.py:78 - Répertoire de test créé: test_test_button_texts_have_translations_assets_rzr1fu6e
2025-11-11 09:22:17 - facturacion_facil.test_database_manager - DEBUG - test_database_manager.py:98 - Base de données supprimée: test_test_button_texts_have_translations__u8_2gik.db
2025-11-11 09:22:17 - facturacion_facil.test_database_manager - DEBUG - test_database_manager.py:109 - Répertoire supprimé: test_test_button_texts_have_translations_assets_rzr1fu6e
2025-11-11 09:22:17 - facturacion_facil.test_database_manager - DEBUG - test_database_manager.py:53 - Base de données de test créée: test_test_message_texts_have_translations_46dksvc5.db
2025-11-11 09:22:17 - facturacion_facil.test_database_manager - DEBUG - test_database_manager.py:78 - Répertoire de test créé: test_test_message_texts_have_translations_assets_ym914qyu
2025-11-11 09:22:17 - facturacion_facil.test_database_manager - DEBUG - test_database_manager.py:98 - Base de données supprimée: test_test_message_texts_have_translations_46dksvc5.db
2025-11-11 09:22:17 - facturacion_facil.test_database_manager - DEBUG - test_database_manager.py:109 - Répertoire supprimé: test_test_message_texts_have_translations_assets_ym914qyu
2025-11-11 09:22:17 - facturacion_facil.test_database_manager - DEBUG - test_database_manager.py:53 - Base de données de test créée: test_test_payment_methods_have_translations_q7dfc2ah.db
2025-11-11 09:22:17 - facturacion_facil.test_database_manager - DEBUG - test_database_manager.py:78 - Répertoire de test créé: test_test_payment_methods_have_translations_assets_dbe1l2z1
2025-11-11 09:22:17 - facturacion_facil.test_database_manager - DEBUG - test_database_manager.py:98 - Base de données supprimée: test_test_payment_methods_have_translations_q7dfc2ah.db
2025-11-11 09:22:17 - facturacion_facil.test_database_manager - DEBUG - test_database_manager.py:109 - Répertoire supprimé: test_test_payment_methods_have_translations_assets_dbe1l2z1
2025-11-11 09:22:17 - facturacion_facil.test_database_manager - DEBUG - test_database_manager.py:53 - Base de données de test créée: test_test_translations_are_in_spanish_q3xzm5i0.db
2025-11-11 09:22:17 - facturacion_facil.test_database_manager - DEBUG - test_database_manager.py:78 - Répertoire de test créé: test_test_translations_are_in_spanish_assets_d4_zzb96
2025-11-11 09:22:17 - facturacion_facil.test_database_manager - DEBUG - test_database_manager.py:98 - Base de données supprimée: test_test_translations_are_in_spanish_q3xzm5i0.db
2025-11-11 09:22:17 - facturacion_facil.test_database_manager - DEBUG - test_database_manager.py:109 - Répertoire supprimé: test_test_translations_are_in_spanish_assets_d4_zzb96
2025-11-11 09:22:17 - facturacion_facil.test_database_manager - DEBUG - test_database_manager.py:53 - Base de données de test créée: test_test_no_empty_translations_fksumz65.db
2025-11-11 09:22:17 - facturacion_facil.test_database_manager - DEBUG - test_database_manager.py:78 - Répertoire de test créé: test_test_no_empty_translations_assets_3t0nkvig
2025-11-11 09:22:17 - facturacion_facil.test_database_manager - DEBUG - test_database_manager.py:98 - Base de données supprimée: test_test_no_empty_translations_fksumz65.db
2025-11-11 09:22:17 - facturacion_facil.test_database_manager - DEBUG - test_database_manager.py:109 - Répertoire supprimé: test_test_no_empty_translations_assets_3t0nkvig
2025-11-11 09:22:17 - facturacion_facil.test_database_manager - DEBUG - test_database_manager.py:53 - Base de données de test créée: test_test_translations_consistency_iqxsi8cz.db
2025-11-11 09:22:17 - facturacion_facil.test_database_manager - DEBUG - test_database_manager.py:78 - Répertoire de test créé: test_test_translations_consistency_assets_kcmclp6x
2025-11-11 09:22:17 - facturacion_facil.test_database_manager - DEBUG - test_database_manager.py:98 - Base de données supprimée: test_test_translations_consistency_iqxsi8cz.db
2025-11-11 09:22:17 - facturacion_facil.test_database_manager - DEBUG - test_database_manager.py:109 - Répertoire supprimé: test_test_translations_consistency_assets_kcmclp6x
2025-11-11 09:22:17 - facturacion_facil.test_database_manager - DEBUG - test_database_manager.py:53 - Base de données de test créée: test_test_special_characters_in_translations_o3wu_1uk.db
2025-11-11 09:22:17 - facturacion_facil.test_database_manager - DEBUG - test_database_manager.py:78 - Répertoire de test créé: test_test_special_characters_in_translations_assets_m68lkbod
2025-11-11 09:22:17 - facturacion_facil.test_database_manager - DEBUG - test_database_manager.py:98 - Base de données supprimée: test_test_special_characters_in_translations_o3wu_1uk.db
2025-11-11 09:22:17 - facturacion_facil.test_database_manager - DEBUG - test_database_manager.py:109 - Répertoire supprimé: test_test_special_characters_in_translations_assets_m68lkbod
2025-11-11 09:22:17 - facturacion_facil.test_database_manager - DEBUG - test_database_manager.py:53 - Base de données de test créée: test_test_translation_types[app_title-str]_w32ir2xe.db
2025-11-11 09:22:17 - facturacion_facil.test_database_manager - DEBUG - test_database_manager.py:78 - Répertoire de test créé: test_test_translation_types[app_title-str]_assets_jxxasghx
2025-11-11 09:22:17 - facturacion_facil.test_database_manager - DEBUG - test_database_manager.py:98 - Base de données supprimée: test_test_translation_types[app_title-str]_w32ir2xe.db
2025-11-11 09:22:17 - facturacion_facil.test_database_manager - DEBUG - test_database_manager.py:109 - Répertoire supprimé: test_test_translation_types[app_title-str]_assets_jxxasghx
2025-11-11 09:22:17 - facturacion_facil.test_database_manager - DEBUG - test_database_manager.py:53 - Base de données de test créée: test_test_translation_types[productos-str]_6ug7dquo.db
2025-11-11 09:22:17 - facturacion_facil.test_database_manager - DEBUG - test_database_manager.py:78 - Répertoire de test créé: test_test_translation_types[productos-str]_assets_dcms31lj
2025-11-11 09:22:17 - facturacion_facil.test_database_manager - DEBUG - test_database_manager.py:98 - Base de données supprimée: test_test_translation_types[productos-str]_6ug7dquo.db
2025-11-11 09:22:17 - facturacion_facil.test_database_manager - DEBUG - test_database_manager.py:109 - Répertoire supprimé: test_test_translation_types[productos-str]_assets_dcms31lj
2025-11-11 09:22:17 - facturacion_facil.test_database_manager - DEBUG - test_database_manager.py:53 - Base de données de test créée: test_test_translation_types[precio-str]_sggi87e2.db
2025-11-11 09:22:17 - facturacion_facil.test_database_manager - DEBUG - test_database_manager.py:78 - Répertoire de test créé: test_test_translation_types[precio-str]_assets_cf0_lhwj
2025-11-11 09:22:17 - facturacion_facil.test_database_manager - DEBUG - test_database_manager.py:98 - Base de données supprimée: test_test_translation_types[precio-str]_sggi87e2.db
2025-11-11 09:22:17 - facturacion_facil.test_database_manager - DEBUG - test_database_manager.py:109 - Répertoire supprimé: test_test_translation_types[precio-str]_assets_cf0_lhwj
2025-11-11 09:22:17 - facturacion_facil.test_database_manager - DEBUG - test_database_manager.py:53 - Base de données de test créée: test_test_translation_types[guardar-str]_jrk6fxzv.db
2025-11-11 09:22:17 - facturacion_facil.test_database_manager - DEBUG - test_database_manager.py:78 - Répertoire de test créé: test_test_translation_types[guardar-str]_assets_pkgnrhtf
2025-11-11 09:22:17 - facturacion_facil.test_database_manager - DEBUG - test_database_manager.py:98 - Base de données supprimée: test_test_translation_types[guardar-str]_jrk6fxzv.db
2025-11-11 09:22:17 - facturacion_facil.test_database_manager - DEBUG - test_database_manager.py:109 - Répertoire supprimé: test_test_translation_types[guardar-str]_assets_pkgnrhtf
2025-11-11 09:22:17 - facturacion_facil.test_database_manager - DEBUG - test_database_manager.py:53 - Base de données de test créée: test_test_translation_types[error-str]_a6sbtu3v.db
2025-11-11 09:22:17 - facturacion_facil.test_database_manager - DEBUG - test_database_manager.py:78 - Répertoire de test créé: test_test_translation_types[error-str]_assets_edkrvnpn
2025-11-11 09:22:17 - facturacion_facil.test_database_manager - DEBUG - test_database_manager.py:98 - Base de données supprimée: test_test_translation_types[error-str]_a6sbtu3v.db
2025-11-11 09:22:17 - facturacion_facil.test_database_manager - DEBUG - test_database_manager.py:109 - Répertoire supprimé: test_test_translation_types[error-str]_assets_edkrvnpn
2025-11-11 09:22:17 - facturacion_facil.test_database_manager - DEBUG - test_database_manager.py:53 - Base de données de test créée: test_test_validacion_facturas_opcional_8osuikux.db
2025-11-11 09:22:17 - facturacion_facil.test_database_manager - DEBUG - test_database_manager.py:78 - Répertoire de test créé: test_test_validacion_facturas_opcional_assets_l_p3u9a5
2025-11-11 09:22:17 - facturacion_facil.test_database_manager - DEBUG - test_database_manager.py:98 - Base de données supprimée: test_test_validacion_facturas_opcional_8osuikux.db
2025-11-11 09:22:17 - facturacion_facil.test_database_manager - DEBUG - test_database_manager.py:109 - Répertoire supprimé: test_test_validacion_facturas_opcional_assets_l_p3u9a5
2025-11-11 09:22:17 - facturacion_facil.test_database_manager - DEBUG - test_database_manager.py:53 - Base de données de test créée: test_test_validate_form_directly_h7ibmt0t.db
2025-11-11 09:22:17 - facturacion_facil.test_database_manager - DEBUG - test_database_manager.py:78 - Répertoire de test créé: test_test_validate_form_directly_assets_2o311koh
2025-11-11 09:22:17 - facturacion_facil.test_database_manager - DEBUG - test_database_manager.py:98 - Base de données supprimée: test_test_validate_form_directly_h7ibmt0t.db
2025-11-11 09:22:17 - facturacion_facil.test_database_manager - DEBUG - test_database_manager.py:109 - Répertoire supprimé: test_test_validate_form_directly_assets_2o311koh
2025-11-11 09:22:17 - facturacion_facil.test_database_manager - DEBUG - test_database_manager.py:53 - Base de données de test créée: test_test_translations_used_in_validate_x1vk8ru2.db
2025-11-11 09:22:17 - facturacion_facil.test_database_manager - DEBUG - test_database_manager.py:78 - Répertoire de test créé: test_test_translations_used_in_validate_assets_0ieondt0
2025-11-11 09:22:17 - facturacion_facil.test_database_manager - DEBUG - test_database_manager.py:98 - Base de données supprimée: test_test_translations_used_in_validate_x1vk8ru2.db
2025-11-11 09:22:17 - facturacion_facil.test_database_manager - DEBUG - test_database_manager.py:109 - Répertoire supprimé: test_test_translations_used_in_validate_assets_0ieondt0
2025-11-11 09:22:17 - facturacion_facil.test_database_manager - DEBUG - test_database_manager.py:53 - Base de données de test créée: test_test_join_operation_ib9jfs1p.db
2025-11-11 09:22:17 - facturacion_facil.test_database_manager - DEBUG - test_database_manager.py:78 - Répertoire de test créé: test_test_join_operation_assets_hhwtyj8l
2025-11-11 09:22:17 - facturacion_facil.test_database_manager - DEBUG - test_database_manager.py:98 - Base de données supprimée: test_test_join_operation_ib9jfs1p.db
2025-11-11 09:22:17 - facturacion_facil.test_database_manager - DEBUG - test_database_manager.py:109 - Répertoire supprimé: test_test_join_operation_assets_hhwtyj8l
2025-11-11 09:22:17 - facturacion_facil.test_database_manager - DEBUG - test_database_manager.py:53 - Base de données de test créée: test_test_mock_behavior_9z2pjbau.db
2025-11-11 09:22:17 - facturacion_facil.test_database_manager - DEBUG - test_database_manager.py:78 - Répertoire de test créé: test_test_mock_behavior_assets_e0nd_xc_
2025-11-11 09:22:17 - facturacion_facil.test_database_manager - DEBUG - test_database_manager.py:98 - Base de données supprimée: test_test_mock_behavior_9z2pjbau.db
2025-11-11 09:22:17 - facturacion_facil.test_database_manager - DEBUG - test_database_manager.py:109 - Répertoire supprimé: test_test_mock_behavior_assets_e0nd_xc_
2025-11-11 09:22:17 - facturacion_facil.test_database_manager - DEBUG - test_database_manager.py:53 - Base de données de test créée: test_test_validate_required_field_valid_6uc2hg2f.db
2025-11-11 09:22:17 - facturacion_facil.test_database_manager - DEBUG - test_database_manager.py:78 - Répertoire de test créé: test_test_validate_required_field_valid_assets_eft18i_p
2025-11-11 09:22:17 - facturacion_facil.test_database_manager - DEBUG - test_database_manager.py:98 - Base de données supprimée: test_test_validate_required_field_valid_6uc2hg2f.db
2025-11-11 09:22:17 - facturacion_facil.test_database_manager - DEBUG - test_database_manager.py:109 - Répertoire supprimé: test_test_validate_required_field_valid_assets_eft18i_p
2025-11-11 09:22:17 - facturacion_facil.test_database_manager - DEBUG - test_database_manager.py:53 - Base de données de test créée: test_test_validate_required_field_empty_vtibbwzr.db
2025-11-11 09:22:17 - facturacion_facil.test_database_manager - DEBUG - test_database_manager.py:78 - Répertoire de test créé: test_test_validate_required_field_empty_assets_4uztpx9b
2025-11-11 09:22:17 - facturacion_facil.test_database_manager - DEBUG - test_database_manager.py:98 - Base de données supprimée: test_test_validate_required_field_empty_vtibbwzr.db
2025-11-11 09:22:17 - facturacion_facil.test_database_manager - DEBUG - test_database_manager.py:109 - Répertoire supprimé: test_test_validate_required_field_empty_assets_4uztpx9b
2025-11-11 09:22:17 - facturacion_facil.test_database_manager - DEBUG - test_database_manager.py:53 - Base de données de test créée: test_test_validate_required_field_whitespace_hf6lz_0g.db
2025-11-11 09:22:17 - facturacion_facil.test_database_manager - DEBUG - test_database_manager.py:78 - Répertoire de test créé: test_test_validate_required_field_whitespace_assets_iuvwa61o
2025-11-11 09:22:17 - facturacion_facil.test_database_manager - DEBUG - test_database_manager.py:98 - Base de données supprimée: test_test_validate_required_field_whitespace_hf6lz_0g.db
2025-11-11 09:22:17 - facturacion_facil.test_database_manager - DEBUG - test_database_manager.py:109 - Répertoire supprimé: test_test_validate_required_field_whitespace_assets_iuvwa61o
2025-11-11 09:22:17 - facturacion_facil.test_database_manager - DEBUG - test_database_manager.py:53 - Base de données de test créée: test_test_validate_required_field_none_kq7bkoxk.db
2025-11-11 09:22:17 - facturacion_facil.test_database_manager - DEBUG - test_database_manager.py:78 - Répertoire de test créé: test_test_validate_required_field_none_assets_nbapsw8o
2025-11-11 09:22:17 - facturacion_facil.test_database_manager - DEBUG - test_database_manager.py:98 - Base de données supprimée: test_test_validate_required_field_none_kq7bkoxk.db
2025-11-11 09:22:17 - facturacion_facil.test_database_manager - DEBUG - test_database_manager.py:109 - Répertoire supprimé: test_test_validate_required_field_none_assets_nbapsw8o
2025-11-11 09:22:17 - facturacion_facil.test_database_manager - DEBUG - test_database_manager.py:53 - Base de données de test créée: test_test_validate_precio_valid_g7k1kxf5.db
2025-11-11 09:22:17 - facturacion_facil.test_database_manager - DEBUG - test_database_manager.py:78 - Répertoire de test créé: test_test_validate_precio_valid_assets_55rl1c48
2025-11-11 09:22:17 - facturacion_facil.test_database_manager - DEBUG - test_database_manager.py:98 - Base de données supprimée: test_test_validate_precio_valid_g7k1kxf5.db
2025-11-11 09:22:17 - facturacion_facil.test_database_manager - DEBUG - test_database_manager.py:109 - Répertoire supprimé: test_test_validate_precio_valid_assets_55rl1c48
2025-11-11 09:22:17 - facturacion_facil.test_database_manager - DEBUG - test_database_manager.py:53 - Base de données de test créée: test_test_validate_precio_invalid_ovqnv428.db
2025-11-11 09:22:17 - facturacion_facil.test_database_manager - DEBUG - test_database_manager.py:78 - Répertoire de test créé: test_test_validate_precio_invalid_assets_q7_e7bcc
2025-11-11 09:22:17 - facturacion_facil.test_database_manager - DEBUG - test_database_manager.py:98 - Base de données supprimée: test_test_validate_precio_invalid_ovqnv428.db
2025-11-11 09:22:17 - facturacion_facil.test_database_manager - DEBUG - test_database_manager.py:109 - Répertoire supprimé: test_test_validate_precio_invalid_assets_q7_e7bcc
2025-11-11 09:22:17 - facturacion_facil.test_database_manager - DEBUG - test_database_manager.py:53 - Base de données de test créée: test_test_validate_cantidad_valid_b27mx9j8.db
2025-11-11 09:22:17 - facturacion_facil.test_database_manager - DEBUG - test_database_manager.py:78 - Répertoire de test créé: test_test_validate_cantidad_valid_assets_eubeq23g
2025-11-11 09:22:17 - facturacion_facil.test_database_manager - DEBUG - test_database_manager.py:98 - Base de données supprimée: test_test_validate_cantidad_valid_b27mx9j8.db
2025-11-11 09:22:17 - facturacion_facil.test_database_manager - DEBUG - test_database_manager.py:109 - Répertoire supprimé: test_test_validate_cantidad_valid_assets_eubeq23g
2025-11-11 09:22:17 - facturacion_facil.test_database_manager - DEBUG - test_database_manager.py:53 - Base de données de test créée: test_test_validate_cantidad_invalid_jck8z_8o.db
2025-11-11 09:22:17 - facturacion_facil.test_database_manager - DEBUG - test_database_manager.py:78 - Répertoire de test créé: test_test_validate_cantidad_invalid_assets_ic1tu5hv
2025-11-11 09:22:17 - facturacion_facil.test_database_manager - DEBUG - test_database_manager.py:98 - Base de données supprimée: test_test_validate_cantidad_invalid_jck8z_8o.db
2025-11-11 09:22:17 - facturacion_facil.test_database_manager - DEBUG - test_database_manager.py:109 - Répertoire supprimé: test_test_validate_cantidad_invalid_assets_ic1tu5hv
2025-11-11 09:22:17 - facturacion_facil.test_database_manager - DEBUG - test_database_manager.py:53 - Base de données de test créée: test_test_validate_iva_valid_m4in0u4y.db
2025-11-11 09:22:17 - facturacion_facil.test_database_manager - DEBUG - test_database_manager.py:78 - Répertoire de test créé: test_test_validate_iva_valid_assets_sudlf2bt
2025-11-11 09:22:17 - facturacion_facil.test_database_manager - DEBUG - test_database_manager.py:98 - Base de données supprimée: test_test_validate_iva_valid_m4in0u4y.db
2025-11-11 09:22:17 - facturacion_facil.test_database_manager - DEBUG - test_database_manager.py:109 - Répertoire supprimé: test_test_validate_iva_valid_assets_sudlf2bt
2025-11-11 09:22:17 - facturacion_facil.test_database_manager - DEBUG - test_database_manager.py:53 - Base de données de test créée: test_test_validate_iva_invalid_u5zr56fz.db
2025-11-11 09:22:17 - facturacion_facil.test_database_manager - DEBUG - test_database_manager.py:78 - Répertoire de test créé: test_test_validate_iva_invalid_assets_6k58lmpl
2025-11-11 09:22:17 - facturacion_facil.test_database_manager - DEBUG - test_database_manager.py:98 - Base de données supprimée: test_test_validate_iva_invalid_u5zr56fz.db
2025-11-11 09:22:17 - facturacion_facil.test_database_manager - DEBUG - test_database_manager.py:109 - Répertoire supprimé: test_test_validate_iva_invalid_assets_6k58lmpl
2025-11-11 09:22:17 - facturacion_facil.test_database_manager - DEBUG - test_database_manager.py:53 - Base de données de test créée: test_test_validate_email_valid_wf41ykb3.db
2025-11-11 09:22:17 - facturacion_facil.test_database_manager - DEBUG - test_database_manager.py:78 - Répertoire de test créé: test_test_validate_email_valid_assets_5eav_56t
2025-11-11 09:22:17 - facturacion_facil.test_database_manager - DEBUG - test_database_manager.py:98 - Base de données supprimée: test_test_validate_email_valid_wf41ykb3.db
2025-11-11 09:22:17 - facturacion_facil.test_database_manager - DEBUG - test_database_manager.py:109 - Répertoire supprimé: test_test_validate_email_valid_assets_5eav_56t
2025-11-11 09:22:17 - facturacion_facil.test_database_manager - DEBUG - test_database_manager.py:53 - Base de données de test créée: test_test_validate_email_invalid_2af5ey_9.db
2025-11-11 09:22:17 - facturacion_facil.test_database_manager - DEBUG - test_database_manager.py:78 - Répertoire de test créé: test_test_validate_email_invalid_assets_dsanrss7
2025-11-11 09:22:17 - facturacion_facil.test_database_manager - DEBUG - test_database_manager.py:98 - Base de données supprimée: test_test_validate_email_invalid_2af5ey_9.db
2025-11-11 09:22:17 - facturacion_facil.test_database_manager - DEBUG - test_database_manager.py:109 - Répertoire supprimé: test_test_validate_email_invalid_assets_dsanrss7
2025-11-11 09:22:17 - facturacion_facil.test_database_manager - DEBUG - test_database_manager.py:53 - Base de données de test créée: test_test_validate_phone_valid_nyywnsvr.db
2025-11-11 09:22:17 - facturacion_facil.test_database_manager - DEBUG - test_database_manager.py:78 - Répertoire de test créé: test_test_validate_phone_valid_assets_rjrc0z5j
2025-11-11 09:22:17 - facturacion_facil.test_database_manager - DEBUG - test_database_manager.py:98 - Base de données supprimée: test_test_validate_phone_valid_nyywnsvr.db
2025-11-11 09:22:17 - facturacion_facil.test_database_manager - DEBUG - test_database_manager.py:109 - Répertoire supprimé: test_test_validate_phone_valid_assets_rjrc0z5j
2025-11-11 09:22:17 - facturacion_facil.test_database_manager - DEBUG - test_database_manager.py:53 - Base de données de test créée: test_test_validate_phone_invalid_2_kyx0l3.db
2025-11-11 09:22:17 - facturacion_facil.test_database_manager - DEBUG - test_database_manager.py:78 - Répertoire de test créé: test_test_validate_phone_invalid_assets_y_0uglii
2025-11-11 09:22:17 - facturacion_facil.test_database_manager - DEBUG - test_database_manager.py:98 - Base de données supprimée: test_test_validate_phone_invalid_2_kyx0l3.db
2025-11-11 09:22:17 - facturacion_facil.test_database_manager - DEBUG - test_database_manager.py:109 - Répertoire supprimé: test_test_validate_phone_invalid_assets_y_0uglii
2025-11-11 09:22:17 - facturacion_facil.test_database_manager - DEBUG - test_database_manager.py:53 - Base de données de test créée: test_test_validate_dni_nie_valid_zkpdxeux.db
2025-11-11 09:22:17 - facturacion_facil.test_database_manager - DEBUG - test_database_manager.py:78 - Répertoire de test créé: test_test_validate_dni_nie_valid_assets_ihgfxtgl
2025-11-11 09:22:17 - facturacion_facil.test_database_manager - DEBUG - test_database_manager.py:98 - Base de données supprimée: test_test_validate_dni_nie_valid_zkpdxeux.db
2025-11-11 09:22:17 - facturacion_facil.test_database_manager - DEBUG - test_database_manager.py:109 - Répertoire supprimé: test_test_validate_dni_nie_valid_assets_ihgfxtgl
2025-11-11 09:22:17 - facturacion_facil.test_database_manager - DEBUG - test_database_manager.py:53 - Base de données de test créée: test_test_validate_dni_nie_invalid_6hf59sap.db
2025-11-11 09:22:17 - facturacion_facil.test_database_manager - DEBUG - test_database_manager.py:78 - Répertoire de test créé: test_test_validate_dni_nie_invalid_assets_kp1klaz_
2025-11-11 09:22:17 - facturacion_facil.test_database_manager - DEBUG - test_database_manager.py:98 - Base de données supprimée: test_test_validate_dni_nie_invalid_6hf59sap.db
2025-11-11 09:22:17 - facturacion_facil.test_database_manager - DEBUG - test_database_manager.py:109 - Répertoire supprimé: test_test_validate_dni_nie_invalid_assets_kp1klaz_
2025-11-11 09:22:17 - facturacion_facil.test_database_manager - DEBUG - test_database_manager.py:53 - Base de données de test créée: test_test_calculate_iva_amount_8gzr4za1.db
2025-11-11 09:22:17 - facturacion_facil.test_database_manager - DEBUG - test_database_manager.py:78 - Répertoire de test créé: test_test_calculate_iva_amount_assets_sq8_v8hi
2025-11-11 09:22:17 - facturacion_facil.test_database_manager - DEBUG - test_database_manager.py:98 - Base de données supprimée: test_test_calculate_iva_amount_8gzr4za1.db
2025-11-11 09:22:17 - facturacion_facil.test_database_manager - DEBUG - test_database_manager.py:109 - Répertoire supprimé: test_test_calculate_iva_amount_assets_sq8_v8hi
2025-11-11 09:22:17 - facturacion_facil.test_database_manager - DEBUG - test_database_manager.py:53 - Base de données de test créée: test_test_calculate_iva_amount_invalid_input_wp1m9vxt.db
2025-11-11 09:22:17 - facturacion_facil.test_database_manager - DEBUG - test_database_manager.py:78 - Répertoire de test créé: test_test_calculate_iva_amount_invalid_input_assets_rrl0jmcg
2025-11-11 09:22:17 - facturacion_facil.test_database_manager - DEBUG - test_database_manager.py:98 - Base de données supprimée: test_test_calculate_iva_amount_invalid_input_wp1m9vxt.db
2025-11-11 09:22:17 - facturacion_facil.test_database_manager - DEBUG - test_database_manager.py:109 - Répertoire supprimé: test_test_calculate_iva_amount_invalid_input_assets_rrl0jmcg
2025-11-11 09:22:17 - facturacion_facil.test_database_manager - DEBUG - test_database_manager.py:53 - Base de données de test créée: test_test_calculate_precio_con_iva_yuz7cmn6.db
2025-11-11 09:22:17 - facturacion_facil.test_database_manager - DEBUG - test_database_manager.py:78 - Répertoire de test créé: test_test_calculate_precio_con_iva_assets_3oz8da8p
2025-11-11 09:22:17 - facturacion_facil.test_database_manager - DEBUG - test_database_manager.py:98 - Base de données supprimée: test_test_calculate_precio_con_iva_yuz7cmn6.db
2025-11-11 09:22:17 - facturacion_facil.test_database_manager - DEBUG - test_database_manager.py:109 - Répertoire supprimé: test_test_calculate_precio_con_iva_assets_3oz8da8p
2025-11-11 09:22:17 - facturacion_facil.test_database_manager - DEBUG - test_database_manager.py:53 - Base de données de test créée: test_test_calculate_line_total_basic_lznvvj81.db
2025-11-11 09:22:17 - facturacion_facil.test_database_manager - DEBUG - test_database_manager.py:78 - Répertoire de test créé: test_test_calculate_line_total_basic_assets_u48w37ra
2025-11-11 09:22:17 - facturacion_facil.test_database_manager - DEBUG - test_database_manager.py:98 - Base de données supprimée: test_test_calculate_line_total_basic_lznvvj81.db
2025-11-11 09:22:17 - facturacion_facil.test_database_manager - DEBUG - test_database_manager.py:109 - Répertoire supprimé: test_test_calculate_line_total_basic_assets_u48w37ra
2025-11-11 09:22:17 - facturacion_facil.test_database_manager - DEBUG - test_database_manager.py:53 - Base de données de test créée: test_test_calculate_line_total_with_discount_ypk0k1gd.db
2025-11-11 09:22:17 - facturacion_facil.test_database_manager - DEBUG - test_database_manager.py:78 - Répertoire de test créé: test_test_calculate_line_total_with_discount_assets_n5_p_8fr
2025-11-11 09:22:17 - facturacion_facil.test_database_manager - DEBUG - test_database_manager.py:98 - Base de données supprimée: test_test_calculate_line_total_with_discount_ypk0k1gd.db
2025-11-11 09:22:17 - facturacion_facil.test_database_manager - DEBUG - test_database_manager.py:109 - Répertoire supprimé: test_test_calculate_line_total_with_discount_assets_n5_p_8fr
2025-11-11 09:22:17 - facturacion_facil.test_database_manager - DEBUG - test_database_manager.py:53 - Base de données de test créée: test_test_calculate_line_total_complex_c0142cir.db
2025-11-11 09:22:17 - facturacion_facil.test_database_manager - DEBUG - test_database_manager.py:78 - Répertoire de test créé: test_test_calculate_line_total_complex_assets_pnez1mj3
2025-11-11 09:22:17 - facturacion_facil.test_database_manager - DEBUG - test_database_manager.py:98 - Base de données supprimée: test_test_calculate_line_total_complex_c0142cir.db
2025-11-11 09:22:17 - facturacion_facil.test_database_manager - DEBUG - test_database_manager.py:109 - Répertoire supprimé: test_test_calculate_line_total_complex_assets_pnez1mj3
2025-11-11 09:22:17 - facturacion_facil.test_database_manager - DEBUG - test_database_manager.py:53 - Base de données de test créée: test_test_calculate_line_total_invalid_input_kovkdv_c.db
2025-11-11 09:22:17 - facturacion_facil.test_database_manager - DEBUG - test_database_manager.py:78 - Répertoire de test créé: test_test_calculate_line_total_invalid_input_assets_cioa47mo
2025-11-11 09:22:17 - facturacion_facil.test_database_manager - DEBUG - test_database_manager.py:98 - Base de données supprimée: test_test_calculate_line_total_invalid_input_kovkdv_c.db
2025-11-11 09:22:17 - facturacion_facil.test_database_manager - DEBUG - test_database_manager.py:109 - Répertoire supprimé: test_test_calculate_line_total_invalid_input_assets_cioa47mo
2025-11-11 09:22:17 - facturacion_facil.test_database_manager - DEBUG - test_database_manager.py:53 - Base de données de test créée: test_test_format_currency_s299z8ju.db
2025-11-11 09:22:17 - facturacion_facil.test_database_manager - DEBUG - test_database_manager.py:78 - Répertoire de test créé: test_test_format_currency_assets_j2unthrc
2025-11-11 09:22:17 - facturacion_facil.test_database_manager - DEBUG - test_database_manager.py:98 - Base de données supprimée: test_test_format_currency_s299z8ju.db
2025-11-11 09:22:17 - facturacion_facil.test_database_manager - DEBUG - test_database_manager.py:109 - Répertoire supprimé: test_test_format_currency_assets_j2unthrc
2025-11-11 09:22:17 - facturacion_facil.test_database_manager - DEBUG - test_database_manager.py:53 - Base de données de test créée: test_test_format_currency_invalid_input_6acqp047.db
2025-11-11 09:22:17 - facturacion_facil.test_database_manager - DEBUG - test_database_manager.py:78 - Répertoire de test créé: test_test_format_currency_invalid_input_assets_3ersqa2o
2025-11-11 09:22:17 - facturacion_facil.test_database_manager - DEBUG - test_database_manager.py:98 - Base de données supprimée: test_test_format_currency_invalid_input_6acqp047.db
2025-11-11 09:22:17 - facturacion_facil.test_database_manager - DEBUG - test_database_manager.py:109 - Répertoire supprimé: test_test_format_currency_invalid_input_assets_3ersqa2o
2025-11-11 09:22:17 - facturacion_facil.test_database_manager - DEBUG - test_database_manager.py:53 - Base de données de test créée: test_test_format_percentage_pl6k1ube.db
2025-11-11 09:22:17 - facturacion_facil.test_database_manager - DEBUG - test_database_manager.py:78 - Répertoire de test créé: test_test_format_percentage_assets_vvvnl00b
2025-11-11 09:22:17 - facturacion_facil.test_database_manager - DEBUG - test_database_manager.py:98 - Base de données supprimée: test_test_format_percentage_pl6k1ube.db
2025-11-11 09:22:17 - facturacion_facil.test_database_manager - DEBUG - test_database_manager.py:109 - Répertoire supprimé: test_test_format_percentage_assets_vvvnl00b
2025-11-11 09:22:17 - facturacion_facil.test_database_manager - DEBUG - test_database_manager.py:53 - Base de données de test créée: test_test_format_percentage_invalid_input_com_x0nt.db
2025-11-11 09:22:17 - facturacion_facil.test_database_manager - DEBUG - test_database_manager.py:78 - Répertoire de test créé: test_test_format_percentage_invalid_input_assets_v7cvo2zv
2025-11-11 09:22:17 - facturacion_facil.test_database_manager - DEBUG - test_database_manager.py:98 - Base de données supprimée: test_test_format_percentage_invalid_input_com_x0nt.db
2025-11-11 09:22:17 - facturacion_facil.test_database_manager - DEBUG - test_database_manager.py:109 - Répertoire supprimé: test_test_format_percentage_invalid_input_assets_v7cvo2zv
2025-11-11 09:22:19 - facturacion_facil.test_database_manager - INFO - test_database_manager.py:141 - Toutes les ressources de test nettoyées
2025-11-11 09:24:13 - facturacion_facil - INFO - logger.py:75 - === Iniciando facturacion_facil ===
2025-11-11 09:24:13 - facturacion_facil - INFO - logger.py:76 - Directorio de logs: /home/pascal/development/for_django/facturacion_facil/logs
2025-11-11 09:24:22 - facturacion_facil - INFO - logger.py:75 - === Iniciando facturacion_facil ===
2025-11-11 09:24:22 - facturacion_facil - INFO - logger.py:76 - Directorio de logs: /home/pascal/development/for_django/facturacion_facil/logs
2025-11-11 09:26:03 - facturacion_facil - INFO - logger.py:75 - === Iniciando facturacion_facil ===
2025-11-11 09:26:03 - facturacion_facil - INFO - logger.py:76 - Directorio de logs: /home/pascal/development/for_django/facturacion_facil/logs
2025-11-11 09:26:03 - facturacion_facil - INFO - logger.py:86 - Python version: 3.13.7 (main, Sep 19 2025, 17:28:11) [GCC 14.2.0]
2025-11-11 09:26:03 - facturacion_facil - INFO - logger.py:87 - Directorio de trabajo: /home/pascal/development/for_django/facturacion_facil
2025-11-11 09:26:03 - facturacion_facil - INFO - logger.py:88 - Argumentos: ['main.py']
2025-11-11 09:26:03 - facturacion_facil - INFO - logger.py:138 - === Iniciando aplicación Facturación Fácil ===
2025-11-11 09:26:03 - facturacion_facil.force_copyable - INFO - force_copyable_dialogs.py:96 - 🔧 FORCE: Parche forzado aplicado a messagebox
2025-11-11 09:26:03 - facturacion_facil.force_copyable - INFO - force_copyable_dialogs.py:97 - 🔧 FORCE: TODOS los messagebox ahora usan diálogos copiables
2025-11-11 09:26:03 - facturacion_facil - INFO - logger.py:138 - 🔧 Parche FORZADO de mensajes copiables aplicado correctamente
2025-11-11 09:26:03 - facturacion_facil - INFO - logger.py:138 - 🎯 GARANTÍA: Todos los messagebox tendrán botón copiar
2025-11-11 09:26:03 - facturacion_facil - INFO - logger.py:138 - Inicializando base de datos...
2025-11-11 09:26:03 - facturacion_facil - INFO - logger.py:138 - Base de datos inicializada correctamente
2025-11-11 09:26:03 - facturacion_facil - INFO - logger.py:138 - Creando ventana principal
2025-11-11 09:26:03 - facturacion_facil - INFO - logger.py:138 - Iniciando bucle principal de la aplicación
2025-11-11 09:26:10 - facturacion_facil - INFO - logger.py:138 - Aplicación cerrada normalmente
2025-11-11 09:27:28 - facturacion_facil - INFO - logger.py:75 - === Iniciando facturacion_facil ===
2025-11-11 09:27:28 - facturacion_facil - INFO - logger.py:76 - Directorio de logs: /home/pascal/development/for_django/facturacion_facil/logs
2025-11-11 09:27:29 - facturacion_facil - INFO - logger.py:86 - Python version: 3.13.7 (main, Sep 19 2025, 17:28:11) [GCC 14.2.0]
2025-11-11 09:27:29 - facturacion_facil - INFO - logger.py:87 - Directorio de trabajo: /home/pascal/development/for_django/facturacion_facil
2025-11-11 09:27:29 - facturacion_facil - INFO - logger.py:88 - Argumentos: ['main.py']
2025-11-11 09:27:29 - facturacion_facil - INFO - logger.py:138 - === Iniciando aplicación Facturación Fácil ===
2025-11-11 09:27:29 - facturacion_facil.force_copyable - INFO - force_copyable_dialogs.py:96 - 🔧 FORCE: Parche forzado aplicado a messagebox
2025-11-11 09:27:29 - facturacion_facil.force_copyable - INFO - force_copyable_dialogs.py:97 - 🔧 FORCE: TODOS los messagebox ahora usan diálogos copiables
2025-11-11 09:27:29 - facturacion_facil - INFO - logger.py:138 - 🔧 Parche FORZADO de mensajes copiables aplicado correctamente
2025-11-11 09:27:29 - facturacion_facil - INFO - logger.py:138 - 🎯 GARANTÍA: Todos los messagebox tendrán botón copiar
2025-11-11 09:27:29 - facturacion_facil - INFO - logger.py:138 - Inicializando base de datos...
2025-11-11 09:27:29 - facturacion_facil - INFO - logger.py:138 - Base de datos inicializada correctamente
2025-11-11 09:27:29 - facturacion_facil - INFO - logger.py:138 - Creando ventana principal
2025-11-11 09:27:29 - facturacion_facil - INFO - logger.py:138 - Iniciando bucle principal de la aplicación
2025-11-11 09:27:37 - facturacion_facil.productos - INFO - productos.py:28 - Inicializando ventana de gestión de productos
2025-11-11 09:27:37 - facturacion_facil.productos - DEBUG - productos.py:192 - Frame principal scrollable creado con tamaño mínimo configurado
2025-11-11 09:27:37 - facturacion_facil.treeview_sorter - INFO - treeview_sorter.py:39 - Configurado sorting para 4 columnas
2025-11-11 09:27:37 - facturacion_facil.productos - DEBUG - productos.py:358 - Frame de botones del formulario creado y packed
2025-11-11 09:27:37 - facturacion_facil.productos - INFO - productos.py:371 - Frame inferior de botones creado: .!ctktoplevel.!ctkframe.!canvas.!ctkscrollableframe.!ctkframe.!ctkframe2.!ctkframe.!ctkframe3.!ctkframe2
2025-11-11 09:27:37 - facturacion_facil.productos - INFO - productos.py:384 - Botón 'Guardar' creado: .!ctktoplevel.!ctkframe.!canvas.!ctkscrollableframe.!ctkframe.!ctkframe2.!ctkframe.!ctkframe3.!ctkframe2.!ctkbutton en frame .!ctktoplevel.!ctkframe.!canvas.!ctkscrollableframe.!ctkframe.!ctkframe2.!ctkframe.!ctkframe3.!ctkframe2
2025-11-11 09:27:37 - facturacion_facil.productos - INFO - productos.py:397 - Botón 'Cancelar' creado: .!ctktoplevel.!ctkframe.!canvas.!ctkscrollableframe.!ctkframe.!ctkframe2.!ctkframe.!ctkframe3.!ctkframe2.!ctkbutton2 en frame .!ctktoplevel.!ctkframe.!canvas.!ctkscrollableframe.!ctkframe.!ctkframe2.!ctkframe.!ctkframe3.!ctkframe2
2025-11-11 09:27:37 - facturacion_facil.productos - DEBUG - productos.py:60 - Comportamiento de scrolling configurado
2025-11-11 09:27:37 - facturacion_facil.productos - DEBUG - productos.py:117 - Scroll de rueda del ratón configurado para todos los widgets
2025-11-11 09:27:37 - facturacion_facil.productos - DEBUG - productos.py:402 - Cargando lista de productos desde la base de datos
2025-11-11 09:27:37 - facturacion_facil - DEBUG - logger.py:100 - DB SELECT en productos: Cargados 51 productos
2025-11-11 09:27:37 - facturacion_facil.productos - INFO - productos.py:429 - Lista de productos actualizada: 51 productos
2025-11-11 09:27:37 - facturacion_facil.productos - INFO - productos.py:46 - Ventana de productos inicializada correctamente con scrolling habilitado
2025-11-11 09:27:45 - facturacion_facil - INFO - logger.py:138 - Aplicación cerrada normalmente
2025-11-11 09:31:06 - facturacion_facil - INFO - logger.py:75 - === Iniciando facturacion_facil ===
2025-11-11 09:31:06 - facturacion_facil - INFO - logger.py:76 - Directorio de logs: /home/pascal/development/for_django/facturacion_facil/logs
2025-11-11 09:31:06 - facturacion_facil - INFO - logger.py:86 - Python version: 3.13.7 (main, Sep 19 2025, 17:28:11) [GCC 14.2.0]
2025-11-11 09:31:06 - facturacion_facil - INFO - logger.py:87 - Directorio de trabajo: /home/pascal/development/for_django/facturacion_facil
2025-11-11 09:31:06 - facturacion_facil - INFO - logger.py:88 - Argumentos: ['main.py']
2025-11-11 09:31:06 - facturacion_facil - INFO - logger.py:138 - === Iniciando aplicación Facturación Fácil ===
2025-11-11 09:31:06 - facturacion_facil.force_copyable - INFO - force_copyable_dialogs.py:96 - 🔧 FORCE: Parche forzado aplicado a messagebox
2025-11-11 09:31:06 - facturacion_facil.force_copyable - INFO - force_copyable_dialogs.py:97 - 🔧 FORCE: TODOS los messagebox ahora usan diálogos copiables
2025-11-11 09:31:06 - facturacion_facil - INFO - logger.py:138 - 🔧 Parche FORZADO de mensajes copiables aplicado correctamente
2025-11-11 09:31:06 - facturacion_facil - INFO - logger.py:138 - 🎯 GARANTÍA: Todos los messagebox tendrán botón copiar
2025-11-11 09:31:06 - facturacion_facil - INFO - logger.py:138 - Inicializando base de datos...
2025-11-11 09:31:06 - facturacion_facil - INFO - logger.py:138 - Base de datos inicializada correctamente
2025-11-11 09:31:06 - facturacion_facil - INFO - logger.py:138 - Creando ventana principal
2025-11-11 09:31:07 - facturacion_facil - INFO - logger.py:138 - Iniciando bucle principal de la aplicación
2025-11-11 09:31:09 - facturacion_facil.productos - INFO - productos.py:28 - Inicializando ventana de gestión de productos
2025-11-11 09:31:09 - facturacion_facil.productos - DEBUG - productos.py:192 - Frame principal scrollable creado con tamaño mínimo configurado
2025-11-11 09:31:09 - facturacion_facil.treeview_sorter - INFO - treeview_sorter.py:39 - Configurado sorting para 4 columnas
2025-11-11 09:31:09 - facturacion_facil.productos - DEBUG - productos.py:358 - Frame de botones del formulario creado y packed
2025-11-11 09:31:09 - facturacion_facil.productos - INFO - productos.py:371 - Frame inferior de botones creado: .!ctktoplevel.!ctkframe.!canvas.!ctkscrollableframe.!ctkframe.!ctkframe2.!ctkframe.!ctkframe3.!ctkframe2
2025-11-11 09:31:09 - facturacion_facil.productos - INFO - productos.py:384 - Botón 'Guardar' creado: .!ctktoplevel.!ctkframe.!canvas.!ctkscrollableframe.!ctkframe.!ctkframe2.!ctkframe.!ctkframe3.!ctkframe2.!ctkbutton en frame .!ctktoplevel.!ctkframe.!canvas.!ctkscrollableframe.!ctkframe.!ctkframe2.!ctkframe.!ctkframe3.!ctkframe2
2025-11-11 09:31:09 - facturacion_facil.productos - INFO - productos.py:397 - Botón 'Cancelar' creado: .!ctktoplevel.!ctkframe.!canvas.!ctkscrollableframe.!ctkframe.!ctkframe2.!ctkframe.!ctkframe3.!ctkframe2.!ctkbutton2 en frame .!ctktoplevel.!ctkframe.!canvas.!ctkscrollableframe.!ctkframe.!ctkframe2.!ctkframe.!ctkframe3.!ctkframe2
2025-11-11 09:31:09 - facturacion_facil.productos - DEBUG - productos.py:60 - Comportamiento de scrolling configurado
2025-11-11 09:31:09 - facturacion_facil.productos - DEBUG - productos.py:117 - Scroll de rueda del ratón configurado para todos los widgets
2025-11-11 09:31:09 - facturacion_facil.productos - DEBUG - productos.py:402 - Cargando lista de productos desde la base de datos
2025-11-11 09:31:09 - facturacion_facil - DEBUG - logger.py:100 - DB SELECT en productos: Cargados 0 productos
2025-11-11 09:31:09 - facturacion_facil.productos - INFO - productos.py:429 - Lista de productos actualizada: 0 productos
2025-11-11 09:31:09 - facturacion_facil.productos - INFO - productos.py:46 - Ventana de productos inicializada correctamente con scrolling habilitado
2025-11-11 09:32:22 - facturacion_facil.window_manager - DEBUG - window_manager.py:42 - Ventana hecha visible: .!ctktoplevel.!ctktoplevel
2025-11-11 09:32:22 - facturacion_facil.window_manager - DEBUG - window_manager.py:57 - Topmost removido de ventana: .!ctktoplevel.!ctktoplevel
2025-11-11 09:32:26 - facturacion_facil.window_manager - DEBUG - window_manager.py:82 - Ventana cerrada exitosamente: .!ctktoplevel.!ctktoplevel
2025-11-11 09:35:15 - facturacion_facil.productos - INFO - productos.py:553 - Usuario hizo clic en 'Seleccionar Imagen'
2025-11-11 09:35:15 - facturacion_facil - INFO - logger.py:96 - Acción usuario: Clic en seleccionar imagen - Abriendo diálogo de selección
2025-11-11 09:35:15 - facturacion_facil.productos - DEBUG - productos.py:559 - Directorio inicial para selección: /home/pascal/Documents
2025-11-11 09:35:15 - facturacion_facil.productos - DEBUG - productos.py:564 - Formatos soportados: ['.png', '.jpg', '.jpeg', '.gif', '.bmp']
2025-11-11 09:35:15 - facturacion_facil.productos - INFO - productos.py:570 - Abriendo diálogo de selección de archivos
2025-11-11 09:35:23 - facturacion_facil.productos - DEBUG - productos.py:584 - Resultado del diálogo: /home/pascal/Documents/photo_2023-01-22_12-50-47.jpg
2025-11-11 09:35:23 - facturacion_facil.productos - DEBUG - productos.py:629 - Actualizando display de imagen. Path: 'assets/images/photo_2023-01-22_12-50-47.jpg'
2025-11-11 09:35:23 - facturacion_facil.productos - DEBUG - productos.py:632 - Archivo de imagen existe: assets/images/photo_2023-01-22_12-50-47.jpg
2025-11-11 09:35:23 - facturacion_facil.productos - DEBUG - productos.py:636 - Tamaño de display: (150, 150)
2025-11-11 09:35:23 - facturacion_facil.productos - DEBUG - productos.py:643 - Imagen redimensionada de (400, 400) a (150, 150)
2025-11-11 09:35:23 - facturacion_facil.productos - INFO - productos.py:655 - Imagen cargada y mostrada: photo_2023-01-22_12-50-47.jpg
2025-11-11 09:35:23 - facturacion_facil - DEBUG - logger.py:104 - Archivo COPY: /home/pascal/Documents/photo_2023-01-22_12-50-47.jpg - Copiado a assets/images/photo_2023-01-22_12-50-47.jpg
2025-11-11 09:35:23 - facturacion_facil - INFO - logger.py:96 - Acción usuario: Imagen seleccionada - Archivo: photo_2023-01-22_12-50-47.jpg
2025-11-11 09:35:23 - facturacion_facil.productos - INFO - productos.py:603 - Imagen seleccionada y copiada: photo_2023-01-22_12-50-47.jpg
2025-11-11 09:35:52 - facturacion_facil.productos - INFO - productos.py:753 - Usuario hizo clic en 'Guardar'
2025-11-11 09:35:52 - facturacion_facil - INFO - logger.py:96 - Acción usuario: Clic en guardar producto - Iniciando validación y guardado
2025-11-11 09:35:52 - facturacion_facil.productos - DEBUG - productos.py:713 - Iniciando validación del formulario
2025-11-11 09:35:52 - facturacion_facil.productos - DEBUG - productos.py:747 - Validación completada. Errores encontrados: 0
2025-11-11 09:35:52 - facturacion_facil.productos - DEBUG - productos.py:762 - Resultado de validate_form: [] (tipo: <class 'list'>)
2025-11-11 09:35:52 - facturacion_facil.productos - INFO - productos.py:779 - Creando nuevo producto
2025-11-11 09:35:52 - facturacion_facil - DEBUG - logger.py:100 - DB INSERT en productos: Producto ref1
2025-11-11 09:35:52 - facturacion_facil - INFO - logger.py:96 - Acción usuario: Producto creado - Referencia: ref1, Nombre: producto1
2025-11-11 09:35:52 - facturacion_facil.window_manager - DEBUG - window_manager.py:42 - Ventana hecha visible: .!ctktoplevel.!ctktoplevel2
2025-11-11 09:35:52 - facturacion_facil.window_manager - DEBUG - window_manager.py:57 - Topmost removido de ventana: .!ctktoplevel.!ctktoplevel2
2025-11-11 09:35:55 - facturacion_facil.window_manager - DEBUG - window_manager.py:82 - Ventana cerrada exitosamente: .!ctktoplevel.!ctktoplevel2
2025-11-11 09:35:55 - facturacion_facil.productos - DEBUG - productos.py:402 - Cargando lista de productos desde la base de datos
2025-11-11 09:35:55 - facturacion_facil - DEBUG - logger.py:100 - DB SELECT en productos: Cargados 1 productos
2025-11-11 09:35:55 - facturacion_facil.productos - INFO - productos.py:429 - Lista de productos actualizada: 1 productos
2025-11-11 09:35:55 - facturacion_facil.productos - DEBUG - productos.py:629 - Actualizando display de imagen. Path: ''
2025-11-11 09:35:55 - facturacion_facil.productos - DEBUG - productos.py:660 - No hay imagen para mostrar
2025-11-11 09:36:02 - facturacion_facil.productos - INFO - productos.py:449 - Producto seleccionado: producto1 (ID: 1)
2025-11-11 09:36:02 - facturacion_facil.productos - DEBUG - productos.py:450 - Imagen del producto: assets/images/photo_2023-01-22_12-50-47.jpg
2025-11-11 09:36:02 - facturacion_facil.productos - DEBUG - productos.py:486 - Cargando imagen del producto: assets/images/photo_2023-01-22_12-50-47.jpg
2025-11-11 09:36:02 - facturacion_facil.productos - DEBUG - productos.py:629 - Actualizando display de imagen. Path: 'assets/images/photo_2023-01-22_12-50-47.jpg'
2025-11-11 09:36:02 - facturacion_facil.productos - DEBUG - productos.py:632 - Archivo de imagen existe: assets/images/photo_2023-01-22_12-50-47.jpg
2025-11-11 09:36:02 - facturacion_facil.productos - DEBUG - productos.py:636 - Tamaño de display: (150, 150)
2025-11-11 09:36:02 - facturacion_facil.productos - DEBUG - productos.py:643 - Imagen redimensionada de (400, 400) a (150, 150)
2025-11-11 09:36:02 - facturacion_facil.productos - INFO - productos.py:655 - Imagen cargada y mostrada: photo_2023-01-22_12-50-47.jpg
2025-11-11 09:36:12 - facturacion_facil.productos - DEBUG - productos.py:629 - Actualizando display de imagen. Path: ''
2025-11-11 09:36:12 - facturacion_facil.productos - DEBUG - productos.py:660 - No hay imagen para mostrar
2025-11-11 09:36:46 - facturacion_facil.productos - INFO - productos.py:553 - Usuario hizo clic en 'Seleccionar Imagen'
2025-11-11 09:36:46 - facturacion_facil - INFO - logger.py:96 - Acción usuario: Clic en seleccionar imagen - Abriendo diálogo de selección
2025-11-11 09:36:46 - facturacion_facil.productos - DEBUG - productos.py:559 - Directorio inicial para selección: /home/pascal/Documents
2025-11-11 09:36:46 - facturacion_facil.productos - DEBUG - productos.py:564 - Formatos soportados: ['.png', '.jpg', '.jpeg', '.gif', '.bmp']
2025-11-11 09:36:46 - facturacion_facil.productos - INFO - productos.py:570 - Abriendo diálogo de selección de archivos
2025-11-11 09:37:01 - facturacion_facil.productos - DEBUG - productos.py:584 - Resultado del diálogo: /home/pascal/Documents/photo_2022-09-10_22-14-12.jpg
2025-11-11 09:37:01 - facturacion_facil.productos - DEBUG - productos.py:629 - Actualizando display de imagen. Path: 'assets/images/photo_2022-09-10_22-14-12.jpg'
2025-11-11 09:37:01 - facturacion_facil.productos - DEBUG - productos.py:632 - Archivo de imagen existe: assets/images/photo_2022-09-10_22-14-12.jpg
2025-11-11 09:37:01 - facturacion_facil.productos - DEBUG - productos.py:636 - Tamaño de display: (150, 150)
2025-11-11 09:37:01 - facturacion_facil.productos - DEBUG - productos.py:643 - Imagen redimensionada de (960, 1280) a (112, 150)
2025-11-11 09:37:01 - facturacion_facil.productos - INFO - productos.py:655 - Imagen cargada y mostrada: photo_2022-09-10_22-14-12.jpg
2025-11-11 09:37:01 - facturacion_facil - DEBUG - logger.py:104 - Archivo COPY: /home/pascal/Documents/photo_2022-09-10_22-14-12.jpg - Copiado a assets/images/photo_2022-09-10_22-14-12.jpg
2025-11-11 09:37:01 - facturacion_facil - INFO - logger.py:96 - Acción usuario: Imagen seleccionada - Archivo: photo_2022-09-10_22-14-12.jpg
2025-11-11 09:37:01 - facturacion_facil.productos - INFO - productos.py:603 - Imagen seleccionada y copiada: photo_2022-09-10_22-14-12.jpg
2025-11-11 09:37:04 - facturacion_facil.productos - INFO - productos.py:753 - Usuario hizo clic en 'Guardar'
2025-11-11 09:37:04 - facturacion_facil - INFO - logger.py:96 - Acción usuario: Clic en guardar producto - Iniciando validación y guardado
2025-11-11 09:37:04 - facturacion_facil.productos - DEBUG - productos.py:713 - Iniciando validación del formulario
2025-11-11 09:37:04 - facturacion_facil.productos - DEBUG - productos.py:747 - Validación completada. Errores encontrados: 0
2025-11-11 09:37:04 - facturacion_facil.productos - DEBUG - productos.py:762 - Resultado de validate_form: [] (tipo: <class 'list'>)
2025-11-11 09:37:04 - facturacion_facil.productos - INFO - productos.py:779 - Creando nuevo producto
2025-11-11 09:37:04 - facturacion_facil - DEBUG - logger.py:100 - DB INSERT en productos: Producto ref2
2025-11-11 09:37:04 - facturacion_facil - INFO - logger.py:96 - Acción usuario: Producto creado - Referencia: ref2, Nombre: producto2
2025-11-11 09:37:05 - facturacion_facil.window_manager - DEBUG - window_manager.py:42 - Ventana hecha visible: .!ctktoplevel.!ctktoplevel3
2025-11-11 09:37:05 - facturacion_facil.window_manager - DEBUG - window_manager.py:57 - Topmost removido de ventana: .!ctktoplevel.!ctktoplevel3
2025-11-11 09:37:07 - facturacion_facil.window_manager - DEBUG - window_manager.py:82 - Ventana cerrada exitosamente: .!ctktoplevel.!ctktoplevel3
2025-11-11 09:37:07 - facturacion_facil.productos - DEBUG - productos.py:402 - Cargando lista de productos desde la base de datos
2025-11-11 09:37:07 - facturacion_facil - DEBUG - logger.py:100 - DB SELECT en productos: Cargados 2 productos
2025-11-11 09:37:07 - facturacion_facil.productos - INFO - productos.py:429 - Lista de productos actualizada: 2 productos
2025-11-11 09:37:07 - facturacion_facil.productos - DEBUG - productos.py:629 - Actualizando display de imagen. Path: ''
2025-11-11 09:37:07 - facturacion_facil.productos - DEBUG - productos.py:660 - No hay imagen para mostrar
2025-11-11 09:37:07 - facturacion_facil.productos - DEBUG - productos.py:455 - No hay selección en el TreeView
2025-11-11 09:37:29 - facturacion_facil.productos - INFO - productos.py:449 - Producto seleccionado: producto2 (ID: 2)
2025-11-11 09:37:29 - facturacion_facil.productos - DEBUG - productos.py:450 - Imagen del producto: assets/images/photo_2022-09-10_22-14-12.jpg
2025-11-11 09:37:29 - facturacion_facil.productos - DEBUG - productos.py:486 - Cargando imagen del producto: assets/images/photo_2022-09-10_22-14-12.jpg
2025-11-11 09:37:29 - facturacion_facil.productos - DEBUG - productos.py:629 - Actualizando display de imagen. Path: 'assets/images/photo_2022-09-10_22-14-12.jpg'
2025-11-11 09:37:29 - facturacion_facil.productos - DEBUG - productos.py:632 - Archivo de imagen existe: assets/images/photo_2022-09-10_22-14-12.jpg
2025-11-11 09:37:29 - facturacion_facil.productos - DEBUG - productos.py:636 - Tamaño de display: (150, 150)
2025-11-11 09:37:29 - facturacion_facil.productos - DEBUG - productos.py:643 - Imagen redimensionada de (960, 1280) a (112, 150)
2025-11-11 09:37:29 - facturacion_facil.productos - INFO - productos.py:655 - Imagen cargada y mostrada: photo_2022-09-10_22-14-12.jpg
2025-11-11 09:37:30 - facturacion_facil.productos - INFO - productos.py:449 - Producto seleccionado: producto1 (ID: 1)
2025-11-11 09:37:30 - facturacion_facil.productos - DEBUG - productos.py:450 - Imagen del producto: assets/images/photo_2023-01-22_12-50-47.jpg
2025-11-11 09:37:30 - facturacion_facil.productos - DEBUG - productos.py:486 - Cargando imagen del producto: assets/images/photo_2023-01-22_12-50-47.jpg
2025-11-11 09:37:30 - facturacion_facil.productos - DEBUG - productos.py:629 - Actualizando display de imagen. Path: 'assets/images/photo_2023-01-22_12-50-47.jpg'
2025-11-11 09:37:30 - facturacion_facil.productos - DEBUG - productos.py:632 - Archivo de imagen existe: assets/images/photo_2023-01-22_12-50-47.jpg
2025-11-11 09:37:30 - facturacion_facil.productos - DEBUG - productos.py:636 - Tamaño de display: (150, 150)
2025-11-11 09:37:30 - facturacion_facil.productos - DEBUG - productos.py:643 - Imagen redimensionada de (400, 400) a (150, 150)
2025-11-11 09:37:30 - facturacion_facil.productos - INFO - productos.py:655 - Imagen cargada y mostrada: photo_2023-01-22_12-50-47.jpg
2025-11-11 09:37:33 - facturacion_facil.productos - INFO - productos.py:449 - Producto seleccionado: producto2 (ID: 2)
2025-11-11 09:37:33 - facturacion_facil.productos - DEBUG - productos.py:450 - Imagen del producto: assets/images/photo_2022-09-10_22-14-12.jpg
2025-11-11 09:37:33 - facturacion_facil.productos - DEBUG - productos.py:486 - Cargando imagen del producto: assets/images/photo_2022-09-10_22-14-12.jpg
2025-11-11 09:37:33 - facturacion_facil.productos - DEBUG - productos.py:629 - Actualizando display de imagen. Path: 'assets/images/photo_2022-09-10_22-14-12.jpg'
2025-11-11 09:37:33 - facturacion_facil.productos - DEBUG - productos.py:632 - Archivo de imagen existe: assets/images/photo_2022-09-10_22-14-12.jpg
2025-11-11 09:37:33 - facturacion_facil.productos - DEBUG - productos.py:636 - Tamaño de display: (150, 150)
2025-11-11 09:37:33 - facturacion_facil.productos - DEBUG - productos.py:643 - Imagen redimensionada de (960, 1280) a (112, 150)
2025-11-11 09:37:33 - facturacion_facil.productos - INFO - productos.py:655 - Imagen cargada y mostrada: photo_2022-09-10_22-14-12.jpg
2025-11-11 09:37:44 - facturacion_facil.productos - INFO - productos.py:28 - Inicializando ventana de gestión de productos
2025-11-11 09:37:44 - facturacion_facil.productos - DEBUG - productos.py:192 - Frame principal scrollable creado con tamaño mínimo configurado
2025-11-11 09:37:44 - facturacion_facil.treeview_sorter - INFO - treeview_sorter.py:39 - Configurado sorting para 4 columnas
2025-11-11 09:37:44 - facturacion_facil.productos - DEBUG - productos.py:358 - Frame de botones del formulario creado y packed
2025-11-11 09:37:44 - facturacion_facil.productos - INFO - productos.py:371 - Frame inferior de botones creado: .!ctktoplevel2.!ctkframe.!canvas.!ctkscrollableframe.!ctkframe.!ctkframe2.!ctkframe.!ctkframe3.!ctkframe2
2025-11-11 09:37:44 - facturacion_facil.productos - INFO - productos.py:384 - Botón 'Guardar' creado: .!ctktoplevel2.!ctkframe.!canvas.!ctkscrollableframe.!ctkframe.!ctkframe2.!ctkframe.!ctkframe3.!ctkframe2.!ctkbutton en frame .!ctktoplevel2.!ctkframe.!canvas.!ctkscrollableframe.!ctkframe.!ctkframe2.!ctkframe.!ctkframe3.!ctkframe2
2025-11-11 09:37:44 - facturacion_facil.productos - INFO - productos.py:397 - Botón 'Cancelar' creado: .!ctktoplevel2.!ctkframe.!canvas.!ctkscrollableframe.!ctkframe.!ctkframe2.!ctkframe.!ctkframe3.!ctkframe2.!ctkbutton2 en frame .!ctktoplevel2.!ctkframe.!canvas.!ctkscrollableframe.!ctkframe.!ctkframe2.!ctkframe.!ctkframe3.!ctkframe2
2025-11-11 09:37:44 - facturacion_facil.productos - DEBUG - productos.py:60 - Comportamiento de scrolling configurado
2025-11-11 09:37:44 - facturacion_facil.productos - DEBUG - productos.py:117 - Scroll de rueda del ratón configurado para todos los widgets
2025-11-11 09:37:44 - facturacion_facil.productos - DEBUG - productos.py:402 - Cargando lista de productos desde la base de datos
2025-11-11 09:37:44 - facturacion_facil - DEBUG - logger.py:100 - DB SELECT en productos: Cargados 2 productos
2025-11-11 09:37:44 - facturacion_facil.productos - INFO - productos.py:429 - Lista de productos actualizada: 2 productos
2025-11-11 09:37:44 - facturacion_facil.productos - INFO - productos.py:46 - Ventana de productos inicializada correctamente con scrolling habilitado
2025-11-11 09:37:54 - facturacion_facil - INFO - logger.py:138 - Aplicación cerrada normalmente
2025-11-11 09:37:57 - facturacion_facil - INFO - logger.py:75 - === Iniciando facturacion_facil ===
2025-11-11 09:37:57 - facturacion_facil - INFO - logger.py:76 - Directorio de logs: /home/pascal/development/for_django/facturacion_facil/logs
2025-11-11 09:37:57 - facturacion_facil - INFO - logger.py:86 - Python version: 3.13.7 (main, Sep 19 2025, 17:28:11) [GCC 14.2.0]
2025-11-11 09:37:57 - facturacion_facil - INFO - logger.py:87 - Directorio de trabajo: /home/pascal/development/for_django/facturacion_facil
2025-11-11 09:37:57 - facturacion_facil - INFO - logger.py:88 - Argumentos: ['main.py']
2025-11-11 09:37:57 - facturacion_facil - INFO - logger.py:138 - === Iniciando aplicación Facturación Fácil ===
2025-11-11 09:37:57 - facturacion_facil.force_copyable - INFO - force_copyable_dialogs.py:96 - 🔧 FORCE: Parche forzado aplicado a messagebox
2025-11-11 09:37:57 - facturacion_facil.force_copyable - INFO - force_copyable_dialogs.py:97 - 🔧 FORCE: TODOS los messagebox ahora usan diálogos copiables
2025-11-11 09:37:57 - facturacion_facil - INFO - logger.py:138 - 🔧 Parche FORZADO de mensajes copiables aplicado correctamente
2025-11-11 09:37:57 - facturacion_facil - INFO - logger.py:138 - 🎯 GARANTÍA: Todos los messagebox tendrán botón copiar
2025-11-11 09:37:57 - facturacion_facil - INFO - logger.py:138 - Inicializando base de datos...
2025-11-11 09:37:57 - facturacion_facil - INFO - logger.py:138 - Base de datos inicializada correctamente
2025-11-11 09:37:57 - facturacion_facil - INFO - logger.py:138 - Creando ventana principal
2025-11-11 09:37:57 - facturacion_facil - INFO - logger.py:138 - Iniciando bucle principal de la aplicación
2025-11-11 09:37:59 - facturacion_facil.productos - INFO - productos.py:28 - Inicializando ventana de gestión de productos
2025-11-11 09:37:59 - facturacion_facil.productos - DEBUG - productos.py:192 - Frame principal scrollable creado con tamaño mínimo configurado
2025-11-11 09:37:59 - facturacion_facil.treeview_sorter - INFO - treeview_sorter.py:39 - Configurado sorting para 4 columnas
2025-11-11 09:37:59 - facturacion_facil.productos - DEBUG - productos.py:358 - Frame de botones del formulario creado y packed
2025-11-11 09:37:59 - facturacion_facil.productos - INFO - productos.py:371 - Frame inferior de botones creado: .!ctktoplevel.!ctkframe.!canvas.!ctkscrollableframe.!ctkframe.!ctkframe2.!ctkframe.!ctkframe3.!ctkframe2
2025-11-11 09:37:59 - facturacion_facil.productos - INFO - productos.py:384 - Botón 'Guardar' creado: .!ctktoplevel.!ctkframe.!canvas.!ctkscrollableframe.!ctkframe.!ctkframe2.!ctkframe.!ctkframe3.!ctkframe2.!ctkbutton en frame .!ctktoplevel.!ctkframe.!canvas.!ctkscrollableframe.!ctkframe.!ctkframe2.!ctkframe.!ctkframe3.!ctkframe2
2025-11-11 09:37:59 - facturacion_facil.productos - INFO - productos.py:397 - Botón 'Cancelar' creado: .!ctktoplevel.!ctkframe.!canvas.!ctkscrollableframe.!ctkframe.!ctkframe2.!ctkframe.!ctkframe3.!ctkframe2.!ctkbutton2 en frame .!ctktoplevel.!ctkframe.!canvas.!ctkscrollableframe.!ctkframe.!ctkframe2.!ctkframe.!ctkframe3.!ctkframe2
2025-11-11 09:37:59 - facturacion_facil.productos - DEBUG - productos.py:60 - Comportamiento de scrolling configurado
2025-11-11 09:37:59 - facturacion_facil.productos - DEBUG - productos.py:117 - Scroll de rueda del ratón configurado para todos los widgets
2025-11-11 09:37:59 - facturacion_facil.productos - DEBUG - productos.py:402 - Cargando lista de productos desde la base de datos
2025-11-11 09:37:59 - facturacion_facil - DEBUG - logger.py:100 - DB SELECT en productos: Cargados 2 productos
2025-11-11 09:37:59 - facturacion_facil.productos - INFO - productos.py:429 - Lista de productos actualizada: 2 productos
2025-11-11 09:37:59 - facturacion_facil.productos - INFO - productos.py:46 - Ventana de productos inicializada correctamente con scrolling habilitado
2025-11-11 09:38:05 - facturacion_facil.productos - INFO - productos.py:449 - Producto seleccionado: producto2 (ID: 2)
2025-11-11 09:38:05 - facturacion_facil.productos - DEBUG - productos.py:450 - Imagen del producto: assets/images/photo_2022-09-10_22-14-12.jpg
2025-11-11 09:38:05 - facturacion_facil.productos - DEBUG - productos.py:486 - Cargando imagen del producto: assets/images/photo_2022-09-10_22-14-12.jpg
2025-11-11 09:38:05 - facturacion_facil.productos - DEBUG - productos.py:629 - Actualizando display de imagen. Path: 'assets/images/photo_2022-09-10_22-14-12.jpg'
2025-11-11 09:38:05 - facturacion_facil.productos - DEBUG - productos.py:632 - Archivo de imagen existe: assets/images/photo_2022-09-10_22-14-12.jpg
2025-11-11 09:38:05 - facturacion_facil.productos - DEBUG - productos.py:636 - Tamaño de display: (150, 150)
2025-11-11 09:38:05 - facturacion_facil.productos - DEBUG - productos.py:643 - Imagen redimensionada de (960, 1280) a (112, 150)
2025-11-11 09:38:05 - facturacion_facil.productos - INFO - productos.py:655 - Imagen cargada y mostrada: photo_2022-09-10_22-14-12.jpg
2025-11-11 09:38:30 - facturacion_facil.treeview_sorter - INFO - treeview_sorter.py:39 - Configurado sorting para 5 columnas
2025-11-11 09:38:30 - facturacion_facil.stock_window - DEBUG - stock.py:385 - Actualizando display stock: 2 elementos
2025-11-11 09:38:30 - facturacion_facil.stock_window - DEBUG - stock.py:433 - Display stock actualizado correctamente
2025-11-11 09:38:30 - facturacion_facil.stock_window - INFO - stock.py:346 - Cargados 2 productos en stock (OPTIMIZADO)
2025-11-11 09:38:33 - facturacion_facil.stock_window - INFO - stock.py:448 - Stock seleccionado: N/A (ID: 1)
2025-11-11 09:38:35 - facturacion_facil.stock_window - INFO - stock.py:448 - Stock seleccionado: N/A (ID: 1)
2025-11-11 09:38:36 - facturacion_facil.stock_window - INFO - stock.py:507 - 🚨 DEBUG: actualizar_stock_selected EJECUTADA
2025-11-11 09:38:36 - facturacion_facil.stock_window - INFO - stock.py:512 - 🚨 DEBUG: hasattr(self, 'selected_producto_id') = True
2025-11-11 09:38:36 - facturacion_facil.stock_window - INFO - stock.py:516 - 🚨 DEBUG: selected_producto_id = 1
2025-11-11 09:38:36 - facturacion_facil.stock_window - INFO - stock.py:555 - 🚨 DEBUG: PRODUCTO SELECCIONADO - continuando con actualización
2025-11-11 09:38:36 - facturacion_facil.stock_window - ERROR - stock.py:571 - Error actualizando stock seleccionado: 'StockWindow' object has no attribute 'actualizar_stock'
2025-11-11 09:38:36 - facturacion_facil.window_manager - DEBUG - window_manager.py:42 - Ventana hecha visible: .!ctktoplevel2.!ctktoplevel
2025-11-11 09:38:36 - facturacion_facil.window_manager - DEBUG - window_manager.py:57 - Topmost removido de ventana: .!ctktoplevel2.!ctktoplevel
2025-11-11 09:38:44 - facturacion_facil.window_manager - DEBUG - window_manager.py:82 - Ventana cerrada exitosamente: .!ctktoplevel2.!ctktoplevel
2025-11-11 09:39:37 - facturacion_facil.stock_window - INFO - stock.py:448 - Stock seleccionado: N/A (ID: 1)
2025-11-11 09:39:37 - facturacion_facil.stock_window - INFO - stock.py:507 - 🚨 DEBUG: actualizar_stock_selected EJECUTADA
2025-11-11 09:39:37 - facturacion_facil.stock_window - INFO - stock.py:512 - 🚨 DEBUG: hasattr(self, 'selected_producto_id') = True
2025-11-11 09:39:37 - facturacion_facil.stock_window - INFO - stock.py:516 - 🚨 DEBUG: selected_producto_id = 1
2025-11-11 09:39:37 - facturacion_facil.stock_window - INFO - stock.py:555 - 🚨 DEBUG: PRODUCTO SELECCIONADO - continuando con actualización
2025-11-11 09:39:37 - facturacion_facil.stock_window - ERROR - stock.py:571 - Error actualizando stock seleccionado: 'StockWindow' object has no attribute 'actualizar_stock'
2025-11-11 09:39:37 - facturacion_facil.window_manager - DEBUG - window_manager.py:42 - Ventana hecha visible: .!ctktoplevel2.!ctktoplevel2
2025-11-11 09:39:37 - facturacion_facil.window_manager - DEBUG - window_manager.py:57 - Topmost removido de ventana: .!ctktoplevel2.!ctktoplevel2
2025-11-11 09:41:39 - facturacion_facil - INFO - logger.py:138 - Aplicación cerrada normalmente
2025-11-11 09:41:42 - facturacion_facil - INFO - logger.py:75 - === Iniciando facturacion_facil ===
2025-11-11 09:41:42 - facturacion_facil - INFO - logger.py:76 - Directorio de logs: /home/pascal/development/for_django/facturacion_facil/logs
2025-11-11 09:41:42 - facturacion_facil - INFO - logger.py:86 - Python version: 3.13.7 (main, Sep 19 2025, 17:28:11) [GCC 14.2.0]
2025-11-11 09:41:42 - facturacion_facil - INFO - logger.py:87 - Directorio de trabajo: /home/pascal/development/for_django/facturacion_facil
2025-11-11 09:41:42 - facturacion_facil - INFO - logger.py:88 - Argumentos: ['main.py']
2025-11-11 09:41:42 - facturacion_facil - INFO - logger.py:138 - === Iniciando aplicación Facturación Fácil ===
2025-11-11 09:41:42 - facturacion_facil.force_copyable - INFO - force_copyable_dialogs.py:96 - 🔧 FORCE: Parche forzado aplicado a messagebox
2025-11-11 09:41:42 - facturacion_facil.force_copyable - INFO - force_copyable_dialogs.py:97 - 🔧 FORCE: TODOS los messagebox ahora usan diálogos copiables
2025-11-11 09:41:42 - facturacion_facil - INFO - logger.py:138 - 🔧 Parche FORZADO de mensajes copiables aplicado correctamente
2025-11-11 09:41:42 - facturacion_facil - INFO - logger.py:138 - 🎯 GARANTÍA: Todos los messagebox tendrán botón copiar
2025-11-11 09:41:42 - facturacion_facil - INFO - logger.py:138 - Inicializando base de datos...
2025-11-11 09:41:42 - facturacion_facil - INFO - logger.py:138 - Base de datos inicializada correctamente
2025-11-11 09:41:42 - facturacion_facil - INFO - logger.py:138 - Creando ventana principal
2025-11-11 09:41:43 - facturacion_facil - INFO - logger.py:138 - Iniciando bucle principal de la aplicación
2025-11-11 09:41:45 - facturacion_facil.treeview_sorter - INFO - treeview_sorter.py:39 - Configurado sorting para 5 columnas
2025-11-11 09:41:45 - facturacion_facil.stock_window - DEBUG - stock.py:385 - Actualizando display stock: 2 elementos
2025-11-11 09:41:45 - facturacion_facil.stock_window - DEBUG - stock.py:433 - Display stock actualizado correctamente
2025-11-11 09:41:45 - facturacion_facil.stock_window - INFO - stock.py:346 - Cargados 2 productos en stock (OPTIMIZADO)
2025-11-11 09:41:46 - facturacion_facil.stock_window - INFO - stock.py:448 - Stock seleccionado: N/A (ID: 1)
2025-11-11 09:41:46 - facturacion_facil.stock_window - INFO - stock.py:507 - 🚨 DEBUG: actualizar_stock_selected EJECUTADA
2025-11-11 09:41:46 - facturacion_facil.stock_window - INFO - stock.py:512 - 🚨 DEBUG: hasattr(self, 'selected_producto_id') = True
2025-11-11 09:41:46 - facturacion_facil.stock_window - INFO - stock.py:516 - 🚨 DEBUG: selected_producto_id = 1
2025-11-11 09:41:46 - facturacion_facil.stock_window - INFO - stock.py:555 - 🚨 DEBUG: PRODUCTO SELECCIONADO - continuando con actualización
2025-11-11 09:41:54 - facturacion_facil.stock_window - DEBUG - stock.py:385 - Actualizando display stock: 2 elementos
2025-11-11 09:41:54 - facturacion_facil.stock_window - DEBUG - stock.py:433 - Display stock actualizado correctamente
2025-11-11 09:41:54 - facturacion_facil.stock_window - INFO - stock.py:1056 - Stock modificado para producto 1: 0 -> 6
2025-11-11 09:41:54 - facturacion_facil.window_manager - DEBUG - window_manager.py:42 - Ventana hecha visible: .!ctktoplevel.!ctktoplevel
2025-11-11 09:41:54 - facturacion_facil.window_manager - DEBUG - window_manager.py:57 - Topmost removido de ventana: .!ctktoplevel.!ctktoplevel
2025-11-11 09:41:57 - facturacion_facil.window_manager - DEBUG - window_manager.py:82 - Ventana cerrada exitosamente: .!ctktoplevel.!ctktoplevel
2025-11-11 09:42:00 - facturacion_facil.stock_window - INFO - stock.py:448 - Stock seleccionado: N/A (ID: 1)
2025-11-11 09:42:01 - facturacion_facil.stock_window - INFO - stock.py:448 - Stock seleccionado: N/A (ID: 1)
2025-11-11 09:42:01 - facturacion_facil.stock_window - INFO - stock.py:507 - 🚨 DEBUG: actualizar_stock_selected EJECUTADA
2025-11-11 09:42:01 - facturacion_facil.stock_window - INFO - stock.py:512 - 🚨 DEBUG: hasattr(self, 'selected_producto_id') = True
2025-11-11 09:42:01 - facturacion_facil.stock_window - INFO - stock.py:516 - 🚨 DEBUG: selected_producto_id = 1
2025-11-11 09:42:01 - facturacion_facil.stock_window - INFO - stock.py:555 - 🚨 DEBUG: PRODUCTO SELECCIONADO - continuando con actualización
2025-11-11 09:42:47 - facturacion_facil.stock_window - DEBUG - stock.py:385 - Actualizando display stock: 2 elementos
2025-11-11 09:42:47 - facturacion_facil.stock_window - DEBUG - stock.py:433 - Display stock actualizado correctamente
2025-11-11 09:42:47 - facturacion_facil.stock_window - INFO - stock.py:1056 - Stock modificado para producto 1: 6 -> 4
2025-11-11 09:42:47 - facturacion_facil.window_manager - DEBUG - window_manager.py:42 - Ventana hecha visible: .!ctktoplevel.!ctktoplevel2
2025-11-11 09:42:47 - facturacion_facil.window_manager - DEBUG - window_manager.py:57 - Topmost removido de ventana: .!ctktoplevel.!ctktoplevel2
2025-11-11 09:42:51 - facturacion_facil.window_manager - DEBUG - window_manager.py:82 - Ventana cerrada exitosamente: .!ctktoplevel.!ctktoplevel2
2025-11-11 09:43:12 - facturacion_facil.stock_window - INFO - stock.py:448 - Stock seleccionado: N/A (ID: 1)
2025-11-11 09:43:13 - facturacion_facil.stock_window - INFO - stock.py:448 - Stock seleccionado: N/A (ID: 1)
2025-11-11 09:43:13 - facturacion_facil.stock_window - INFO - stock.py:507 - 🚨 DEBUG: actualizar_stock_selected EJECUTADA
2025-11-11 09:43:13 - facturacion_facil.stock_window - INFO - stock.py:512 - 🚨 DEBUG: hasattr(self, 'selected_producto_id') = True
2025-11-11 09:43:13 - facturacion_facil.stock_window - INFO - stock.py:516 - 🚨 DEBUG: selected_producto_id = 1
2025-11-11 09:43:13 - facturacion_facil.stock_window - INFO - stock.py:555 - 🚨 DEBUG: PRODUCTO SELECCIONADO - continuando con actualización
2025-11-11 09:43:18 - facturacion_facil.stock_window - DEBUG - stock.py:385 - Actualizando display stock: 2 elementos
2025-11-11 09:43:18 - facturacion_facil.stock_window - DEBUG - stock.py:433 - Display stock actualizado correctamente
2025-11-11 09:43:18 - facturacion_facil.stock_window - INFO - stock.py:1056 - Stock modificado para producto 1: 4 -> 5
2025-11-11 09:43:18 - facturacion_facil.window_manager - DEBUG - window_manager.py:42 - Ventana hecha visible: .!ctktoplevel.!ctktoplevel3
2025-11-11 09:43:18 - facturacion_facil.window_manager - DEBUG - window_manager.py:57 - Topmost removido de ventana: .!ctktoplevel.!ctktoplevel3
2025-11-11 09:43:52 - facturacion_facil.window_manager - DEBUG - window_manager.py:82 - Ventana cerrada exitosamente: .!ctktoplevel.!ctktoplevel3
2025-11-11 09:43:59 - facturacion_facil.stock_window - DEBUG - stock.py:385 - Actualizando display stock: 2 elementos
2025-11-11 09:43:59 - facturacion_facil.stock_window - DEBUG - stock.py:433 - Display stock actualizado correctamente
2025-11-11 09:43:59 - facturacion_facil.stock_window - INFO - stock.py:346 - Cargados 2 productos en stock (OPTIMIZADO)
2025-11-11 09:44:01 - facturacion_facil.stock_window - DEBUG - stock.py:385 - Actualizando display stock: 2 elementos
2025-11-11 09:44:01 - facturacion_facil.stock_window - DEBUG - stock.py:433 - Display stock actualizado correctamente
2025-11-11 09:44:01 - facturacion_facil.stock_window - INFO - stock.py:346 - Cargados 2 productos en stock (OPTIMIZADO)
2025-11-11 09:45:09 - facturacion_facil.treeview_sorter - DEBUG - treeview_sorter.py:74 - Ordenado por columna stock_actual (numeric), reverse=False
2025-11-11 09:45:11 - facturacion_facil.stock_window - DEBUG - stock.py:889 - Filtro stock bajo optimizado: 2 productos encontrados
2025-11-11 09:45:11 - facturacion_facil.stock_window - DEBUG - stock.py:385 - Actualizando display stock: 2 elementos
2025-11-11 09:45:11 - facturacion_facil.stock_window - DEBUG - stock.py:433 - Display stock actualizado correctamente
2025-11-11 09:45:11 - facturacion_facil.stock_window - INFO - stock.py:905 - Mostrando 2 productos con stock bajo
2025-11-11 09:45:12 - facturacion_facil.stock_window - DEBUG - stock.py:889 - Filtro stock bajo optimizado: 2 productos encontrados
2025-11-11 09:45:12 - facturacion_facil.stock_window - DEBUG - stock.py:385 - Actualizando display stock: 2 elementos
2025-11-11 09:45:12 - facturacion_facil.stock_window - DEBUG - stock.py:433 - Display stock actualizado correctamente
2025-11-11 09:45:12 - facturacion_facil.stock_window - INFO - stock.py:905 - Mostrando 2 productos con stock bajo
2025-11-11 09:45:13 - facturacion_facil.stock_window - DEBUG - stock.py:889 - Filtro stock bajo optimizado: 2 productos encontrados
2025-11-11 09:45:13 - facturacion_facil.stock_window - DEBUG - stock.py:385 - Actualizando display stock: 2 elementos
2025-11-11 09:45:13 - facturacion_facil.stock_window - DEBUG - stock.py:433 - Display stock actualizado correctamente
2025-11-11 09:45:13 - facturacion_facil.stock_window - INFO - stock.py:905 - Mostrando 2 productos con stock bajo
2025-11-11 09:45:14 - facturacion_facil.stock_window - INFO - stock.py:1018 - Ventana de estadísticas de rendimiento mostrada
2025-11-11 10:13:30 - facturacion_facil - INFO - logger.py:75 - === Iniciando facturacion_facil ===
2025-11-11 10:13:30 - facturacion_facil - INFO - logger.py:76 - Directorio de logs: /home/pascal/development/for_django/facturacion_facil/logs
2025-11-11 10:13:30 - facturacion_facil - INFO - logger.py:86 - Python version: 3.13.7 (main, Sep 19 2025, 17:28:11) [GCC 14.2.0]
2025-11-11 10:13:30 - facturacion_facil - INFO - logger.py:87 - Directorio de trabajo: /home/pascal/development/for_django/facturacion_facil
2025-11-11 10:13:30 - facturacion_facil - INFO - logger.py:88 - Argumentos: ['main.py']
2025-11-11 10:13:30 - facturacion_facil - INFO - logger.py:138 - === Iniciando aplicación Facturación Fácil ===
2025-11-11 10:13:30 - facturacion_facil.force_copyable - INFO - force_copyable_dialogs.py:96 - 🔧 FORCE: Parche forzado aplicado a messagebox
2025-11-11 10:13:30 - facturacion_facil.force_copyable - INFO - force_copyable_dialogs.py:97 - 🔧 FORCE: TODOS los messagebox ahora usan diálogos copiables
2025-11-11 10:13:30 - facturacion_facil - INFO - logger.py:138 - 🔧 Parche FORZADO de mensajes copiables aplicado correctamente
2025-11-11 10:13:30 - facturacion_facil - INFO - logger.py:138 - 🎯 GARANTÍA: Todos los messagebox tendrán botón copiar
2025-11-11 10:13:30 - facturacion_facil - INFO - logger.py:138 - Inicializando base de datos...
2025-11-11 10:13:30 - facturacion_facil - INFO - logger.py:138 - Base de datos inicializada correctamente
2025-11-11 10:13:30 - facturacion_facil - INFO - logger.py:138 - Creando ventana principal
2025-11-11 10:13:30 - facturacion_facil - INFO - logger.py:138 - Iniciando bucle principal de la aplicación
2025-11-11 10:13:32 - facturacion_facil.treeview_sorter - INFO - treeview_sorter.py:39 - Configurado sorting para 5 columnas
2025-11-11 10:13:32 - facturacion_facil.stock_window - DEBUG - stock.py:385 - Actualizando display stock: 2 elementos
2025-11-11 10:13:32 - facturacion_facil.stock_window - DEBUG - stock.py:433 - Display stock actualizado correctamente
2025-11-11 10:13:32 - facturacion_facil.stock_window - INFO - stock.py:346 - Cargados 2 productos en stock (OPTIMIZADO)
2025-11-11 10:13:34 - facturacion_facil.stock_window - INFO - stock.py:448 - Stock seleccionado: N/A (ID: 1)
2025-11-11 10:13:34 - facturacion_facil.stock_window - INFO - stock.py:507 - 🚨 DEBUG: actualizar_stock_selected EJECUTADA
2025-11-11 10:13:34 - facturacion_facil.stock_window - INFO - stock.py:512 - 🚨 DEBUG: hasattr(self, 'selected_producto_id') = True
2025-11-11 10:13:34 - facturacion_facil.stock_window - INFO - stock.py:516 - 🚨 DEBUG: selected_producto_id = 1
2025-11-11 10:13:34 - facturacion_facil.stock_window - INFO - stock.py:555 - 🚨 DEBUG: PRODUCTO SELECCIONADO - continuando con actualización
2025-11-11 10:13:39 - facturacion_facil.stock_window - INFO - stock.py:448 - Stock seleccionado: N/A (ID: 1)
2025-11-11 10:13:39 - facturacion_facil.stock_window - INFO - stock.py:507 - 🚨 DEBUG: actualizar_stock_selected EJECUTADA
2025-11-11 10:13:39 - facturacion_facil.stock_window - INFO - stock.py:512 - 🚨 DEBUG: hasattr(self, 'selected_producto_id') = True
2025-11-11 10:13:39 - facturacion_facil.stock_window - INFO - stock.py:516 - 🚨 DEBUG: selected_producto_id = 1
2025-11-11 10:13:39 - facturacion_facil.stock_window - INFO - stock.py:555 - 🚨 DEBUG: PRODUCTO SELECCIONADO - continuando con actualización
2025-11-11 10:13:44 - facturacion_facil.stock_window - DEBUG - stock.py:385 - Actualizando display stock: 2 elementos
2025-11-11 10:13:44 - facturacion_facil.stock_window - DEBUG - stock.py:433 - Display stock actualizado correctamente
2025-11-11 10:13:44 - facturacion_facil.stock_window - INFO - stock.py:346 - Cargados 2 productos en stock (OPTIMIZADO)
2025-11-11 10:13:44 - facturacion_facil.stock_window - INFO - stock.py:1053 - Stock modificado para producto 1: 5 -> 6
2025-11-11 10:13:44 - facturacion_facil.window_manager - DEBUG - window_manager.py:42 - Ventana hecha visible: .!ctktoplevel.!ctktoplevel
2025-11-11 10:13:44 - facturacion_facil.window_manager - DEBUG - window_manager.py:57 - Topmost removido de ventana: .!ctktoplevel.!ctktoplevel
2025-11-11 10:13:47 - facturacion_facil.window_manager - DEBUG - window_manager.py:82 - Ventana cerrada exitosamente: .!ctktoplevel.!ctktoplevel
2025-11-11 10:13:53 - facturacion_facil.stock_window - INFO - stock.py:448 - Stock seleccionado: N/A (ID: 1)
2025-11-11 10:13:54 - facturacion_facil.stock_window - INFO - stock.py:448 - Stock seleccionado: N/A (ID: 1)
2025-11-11 10:13:54 - facturacion_facil.stock_window - INFO - stock.py:507 - 🚨 DEBUG: actualizar_stock_selected EJECUTADA
2025-11-11 10:13:54 - facturacion_facil.stock_window - INFO - stock.py:512 - 🚨 DEBUG: hasattr(self, 'selected_producto_id') = True
2025-11-11 10:13:54 - facturacion_facil.stock_window - INFO - stock.py:516 - 🚨 DEBUG: selected_producto_id = 1
2025-11-11 10:13:54 - facturacion_facil.stock_window - INFO - stock.py:555 - 🚨 DEBUG: PRODUCTO SELECCIONADO - continuando con actualización
2025-11-11 10:14:01 - facturacion_facil.stock_window - DEBUG - stock.py:385 - Actualizando display stock: 2 elementos
2025-11-11 10:14:01 - facturacion_facil.stock_window - DEBUG - stock.py:433 - Display stock actualizado correctamente
2025-11-11 10:14:01 - facturacion_facil.stock_window - INFO - stock.py:346 - Cargados 2 productos en stock (OPTIMIZADO)
2025-11-11 10:14:01 - facturacion_facil.stock_window - INFO - stock.py:1053 - Stock modificado para producto 1: 6 -> 7
2025-11-11 10:14:01 - facturacion_facil.window_manager - DEBUG - window_manager.py:42 - Ventana hecha visible: .!ctktoplevel.!ctktoplevel2
2025-11-11 10:14:01 - facturacion_facil.window_manager - DEBUG - window_manager.py:57 - Topmost removido de ventana: .!ctktoplevel.!ctktoplevel2
2025-11-11 10:15:16 - facturacion_facil.window_manager - DEBUG - window_manager.py:82 - Ventana cerrada exitosamente: .!ctktoplevel.!ctktoplevel2
2025-11-11 10:15:17 - facturacion_facil.stock_window - DEBUG - stock.py:385 - Actualizando display stock: 2 elementos
2025-11-11 10:15:17 - facturacion_facil.stock_window - DEBUG - stock.py:433 - Display stock actualizado correctamente
2025-11-11 10:15:17 - facturacion_facil.stock_window - INFO - stock.py:346 - Cargados 2 productos en stock (OPTIMIZADO)
2025-11-11 10:15:18 - facturacion_facil.stock_window - DEBUG - stock.py:385 - Actualizando display stock: 2 elementos
2025-11-11 10:15:18 - facturacion_facil.stock_window - DEBUG - stock.py:433 - Display stock actualizado correctamente
2025-11-11 10:15:18 - facturacion_facil.stock_window - INFO - stock.py:346 - Cargados 2 productos en stock (OPTIMIZADO)
2025-11-11 10:15:19 - facturacion_facil.stock_window - DEBUG - stock.py:385 - Actualizando display stock: 2 elementos
2025-11-11 10:15:19 - facturacion_facil.stock_window - DEBUG - stock.py:433 - Display stock actualizado correctamente
2025-11-11 10:15:19 - facturacion_facil.stock_window - INFO - stock.py:346 - Cargados 2 productos en stock (OPTIMIZADO)
2025-11-11 10:15:58 - facturacion_facil.stock_window - INFO - stock.py:448 - Stock seleccionado: N/A (ID: 1)
2025-11-11 10:15:58 - facturacion_facil.stock_window - INFO - stock.py:507 - 🚨 DEBUG: actualizar_stock_selected EJECUTADA
2025-11-11 10:15:58 - facturacion_facil.stock_window - INFO - stock.py:512 - 🚨 DEBUG: hasattr(self, 'selected_producto_id') = True
2025-11-11 10:15:58 - facturacion_facil.stock_window - INFO - stock.py:516 - 🚨 DEBUG: selected_producto_id = 1
2025-11-11 10:15:58 - facturacion_facil.stock_window - INFO - stock.py:555 - 🚨 DEBUG: PRODUCTO SELECCIONADO - continuando con actualización
2025-11-11 10:16:06 - facturacion_facil.stock_window - DEBUG - stock.py:385 - Actualizando display stock: 2 elementos
2025-11-11 10:16:06 - facturacion_facil.stock_window - DEBUG - stock.py:433 - Display stock actualizado correctamente
2025-11-11 10:16:06 - facturacion_facil.stock_window - INFO - stock.py:346 - Cargados 2 productos en stock (OPTIMIZADO)
2025-11-11 10:16:06 - facturacion_facil.stock_window - INFO - stock.py:1053 - Stock modificado para producto 1: 7 -> 8
2025-11-11 10:16:06 - facturacion_facil.window_manager - DEBUG - window_manager.py:42 - Ventana hecha visible: .!ctktoplevel.!ctktoplevel3
2025-11-11 10:16:06 - facturacion_facil.window_manager - DEBUG - window_manager.py:57 - Topmost removido de ventana: .!ctktoplevel.!ctktoplevel3
2025-11-11 10:16:14 - facturacion_facil.window_manager - DEBUG - window_manager.py:82 - Ventana cerrada exitosamente: .!ctktoplevel.!ctktoplevel3
2025-11-11 10:17:10 - facturacion_facil - INFO - logger.py:75 - === Iniciando facturacion_facil ===
2025-11-11 10:17:10 - facturacion_facil - INFO - logger.py:76 - Directorio de logs: /home/pascal/development/for_django/facturacion_facil/logs
2025-11-11 10:17:10 - facturacion_facil - INFO - logger.py:86 - Python version: 3.13.7 (main, Sep 19 2025, 17:28:11) [GCC 14.2.0]
2025-11-11 10:17:10 - facturacion_facil - INFO - logger.py:87 - Directorio de trabajo: /home/pascal/development/for_django/facturacion_facil
2025-11-11 10:17:10 - facturacion_facil - INFO - logger.py:88 - Argumentos: ['main.py']
2025-11-11 10:17:10 - facturacion_facil - INFO - logger.py:138 - === Iniciando aplicación Facturación Fácil ===
2025-11-11 10:17:10 - facturacion_facil.force_copyable - INFO - force_copyable_dialogs.py:96 - 🔧 FORCE: Parche forzado aplicado a messagebox
2025-11-11 10:17:10 - facturacion_facil.force_copyable - INFO - force_copyable_dialogs.py:97 - 🔧 FORCE: TODOS los messagebox ahora usan diálogos copiables
2025-11-11 10:17:10 - facturacion_facil - INFO - logger.py:138 - 🔧 Parche FORZADO de mensajes copiables aplicado correctamente
2025-11-11 10:17:10 - facturacion_facil - INFO - logger.py:138 - 🎯 GARANTÍA: Todos los messagebox tendrán botón copiar
2025-11-11 10:17:10 - facturacion_facil - INFO - logger.py:138 - Inicializando base de datos...
2025-11-11 10:17:10 - facturacion_facil - INFO - logger.py:138 - Base de datos inicializada correctamente
2025-11-11 10:17:10 - facturacion_facil - INFO - logger.py:138 - Creando ventana principal
2025-11-11 10:17:10 - facturacion_facil - INFO - logger.py:138 - Iniciando bucle principal de la aplicación
2025-11-11 10:17:12 - facturacion_facil.treeview_sorter - INFO - treeview_sorter.py:39 - Configurado sorting para 5 columnas
2025-11-11 10:17:12 - facturacion_facil.stock_window - DEBUG - stock.py:429 - Actualizando display stock: 2 elementos
2025-11-11 10:17:12 - facturacion_facil.stock_window - DEBUG - stock.py:477 - Display stock actualizado correctamente
2025-11-11 10:17:12 - facturacion_facil.stock_window - INFO - stock.py:346 - Cargados 2 productos en stock (OPTIMIZADO)
2025-11-11 10:17:14 - facturacion_facil.stock_window - INFO - stock.py:492 - Stock seleccionado: N/A (ID: 1)
2025-11-11 10:17:15 - facturacion_facil.stock_window - INFO - stock.py:492 - Stock seleccionado: N/A (ID: 1)
2025-11-11 10:17:16 - facturacion_facil.stock_window - INFO - stock.py:551 - 🚨 DEBUG: actualizar_stock_selected EJECUTADA
2025-11-11 10:17:16 - facturacion_facil.stock_window - INFO - stock.py:556 - 🚨 DEBUG: hasattr(self, 'selected_producto_id') = True
2025-11-11 10:17:16 - facturacion_facil.stock_window - INFO - stock.py:560 - 🚨 DEBUG: selected_producto_id = 1
2025-11-11 10:17:16 - facturacion_facil.stock_window - INFO - stock.py:599 - 🚨 DEBUG: PRODUCTO SELECCIONADO - continuando con actualización
2025-11-11 10:17:21 - facturacion_facil.stock_window - INFO - stock.py:492 - Stock seleccionado: N/A (ID: 1)
2025-11-11 10:17:21 - facturacion_facil.stock_window - INFO - stock.py:551 - 🚨 DEBUG: actualizar_stock_selected EJECUTADA
2025-11-11 10:17:21 - facturacion_facil.stock_window - INFO - stock.py:556 - 🚨 DEBUG: hasattr(self, 'selected_producto_id') = True
2025-11-11 10:17:21 - facturacion_facil.stock_window - INFO - stock.py:560 - 🚨 DEBUG: selected_producto_id = 1
2025-11-11 10:17:21 - facturacion_facil.stock_window - INFO - stock.py:599 - 🚨 DEBUG: PRODUCTO SELECCIONADO - continuando con actualización
2025-11-11 10:17:26 - facturacion_facil.stock_window - INFO - stock.py:385 - Forzando recarga de datos de stock sin cache
2025-11-11 10:17:26 - facturacion_facil.stock_window - DEBUG - stock.py:391 - Cache invalidado
2025-11-11 10:17:26 - facturacion_facil.stock_window - DEBUG - stock.py:429 - Actualizando display stock: 2 elementos
2025-11-11 10:17:26 - facturacion_facil.stock_window - DEBUG - stock.py:477 - Display stock actualizado correctamente
2025-11-11 10:17:26 - facturacion_facil.stock_window - INFO - stock.py:419 - Recarga forzada completada: 2 productos
2025-11-11 10:17:26 - facturacion_facil.stock_window - INFO - stock.py:1097 - Stock modificado para producto 1: 8 -> 7
2025-11-11 10:17:26 - facturacion_facil.window_manager - DEBUG - window_manager.py:42 - Ventana hecha visible: .!ctktoplevel.!ctktoplevel
2025-11-11 10:17:26 - facturacion_facil.window_manager - DEBUG - window_manager.py:57 - Topmost removido de ventana: .!ctktoplevel.!ctktoplevel
2025-11-11 10:17:32 - facturacion_facil.window_manager - DEBUG - window_manager.py:82 - Ventana cerrada exitosamente: .!ctktoplevel.!ctktoplevel
2025-11-11 10:18:54 - facturacion_facil - INFO - logger.py:138 - Aplicación cerrada normalmente
2025-11-11 10:19:15 - facturacion_facil - INFO - logger.py:75 - === Iniciando facturacion_facil ===
2025-11-11 10:19:15 - facturacion_facil - INFO - logger.py:76 - Directorio de logs: /home/pascal/development/for_django/facturacion_facil/logs
2025-11-11 10:20:45 - facturacion_facil - INFO - logger.py:75 - === Iniciando facturacion_facil ===
2025-11-11 10:20:45 - facturacion_facil - INFO - logger.py:76 - Directorio de logs: /home/pascal/development/for_django/facturacion_facil/logs
2025-11-11 10:20:53 - facturacion_facil - INFO - logger.py:75 - === Iniciando facturacion_facil ===
2025-11-11 10:20:53 - facturacion_facil - INFO - logger.py:76 - Directorio de logs: /home/pascal/development/for_django/facturacion_facil/logs
2025-11-11 10:20:53 - facturacion_facil.test_database_manager - DEBUG - test_database_manager.py:53 - Base de données de test créée: test_test_stock_data_structure_consistency_d3wrsk3r.db
2025-11-11 10:20:53 - facturacion_facil.test_database_manager - DEBUG - test_database_manager.py:78 - Répertoire de test créé: test_test_stock_data_structure_consistency_assets_temd66qq
2025-11-11 10:20:53 - facturacion_facil.test_database_manager - DEBUG - test_database_manager.py:98 - Base de données supprimée: test_test_stock_data_structure_consistency_d3wrsk3r.db
2025-11-11 10:20:53 - facturacion_facil.test_database_manager - DEBUG - test_database_manager.py:109 - Répertoire supprimé: test_test_stock_data_structure_consistency_assets_temd66qq
2025-11-11 10:20:53 - facturacion_facil.test_database_manager - DEBUG - test_database_manager.py:53 - Base de données de test créée: test_test_stock_data_conversion_9u178r85.db
2025-11-11 10:20:53 - facturacion_facil.test_database_manager - DEBUG - test_database_manager.py:78 - Répertoire de test créé: test_test_stock_data_conversion_assets__kljn1cl
2025-11-11 10:20:53 - facturacion_facil.test_database_manager - DEBUG - test_database_manager.py:98 - Base de données supprimée: test_test_stock_data_conversion_9u178r85.db
2025-11-11 10:20:53 - facturacion_facil.test_database_manager - DEBUG - test_database_manager.py:109 - Répertoire supprimé: test_test_stock_data_conversion_assets__kljn1cl
2025-11-11 10:20:53 - facturacion_facil.test_database_manager - DEBUG - test_database_manager.py:53 - Base de données de test créée: test_test_stock_display_compatibility_mpwgt9jt.db
2025-11-11 10:20:53 - facturacion_facil.test_database_manager - DEBUG - test_database_manager.py:78 - Répertoire de test créé: test_test_stock_display_compatibility_assets__w06g2t4
2025-11-11 10:20:53 - facturacion_facil.test_database_manager - DEBUG - test_database_manager.py:98 - Base de données supprimée: test_test_stock_display_compatibility_mpwgt9jt.db
2025-11-11 10:20:53 - facturacion_facil.test_database_manager - DEBUG - test_database_manager.py:109 - Répertoire supprimé: test_test_stock_display_compatibility_assets__w06g2t4
2025-11-11 10:20:56 - facturacion_facil.test_database_manager - INFO - test_database_manager.py:141 - Toutes les ressources de test nettoyées
2025-11-11 10:21:40 - facturacion_facil - INFO - logger.py:75 - === Iniciando facturacion_facil ===
2025-11-11 10:21:40 - facturacion_facil - INFO - logger.py:76 - Directorio de logs: /home/pascal/development/for_django/facturacion_facil/logs
2025-11-11 10:21:40 - facturacion_facil.test_database_manager - DEBUG - test_database_manager.py:53 - Base de données de test créée: test_test_stock_data_structure_consistency_vl64pgf2.db
2025-11-11 10:21:40 - facturacion_facil.test_database_manager - DEBUG - test_database_manager.py:78 - Répertoire de test créé: test_test_stock_data_structure_consistency_assets_hi77m458
2025-11-11 10:21:40 - facturacion_facil.test_database_manager - DEBUG - test_database_manager.py:98 - Base de données supprimée: test_test_stock_data_structure_consistency_vl64pgf2.db
2025-11-11 10:21:40 - facturacion_facil.test_database_manager - DEBUG - test_database_manager.py:109 - Répertoire supprimé: test_test_stock_data_structure_consistency_assets_hi77m458
2025-11-11 10:21:40 - facturacion_facil.test_database_manager - DEBUG - test_database_manager.py:53 - Base de données de test créée: test_test_stock_data_conversion_amm7npfq.db
2025-11-11 10:21:40 - facturacion_facil.test_database_manager - DEBUG - test_database_manager.py:78 - Répertoire de test créé: test_test_stock_data_conversion_assets_z7armx5c
2025-11-11 10:21:40 - facturacion_facil.test_database_manager - DEBUG - test_database_manager.py:98 - Base de données supprimée: test_test_stock_data_conversion_amm7npfq.db
2025-11-11 10:21:40 - facturacion_facil.test_database_manager - DEBUG - test_database_manager.py:109 - Répertoire supprimé: test_test_stock_data_conversion_assets_z7armx5c
2025-11-11 10:21:40 - facturacion_facil.test_database_manager - DEBUG - test_database_manager.py:53 - Base de données de test créée: test_test_stock_display_compatibility_88v8b7by.db
2025-11-11 10:21:40 - facturacion_facil.test_database_manager - DEBUG - test_database_manager.py:78 - Répertoire de test créé: test_test_stock_display_compatibility_assets_bs70c0al
2025-11-11 10:21:40 - facturacion_facil.test_database_manager - DEBUG - test_database_manager.py:98 - Base de données supprimée: test_test_stock_display_compatibility_88v8b7by.db
2025-11-11 10:21:40 - facturacion_facil.test_database_manager - DEBUG - test_database_manager.py:109 - Répertoire supprimé: test_test_stock_display_compatibility_assets_bs70c0al
2025-11-11 10:21:42 - facturacion_facil.test_database_manager - INFO - test_database_manager.py:141 - Toutes les ressources de test nettoyées
2025-11-11 10:22:05 - facturacion_facil - INFO - logger.py:75 - === Iniciando facturacion_facil ===
2025-11-11 10:22:05 - facturacion_facil - INFO - logger.py:76 - Directorio de logs: /home/pascal/development/for_django/facturacion_facil/logs
2025-11-11 10:22:05 - facturacion_facil.test_database_manager - DEBUG - test_database_manager.py:53 - Base de données de test créée: test_test_stock_display_compatibility_ihb04cao.db
2025-11-11 10:22:05 - facturacion_facil.test_database_manager - DEBUG - test_database_manager.py:78 - Répertoire de test créé: test_test_stock_display_compatibility_assets_u3xeq65f
2025-11-11 10:22:05 - facturacion_facil.test_database_manager - DEBUG - test_database_manager.py:98 - Base de données supprimée: test_test_stock_display_compatibility_ihb04cao.db
2025-11-11 10:22:05 - facturacion_facil.test_database_manager - DEBUG - test_database_manager.py:109 - Répertoire supprimé: test_test_stock_display_compatibility_assets_u3xeq65f
2025-11-11 10:22:07 - facturacion_facil.test_database_manager - INFO - test_database_manager.py:141 - Toutes les ressources de test nettoyées
2025-11-11 10:22:48 - facturacion_facil - INFO - logger.py:75 - === Iniciando facturacion_facil ===
2025-11-11 10:22:48 - facturacion_facil - INFO - logger.py:76 - Directorio de logs: /home/pascal/development/for_django/facturacion_facil/logs
2025-11-11 10:22:49 - facturacion_facil.test_database_manager - DEBUG - test_database_manager.py:53 - Base de données de test créée: test_test_stock_data_structure_consistency_enu60oje.db
2025-11-11 10:22:49 - facturacion_facil.test_database_manager - DEBUG - test_database_manager.py:78 - Répertoire de test créé: test_test_stock_data_structure_consistency_assets_114tnh40
2025-11-11 10:22:49 - facturacion_facil.test_database_manager - DEBUG - test_database_manager.py:98 - Base de données supprimée: test_test_stock_data_structure_consistency_enu60oje.db
2025-11-11 10:22:49 - facturacion_facil.test_database_manager - DEBUG - test_database_manager.py:109 - Répertoire supprimé: test_test_stock_data_structure_consistency_assets_114tnh40
2025-11-11 10:22:49 - facturacion_facil.test_database_manager - DEBUG - test_database_manager.py:53 - Base de données de test créée: test_test_stock_data_conversion_o1n1r8bz.db
2025-11-11 10:22:49 - facturacion_facil.test_database_manager - DEBUG - test_database_manager.py:78 - Répertoire de test créé: test_test_stock_data_conversion_assets_4mz57jsj
2025-11-11 10:22:49 - facturacion_facil.test_database_manager - DEBUG - test_database_manager.py:98 - Base de données supprimée: test_test_stock_data_conversion_o1n1r8bz.db
2025-11-11 10:22:49 - facturacion_facil.test_database_manager - DEBUG - test_database_manager.py:109 - Répertoire supprimé: test_test_stock_data_conversion_assets_4mz57jsj
2025-11-11 10:22:49 - facturacion_facil.test_database_manager - DEBUG - test_database_manager.py:53 - Base de données de test créée: test_test_stock_display_compatibility_1wl6_e9i.db
2025-11-11 10:22:49 - facturacion_facil.test_database_manager - DEBUG - test_database_manager.py:78 - Répertoire de test créé: test_test_stock_display_compatibility_assets_jqhglq2f
2025-11-11 10:22:49 - facturacion_facil.test_database_manager - DEBUG - test_database_manager.py:98 - Base de données supprimée: test_test_stock_display_compatibility_1wl6_e9i.db
2025-11-11 10:22:49 - facturacion_facil.test_database_manager - DEBUG - test_database_manager.py:109 - Répertoire supprimé: test_test_stock_display_compatibility_assets_jqhglq2f
2025-11-11 10:22:50 - facturacion_facil.test_database_manager - INFO - test_database_manager.py:141 - Toutes les ressources de test nettoyées
2025-11-11 10:23:22 - facturacion_facil - INFO - logger.py:75 - === Iniciando facturacion_facil ===
2025-11-11 10:23:22 - facturacion_facil - INFO - logger.py:76 - Directorio de logs: /home/pascal/development/for_django/facturacion_facil/logs
2025-11-11 10:24:21 - facturacion_facil - INFO - logger.py:75 - === Iniciando facturacion_facil ===
2025-11-11 10:24:21 - facturacion_facil - INFO - logger.py:76 - Directorio de logs: /home/pascal/development/for_django/facturacion_facil/logs
2025-11-11 10:24:21 - facturacion_facil - INFO - logger.py:86 - Python version: 3.13.7 (main, Sep 19 2025, 17:28:11) [GCC 14.2.0]
2025-11-11 10:24:21 - facturacion_facil - INFO - logger.py:87 - Directorio de trabajo: /home/pascal/development/for_django/facturacion_facil
2025-11-11 10:24:21 - facturacion_facil - INFO - logger.py:88 - Argumentos: ['main.py']
2025-11-11 10:24:21 - facturacion_facil - INFO - logger.py:138 - === Iniciando aplicación Facturación Fácil ===
2025-11-11 10:24:21 - facturacion_facil.force_copyable - INFO - force_copyable_dialogs.py:96 - 🔧 FORCE: Parche forzado aplicado a messagebox
2025-11-11 10:24:21 - facturacion_facil.force_copyable - INFO - force_copyable_dialogs.py:97 - 🔧 FORCE: TODOS los messagebox ahora usan diálogos copiables
2025-11-11 10:24:21 - facturacion_facil - INFO - logger.py:138 - 🔧 Parche FORZADO de mensajes copiables aplicado correctamente
2025-11-11 10:24:21 - facturacion_facil - INFO - logger.py:138 - 🎯 GARANTÍA: Todos los messagebox tendrán botón copiar
2025-11-11 10:24:21 - facturacion_facil - INFO - logger.py:138 - Inicializando base de datos...
2025-11-11 10:24:21 - facturacion_facil - INFO - logger.py:138 - Base de datos inicializada correctamente
2025-11-11 10:24:21 - facturacion_facil - INFO - logger.py:138 - Creando ventana principal
2025-11-11 10:24:22 - facturacion_facil - INFO - logger.py:138 - Iniciando bucle principal de la aplicación
2025-11-11 10:24:24 - facturacion_facil.treeview_sorter - INFO - treeview_sorter.py:39 - Configurado sorting para 5 columnas
2025-11-11 10:24:24 - facturacion_facil.stock_window - DEBUG - stock.py:429 - Actualizando display stock: 4 elementos
2025-11-11 10:24:24 - facturacion_facil.stock_window - DEBUG - stock.py:477 - Display stock actualizado correctamente
2025-11-11 10:24:24 - facturacion_facil.stock_window - INFO - stock.py:346 - Cargados 4 productos en stock (OPTIMIZADO)
2025-11-11 10:24:32 - facturacion_facil.stock_window - INFO - stock.py:492 - Stock seleccionado: producto2 (ID: 2)
2025-11-11 10:24:32 - facturacion_facil.stock_window - INFO - stock.py:551 - 🚨 DEBUG: actualizar_stock_selected EJECUTADA
2025-11-11 10:24:32 - facturacion_facil.stock_window - INFO - stock.py:556 - 🚨 DEBUG: hasattr(self, 'selected_producto_id') = True
2025-11-11 10:24:32 - facturacion_facil.stock_window - INFO - stock.py:560 - 🚨 DEBUG: selected_producto_id = 2
2025-11-11 10:24:32 - facturacion_facil.stock_window - INFO - stock.py:599 - 🚨 DEBUG: PRODUCTO SELECCIONADO - continuando con actualización
2025-11-11 10:24:36 - facturacion_facil.stock_window - INFO - stock.py:385 - Forzando recarga de datos de stock sin cache
2025-11-11 10:24:36 - facturacion_facil.stock_window - DEBUG - stock.py:391 - Cache invalidado
2025-11-11 10:24:36 - facturacion_facil.stock_window - DEBUG - stock.py:429 - Actualizando display stock: 4 elementos
2025-11-11 10:24:36 - facturacion_facil.stock_window - DEBUG - stock.py:477 - Display stock actualizado correctamente
2025-11-11 10:24:36 - facturacion_facil.stock_window - INFO - stock.py:419 - Recarga forzada completada: 4 productos
2025-11-11 10:24:36 - facturacion_facil.stock_window - INFO - stock.py:1097 - Stock modificado para producto 2: 0 -> 4
2025-11-11 10:24:36 - facturacion_facil.window_manager - DEBUG - window_manager.py:42 - Ventana hecha visible: .!ctktoplevel.!ctktoplevel
2025-11-11 10:24:36 - facturacion_facil.window_manager - DEBUG - window_manager.py:57 - Topmost removido de ventana: .!ctktoplevel.!ctktoplevel
2025-11-11 10:24:39 - facturacion_facil.window_manager - DEBUG - window_manager.py:82 - Ventana cerrada exitosamente: .!ctktoplevel.!ctktoplevel
2025-11-11 10:24:45 - facturacion_facil - INFO - logger.py:138 - Aplicación cerrada normalmente
2025-11-11 10:27:33 - facturacion_facil - INFO - logger.py:75 - === Iniciando facturacion_facil ===
2025-11-11 10:27:33 - facturacion_facil - INFO - logger.py:76 - Directorio de logs: /home/pascal/development/for_django/facturacion_facil/logs
2025-11-11 10:27:34 - facturacion_facil.treeview_sorter - INFO - treeview_sorter.py:39 - Configurado sorting para 5 columnas
2025-11-11 10:27:34 - facturacion_facil.stock_window - DEBUG - stock.py:429 - Actualizando display stock: 4 elementos
2025-11-11 10:27:34 - facturacion_facil.stock_window - DEBUG - stock.py:477 - Display stock actualizado correctamente
2025-11-11 10:27:34 - facturacion_facil.stock_window - INFO - stock.py:346 - Cargados 4 productos en stock (OPTIMIZADO)
2025-11-11 10:33:06 - facturacion_facil - INFO - logger.py:75 - === Iniciando facturacion_facil ===
2025-11-11 10:33:06 - facturacion_facil - INFO - logger.py:76 - Directorio de logs: /home/pascal/development/for_django/facturacion_facil/logs
2025-11-11 10:33:06 - facturacion_facil.test_database_manager - DEBUG - test_database_manager.py:53 - Base de données de test créée: test_test_stock_buttons_interface_regression_5dcwzijk.db
2025-11-11 10:33:06 - facturacion_facil.test_database_manager - DEBUG - test_database_manager.py:78 - Répertoire de test créé: test_test_stock_buttons_interface_regression_assets_x58pj5aq
2025-11-11 10:33:07 - facturacion_facil.test_database_manager - DEBUG - test_database_manager.py:98 - Base de données supprimée: test_test_stock_buttons_interface_regression_5dcwzijk.db
2025-11-11 10:33:07 - facturacion_facil.test_database_manager - DEBUG - test_database_manager.py:109 - Répertoire supprimé: test_test_stock_buttons_interface_regression_assets_x58pj5aq
2025-11-11 10:33:09 - facturacion_facil.test_database_manager - INFO - test_database_manager.py:141 - Toutes les ressources de test nettoyées
2025-11-11 10:33:32 - facturacion_facil - INFO - logger.py:75 - === Iniciando facturacion_facil ===
2025-11-11 10:33:32 - facturacion_facil - INFO - logger.py:76 - Directorio de logs: /home/pascal/development/for_django/facturacion_facil/logs
2025-11-11 10:33:32 - facturacion_facil.test_database_manager - DEBUG - test_database_manager.py:53 - Base de données de test créée: test_test_stock_buttons_interface_regression_evy9lqky.db
2025-11-11 10:33:32 - facturacion_facil.test_database_manager - DEBUG - test_database_manager.py:78 - Répertoire de test créé: test_test_stock_buttons_interface_regression_assets_yleajojf
2025-11-11 10:33:33 - facturacion_facil.test_database_manager - DEBUG - test_database_manager.py:98 - Base de données supprimée: test_test_stock_buttons_interface_regression_evy9lqky.db
2025-11-11 10:33:33 - facturacion_facil.test_database_manager - DEBUG - test_database_manager.py:109 - Répertoire supprimé: test_test_stock_buttons_interface_regression_assets_yleajojf
2025-11-11 10:33:34 - facturacion_facil.test_database_manager - INFO - test_database_manager.py:141 - Toutes les ressources de test nettoyées
2025-11-11 10:34:06 - facturacion_facil - INFO - logger.py:75 - === Iniciando facturacion_facil ===
2025-11-11 10:34:06 - facturacion_facil - INFO - logger.py:76 - Directorio de logs: /home/pascal/development/for_django/facturacion_facil/logs
2025-11-11 10:34:06 - facturacion_facil.test_database_manager - DEBUG - test_database_manager.py:53 - Base de données de test créée: test_test_stock_buttons_interface_regression_rnnkh44q.db
2025-11-11 10:34:06 - facturacion_facil.test_database_manager - DEBUG - test_database_manager.py:78 - Répertoire de test créé: test_test_stock_buttons_interface_regression_assets_6kxjpfe8
2025-11-11 10:34:07 - facturacion_facil.test_database_manager - DEBUG - test_database_manager.py:98 - Base de données supprimée: test_test_stock_buttons_interface_regression_rnnkh44q.db
2025-11-11 10:34:07 - facturacion_facil.test_database_manager - DEBUG - test_database_manager.py:109 - Répertoire supprimé: test_test_stock_buttons_interface_regression_assets_6kxjpfe8
2025-11-11 10:34:08 - facturacion_facil.test_database_manager - INFO - test_database_manager.py:141 - Toutes les ressources de test nettoyées
2025-11-11 10:34:34 - facturacion_facil - INFO - logger.py:75 - === Iniciando facturacion_facil ===
2025-11-11 10:34:34 - facturacion_facil - INFO - logger.py:76 - Directorio de logs: /home/pascal/development/for_django/facturacion_facil/logs
2025-11-11 10:34:35 - facturacion_facil.test_database_manager - DEBUG - test_database_manager.py:53 - Base de données de test créée: test_test_stock_buttons_interface_regression_0nf9p8qo.db
2025-11-11 10:34:35 - facturacion_facil.test_database_manager - DEBUG - test_database_manager.py:78 - Répertoire de test créé: test_test_stock_buttons_interface_regression_assets_asd0c0e4
2025-11-11 10:34:35 - facturacion_facil.test_database_manager - DEBUG - test_database_manager.py:98 - Base de données supprimée: test_test_stock_buttons_interface_regression_0nf9p8qo.db
2025-11-11 10:34:35 - facturacion_facil.test_database_manager - DEBUG - test_database_manager.py:109 - Répertoire supprimé: test_test_stock_buttons_interface_regression_assets_asd0c0e4
2025-11-11 10:34:36 - facturacion_facil.test_database_manager - INFO - test_database_manager.py:141 - Toutes les ressources de test nettoyées
2025-11-11 10:35:22 - facturacion_facil - INFO - logger.py:75 - === Iniciando facturacion_facil ===
2025-11-11 10:35:22 - facturacion_facil - INFO - logger.py:76 - Directorio de logs: /home/pascal/development/for_django/facturacion_facil/logs
2025-11-11 10:35:22 - facturacion_facil.test_database_manager - DEBUG - test_database_manager.py:53 - Base de données de test créée: test_test_stock_buttons_interface_regression_uttubpqw.db
2025-11-11 10:35:22 - facturacion_facil.test_database_manager - DEBUG - test_database_manager.py:78 - Répertoire de test créé: test_test_stock_buttons_interface_regression_assets_4bg99b8x
2025-11-11 10:35:22 - facturacion_facil.test_database_manager - DEBUG - test_database_manager.py:98 - Base de données supprimée: test_test_stock_buttons_interface_regression_uttubpqw.db
2025-11-11 10:35:22 - facturacion_facil.test_database_manager - DEBUG - test_database_manager.py:109 - Répertoire supprimé: test_test_stock_buttons_interface_regression_assets_4bg99b8x
2025-11-11 10:35:24 - facturacion_facil.test_database_manager - INFO - test_database_manager.py:141 - Toutes les ressources de test nettoyées
2025-11-11 10:35:32 - facturacion_facil - INFO - logger.py:75 - === Iniciando facturacion_facil ===
2025-11-11 10:35:32 - facturacion_facil - INFO - logger.py:76 - Directorio de logs: /home/pascal/development/for_django/facturacion_facil/logs
2025-11-11 10:35:50 - facturacion_facil - INFO - logger.py:75 - === Iniciando facturacion_facil ===
2025-11-11 10:35:50 - facturacion_facil - INFO - logger.py:76 - Directorio de logs: /home/pascal/development/for_django/facturacion_facil/logs
2025-11-11 10:35:50 - facturacion_facil.test_integration - INFO - facturas_methods.py:324 - 🔧 DEBUG: Usando diálogo directo con botones CONFIRMAR/CANCELAR...
2025-11-11 10:35:50 - facturacion_facil.test_integration - INFO - facturas_methods.py:327 - 🔧 DEBUG: Resultado del diálogo directo: True
2025-11-11 10:35:50 - facturacion_facil.test_integration - INFO - facturas_methods.py:324 - 🔧 DEBUG: Usando diálogo directo con botones CONFIRMAR/CANCELAR...
2025-11-11 10:35:50 - facturacion_facil.test_integration - INFO - facturas_methods.py:327 - 🔧 DEBUG: Resultado del diálogo directo: True
2025-11-11 10:35:50 - facturacion_facil.test_integration - INFO - facturas_methods.py:572 - 🔄 INICIANDO actualización de stock para factura INT-TEST-MULTI
2025-11-11 10:35:50 - facturacion_facil.test_integration - INFO - facturas_methods.py:573 - 📦 Número de items a procesar: 2
2025-11-11 10:35:50 - facturacion_facil.test_integration - INFO - facturas_methods.py:580 - 📊 Procesando item 1/2
2025-11-11 10:35:50 - facturacion_facil.test_integration - INFO - facturas_methods.py:581 -    - Producto ID: 6
2025-11-11 10:35:50 - facturacion_facil.test_integration - INFO - facturas_methods.py:582 -    - Cantidad a descontar: 2
2025-11-11 10:35:50 - facturacion_facil.test_integration - INFO - facturas_methods.py:586 -    - Stock antes: 10
2025-11-11 10:35:50 - facturacion_facil.test_integration - INFO - facturas_methods.py:593 -    - Stock después: 8
2025-11-11 10:35:50 - facturacion_facil.test_integration - INFO - facturas_methods.py:598 -    ✅ Stock actualizado correctamente
2025-11-11 10:35:50 - facturacion_facil - DEBUG - logger.py:100 - DB UPDATE en stock: Producto Producto Integration Test 1762853750: 10→8 (Factura: INT-TEST-MULTI)
2025-11-11 10:35:50 - facturacion_facil.test_integration - INFO - facturas_methods.py:609 - Stock actualizado para producto Producto Integration Test 1762853750: -2 unidades (10→8)
2025-11-11 10:35:50 - facturacion_facil.test_integration - INFO - facturas_methods.py:580 - 📊 Procesando item 2/2
2025-11-11 10:35:50 - facturacion_facil.test_integration - INFO - facturas_methods.py:581 -    - Producto ID: 7
2025-11-11 10:35:50 - facturacion_facil.test_integration - INFO - facturas_methods.py:582 -    - Cantidad a descontar: 3
2025-11-11 10:35:50 - facturacion_facil.test_integration - INFO - facturas_methods.py:586 -    - Stock antes: 8
2025-11-11 10:35:50 - facturacion_facil.test_integration - INFO - facturas_methods.py:593 -    - Stock después: 5
2025-11-11 10:35:50 - facturacion_facil.test_integration - INFO - facturas_methods.py:598 -    ✅ Stock actualizado correctamente
2025-11-11 10:35:50 - facturacion_facil - DEBUG - logger.py:100 - DB UPDATE en stock: Producto Producto Integration Test 2: 8→5 (Factura: INT-TEST-MULTI)
2025-11-11 10:35:50 - facturacion_facil.test_integration - INFO - facturas_methods.py:609 - Stock actualizado para producto Producto Integration Test 2: -3 unidades (8→5)
2025-11-11 10:35:50 - facturacion_facil.test_integration - INFO - facturas_methods.py:611 - ✅ COMPLETADA actualización de stock para factura INT-TEST-MULTI
2025-11-11 10:35:50 - facturacion_facil.test_integration - WARNING - facturas_methods.py:114 - Stock bajo para producto Producto Integration Test 1762853750: 3 unidades
2025-11-11 10:35:50 - facturacion_facil.test_integration - INFO - facturas_methods.py:324 - 🔧 DEBUG: Usando diálogo directo con botones CONFIRMAR/CANCELAR...
2025-11-11 10:35:50 - facturacion_facil.test_integration - INFO - facturas_methods.py:327 - 🔧 DEBUG: Resultado del diálogo directo: True
2025-11-11 10:35:50 - facturacion_facil.test_integration - INFO - facturas_methods.py:324 - 🔧 DEBUG: Usando diálogo directo con botones CONFIRMAR/CANCELAR...
2025-11-11 10:35:50 - facturacion_facil.test_integration - INFO - facturas_methods.py:327 - 🔧 DEBUG: Resultado del diálogo directo: False
2025-11-11 10:35:50 - facturacion_facil.test_integration - INFO - facturas_methods.py:324 - 🔧 DEBUG: Usando diálogo directo con botones CONFIRMAR/CANCELAR...
2025-11-11 10:35:50 - facturacion_facil.test_integration - INFO - facturas_methods.py:327 - 🔧 DEBUG: Resultado del diálogo directo: True
2025-11-11 10:35:50 - facturacion_facil.test_integration - INFO - facturas_methods.py:572 - 🔄 INICIANDO actualización de stock para factura INT-TEST-1762853750
2025-11-11 10:35:50 - facturacion_facil.test_integration - INFO - facturas_methods.py:573 - 📦 Número de items a procesar: 1
2025-11-11 10:35:50 - facturacion_facil.test_integration - INFO - facturas_methods.py:580 - 📊 Procesando item 1/1
2025-11-11 10:35:50 - facturacion_facil.test_integration - INFO - facturas_methods.py:581 -    - Producto ID: 11
2025-11-11 10:35:50 - facturacion_facil.test_integration - INFO - facturas_methods.py:582 -    - Cantidad a descontar: 3
2025-11-11 10:35:50 - facturacion_facil.test_integration - INFO - facturas_methods.py:586 -    - Stock antes: 10
2025-11-11 10:35:50 - facturacion_facil.test_integration - INFO - facturas_methods.py:593 -    - Stock después: 7
2025-11-11 10:35:50 - facturacion_facil.test_integration - INFO - facturas_methods.py:598 -    ✅ Stock actualizado correctamente
2025-11-11 10:35:50 - facturacion_facil - DEBUG - logger.py:100 - DB UPDATE en stock: Producto Producto Integration Test 1762853750: 10→7 (Factura: INT-TEST-1762853750)
2025-11-11 10:35:50 - facturacion_facil.test_integration - INFO - facturas_methods.py:609 - Stock actualizado para producto Producto Integration Test 1762853750: -3 unidades (10→7)
2025-11-11 10:35:50 - facturacion_facil.test_integration - INFO - facturas_methods.py:611 - ✅ COMPLETADA actualización de stock para factura INT-TEST-1762853750
2025-11-11 10:36:41 - facturacion_facil - INFO - logger.py:75 - === Iniciando facturacion_facil ===
2025-11-11 10:36:41 - facturacion_facil - INFO - logger.py:76 - Directorio de logs: /home/pascal/development/for_django/facturacion_facil/logs
2025-11-11 10:36:41 - facturacion_facil.test_integration - INFO - facturas_methods.py:324 - 🔧 DEBUG: Usando diálogo directo con botones CONFIRMAR/CANCELAR...
2025-11-11 10:36:41 - facturacion_facil.test_integration - INFO - facturas_methods.py:327 - 🔧 DEBUG: Resultado del diálogo directo: True
2025-11-11 10:36:41 - facturacion_facil.test_integration - INFO - facturas_methods.py:324 - 🔧 DEBUG: Usando diálogo directo con botones CONFIRMAR/CANCELAR...
2025-11-11 10:36:41 - facturacion_facil.test_integration - INFO - facturas_methods.py:327 - 🔧 DEBUG: Resultado del diálogo directo: True
2025-11-11 10:36:41 - facturacion_facil.test_integration - INFO - facturas_methods.py:572 - 🔄 INICIANDO actualización de stock para factura INT-TEST-MULTI
2025-11-11 10:36:41 - facturacion_facil.test_integration - INFO - facturas_methods.py:573 - 📦 Número de items a procesar: 2
2025-11-11 10:36:41 - facturacion_facil.test_integration - INFO - facturas_methods.py:580 - 📊 Procesando item 1/2
2025-11-11 10:36:41 - facturacion_facil.test_integration - INFO - facturas_methods.py:581 -    - Producto ID: 15
2025-11-11 10:36:41 - facturacion_facil.test_integration - INFO - facturas_methods.py:582 -    - Cantidad a descontar: 2
2025-11-11 10:36:41 - facturacion_facil.test_integration - INFO - facturas_methods.py:586 -    - Stock antes: 10
2025-11-11 10:36:41 - facturacion_facil.test_integration - INFO - facturas_methods.py:593 -    - Stock después: 8
2025-11-11 10:36:41 - facturacion_facil.test_integration - INFO - facturas_methods.py:598 -    ✅ Stock actualizado correctamente
2025-11-11 10:36:41 - facturacion_facil - DEBUG - logger.py:100 - DB UPDATE en stock: Producto Producto Integration Test 1762853801: 10→8 (Factura: INT-TEST-MULTI)
2025-11-11 10:36:41 - facturacion_facil.test_integration - INFO - facturas_methods.py:609 - Stock actualizado para producto Producto Integration Test 1762853801: -2 unidades (10→8)
2025-11-11 10:36:41 - facturacion_facil.test_integration - INFO - facturas_methods.py:580 - 📊 Procesando item 2/2
2025-11-11 10:36:41 - facturacion_facil.test_integration - INFO - facturas_methods.py:581 -    - Producto ID: 16
2025-11-11 10:36:41 - facturacion_facil.test_integration - INFO - facturas_methods.py:582 -    - Cantidad a descontar: 3
2025-11-11 10:36:41 - facturacion_facil.test_integration - INFO - facturas_methods.py:586 -    - Stock antes: 8
2025-11-11 10:36:41 - facturacion_facil.test_integration - INFO - facturas_methods.py:593 -    - Stock después: 5
2025-11-11 10:36:41 - facturacion_facil.test_integration - INFO - facturas_methods.py:598 -    ✅ Stock actualizado correctamente
2025-11-11 10:36:41 - facturacion_facil - DEBUG - logger.py:100 - DB UPDATE en stock: Producto Producto Integration Test 2: 8→5 (Factura: INT-TEST-MULTI)
2025-11-11 10:36:41 - facturacion_facil.test_integration - INFO - facturas_methods.py:609 - Stock actualizado para producto Producto Integration Test 2: -3 unidades (8→5)
2025-11-11 10:36:41 - facturacion_facil.test_integration - INFO - facturas_methods.py:611 - ✅ COMPLETADA actualización de stock para factura INT-TEST-MULTI
2025-11-11 10:36:41 - facturacion_facil.test_integration - WARNING - facturas_methods.py:114 - Stock bajo para producto Producto Integration Test 1762853801: 3 unidades
2025-11-11 10:36:41 - facturacion_facil.test_integration - INFO - facturas_methods.py:324 - 🔧 DEBUG: Usando diálogo directo con botones CONFIRMAR/CANCELAR...
2025-11-11 10:36:41 - facturacion_facil.test_integration - INFO - facturas_methods.py:327 - 🔧 DEBUG: Resultado del diálogo directo: True
2025-11-11 10:36:41 - facturacion_facil.test_integration - INFO - facturas_methods.py:324 - 🔧 DEBUG: Usando diálogo directo con botones CONFIRMAR/CANCELAR...
2025-11-11 10:36:41 - facturacion_facil.test_integration - INFO - facturas_methods.py:327 - 🔧 DEBUG: Resultado del diálogo directo: False
2025-11-11 10:36:41 - facturacion_facil.test_integration - INFO - facturas_methods.py:324 - 🔧 DEBUG: Usando diálogo directo con botones CONFIRMAR/CANCELAR...
2025-11-11 10:36:41 - facturacion_facil.test_integration - INFO - facturas_methods.py:327 - 🔧 DEBUG: Resultado del diálogo directo: True
2025-11-11 10:36:41 - facturacion_facil.test_integration - INFO - facturas_methods.py:572 - 🔄 INICIANDO actualización de stock para factura INT-TEST-1762853801
2025-11-11 10:36:41 - facturacion_facil.test_integration - INFO - facturas_methods.py:573 - 📦 Número de items a procesar: 1
2025-11-11 10:36:41 - facturacion_facil.test_integration - INFO - facturas_methods.py:580 - 📊 Procesando item 1/1
2025-11-11 10:36:41 - facturacion_facil.test_integration - INFO - facturas_methods.py:581 -    - Producto ID: 20
2025-11-11 10:36:41 - facturacion_facil.test_integration - INFO - facturas_methods.py:582 -    - Cantidad a descontar: 3
2025-11-11 10:36:41 - facturacion_facil.test_integration - INFO - facturas_methods.py:586 -    - Stock antes: 10
2025-11-11 10:36:41 - facturacion_facil.test_integration - INFO - facturas_methods.py:593 -    - Stock después: 7
2025-11-11 10:36:41 - facturacion_facil.test_integration - INFO - facturas_methods.py:598 -    ✅ Stock actualizado correctamente
2025-11-11 10:36:41 - facturacion_facil - DEBUG - logger.py:100 - DB UPDATE en stock: Producto Producto Integration Test 1762853801: 10→7 (Factura: INT-TEST-1762853801)
2025-11-11 10:36:41 - facturacion_facil.test_integration - INFO - facturas_methods.py:609 - Stock actualizado para producto Producto Integration Test 1762853801: -3 unidades (10→7)
2025-11-11 10:36:41 - facturacion_facil.test_integration - INFO - facturas_methods.py:611 - ✅ COMPLETADA actualización de stock para factura INT-TEST-1762853801
2025-11-11 10:37:39 - facturacion_facil - INFO - logger.py:75 - === Iniciando facturacion_facil ===
2025-11-11 10:37:39 - facturacion_facil - INFO - logger.py:76 - Directorio de logs: /home/pascal/development/for_django/facturacion_facil/logs
2025-11-11 10:37:39 - facturacion_facil.test_integration - INFO - facturas_methods.py:324 - 🔧 DEBUG: Usando diálogo directo con botones CONFIRMAR/CANCELAR...
2025-11-11 10:37:39 - facturacion_facil.test_integration - INFO - facturas_methods.py:327 - 🔧 DEBUG: Resultado del diálogo directo: True
2025-11-11 10:37:39 - facturacion_facil.test_integration - INFO - facturas_methods.py:324 - 🔧 DEBUG: Usando diálogo directo con botones CONFIRMAR/CANCELAR...
2025-11-11 10:37:39 - facturacion_facil.test_integration - INFO - facturas_methods.py:327 - 🔧 DEBUG: Resultado del diálogo directo: True
2025-11-11 10:37:39 - facturacion_facil.test_integration - INFO - facturas_methods.py:572 - 🔄 INICIANDO actualización de stock para factura INT-TEST-MULTI
2025-11-11 10:37:39 - facturacion_facil.test_integration - INFO - facturas_methods.py:573 - 📦 Número de items a procesar: 2
2025-11-11 10:37:39 - facturacion_facil.test_integration - INFO - facturas_methods.py:580 - 📊 Procesando item 1/2
2025-11-11 10:37:39 - facturacion_facil.test_integration - INFO - facturas_methods.py:581 -    - Producto ID: 24
2025-11-11 10:37:39 - facturacion_facil.test_integration - INFO - facturas_methods.py:582 -    - Cantidad a descontar: 2
2025-11-11 10:37:39 - facturacion_facil.test_integration - INFO - facturas_methods.py:586 -    - Stock antes: 10
2025-11-11 10:37:39 - facturacion_facil.test_integration - INFO - facturas_methods.py:593 -    - Stock después: 8
2025-11-11 10:37:39 - facturacion_facil.test_integration - INFO - facturas_methods.py:598 -    ✅ Stock actualizado correctamente
2025-11-11 10:37:39 - facturacion_facil - DEBUG - logger.py:100 - DB UPDATE en stock: Producto Producto Integration Test 1762853859: 10→8 (Factura: INT-TEST-MULTI)
2025-11-11 10:37:39 - facturacion_facil.test_integration - INFO - facturas_methods.py:609 - Stock actualizado para producto Producto Integration Test 1762853859: -2 unidades (10→8)
2025-11-11 10:37:39 - facturacion_facil.test_integration - INFO - facturas_methods.py:580 - 📊 Procesando item 2/2
2025-11-11 10:37:39 - facturacion_facil.test_integration - INFO - facturas_methods.py:581 -    - Producto ID: 25
2025-11-11 10:37:39 - facturacion_facil.test_integration - INFO - facturas_methods.py:582 -    - Cantidad a descontar: 3
2025-11-11 10:37:39 - facturacion_facil.test_integration - INFO - facturas_methods.py:586 -    - Stock antes: 8
2025-11-11 10:37:39 - facturacion_facil.test_integration - INFO - facturas_methods.py:593 -    - Stock después: 5
2025-11-11 10:37:39 - facturacion_facil.test_integration - INFO - facturas_methods.py:598 -    ✅ Stock actualizado correctamente
2025-11-11 10:37:39 - facturacion_facil - DEBUG - logger.py:100 - DB UPDATE en stock: Producto Producto Integration Test 2: 8→5 (Factura: INT-TEST-MULTI)
2025-11-11 10:37:39 - facturacion_facil.test_integration - INFO - facturas_methods.py:609 - Stock actualizado para producto Producto Integration Test 2: -3 unidades (8→5)
2025-11-11 10:37:39 - facturacion_facil.test_integration - INFO - facturas_methods.py:611 - ✅ COMPLETADA actualización de stock para factura INT-TEST-MULTI
2025-11-11 10:37:39 - facturacion_facil.test_integration - WARNING - facturas_methods.py:114 - Stock bajo para producto Producto Integration Test 1762853859: 3 unidades
2025-11-11 10:37:39 - facturacion_facil.test_integration - INFO - facturas_methods.py:324 - 🔧 DEBUG: Usando diálogo directo con botones CONFIRMAR/CANCELAR...
2025-11-11 10:37:39 - facturacion_facil.test_integration - INFO - facturas_methods.py:327 - 🔧 DEBUG: Resultado del diálogo directo: True
2025-11-11 10:37:39 - facturacion_facil.test_integration - INFO - facturas_methods.py:324 - 🔧 DEBUG: Usando diálogo directo con botones CONFIRMAR/CANCELAR...
2025-11-11 10:37:39 - facturacion_facil.test_integration - INFO - facturas_methods.py:327 - 🔧 DEBUG: Resultado del diálogo directo: False
2025-11-11 10:37:39 - facturacion_facil.test_integration - INFO - facturas_methods.py:324 - 🔧 DEBUG: Usando diálogo directo con botones CONFIRMAR/CANCELAR...
2025-11-11 10:37:39 - facturacion_facil.test_integration - INFO - facturas_methods.py:327 - 🔧 DEBUG: Resultado del diálogo directo: True
2025-11-11 10:37:39 - facturacion_facil.test_integration - INFO - facturas_methods.py:572 - 🔄 INICIANDO actualización de stock para factura INT-TEST-1762853859
2025-11-11 10:37:39 - facturacion_facil.test_integration - INFO - facturas_methods.py:573 - 📦 Número de items a procesar: 1
2025-11-11 10:37:39 - facturacion_facil.test_integration - INFO - facturas_methods.py:580 - 📊 Procesando item 1/1
2025-11-11 10:37:39 - facturacion_facil.test_integration - INFO - facturas_methods.py:581 -    - Producto ID: 29
2025-11-11 10:37:39 - facturacion_facil.test_integration - INFO - facturas_methods.py:582 -    - Cantidad a descontar: 3
2025-11-11 10:37:39 - facturacion_facil.test_integration - INFO - facturas_methods.py:586 -    - Stock antes: 10
2025-11-11 10:37:39 - facturacion_facil.test_integration - INFO - facturas_methods.py:593 -    - Stock después: 7
2025-11-11 10:37:39 - facturacion_facil.test_integration - INFO - facturas_methods.py:598 -    ✅ Stock actualizado correctamente
2025-11-11 10:37:39 - facturacion_facil - DEBUG - logger.py:100 - DB UPDATE en stock: Producto Producto Integration Test 1762853859: 10→7 (Factura: INT-TEST-1762853859)
2025-11-11 10:37:39 - facturacion_facil.test_integration - INFO - facturas_methods.py:609 - Stock actualizado para producto Producto Integration Test 1762853859: -3 unidades (10→7)
2025-11-11 10:37:39 - facturacion_facil.test_integration - INFO - facturas_methods.py:611 - ✅ COMPLETADA actualización de stock para factura INT-TEST-1762853859
2025-11-11 10:37:58 - facturacion_facil - INFO - logger.py:75 - === Iniciando facturacion_facil ===
2025-11-11 10:37:58 - facturacion_facil - INFO - logger.py:76 - Directorio de logs: /home/pascal/development/for_django/facturacion_facil/logs
2025-11-11 10:37:59 - facturacion_facil.test_integration - INFO - facturas_methods.py:324 - 🔧 DEBUG: Usando diálogo directo con botones CONFIRMAR/CANCELAR...
2025-11-11 10:37:59 - facturacion_facil.test_integration - INFO - facturas_methods.py:327 - 🔧 DEBUG: Resultado del diálogo directo: True
2025-11-11 10:37:59 - facturacion_facil.test_integration - INFO - facturas_methods.py:324 - 🔧 DEBUG: Usando diálogo directo con botones CONFIRMAR/CANCELAR...
2025-11-11 10:37:59 - facturacion_facil.test_integration - INFO - facturas_methods.py:327 - 🔧 DEBUG: Resultado del diálogo directo: True
2025-11-11 10:37:59 - facturacion_facil.test_integration - INFO - facturas_methods.py:572 - 🔄 INICIANDO actualización de stock para factura INT-TEST-MULTI
2025-11-11 10:37:59 - facturacion_facil.test_integration - INFO - facturas_methods.py:573 - 📦 Número de items a procesar: 2
2025-11-11 10:37:59 - facturacion_facil.test_integration - INFO - facturas_methods.py:580 - 📊 Procesando item 1/2
2025-11-11 10:37:59 - facturacion_facil.test_integration - INFO - facturas_methods.py:581 -    - Producto ID: 33
2025-11-11 10:37:59 - facturacion_facil.test_integration - INFO - facturas_methods.py:582 -    - Cantidad a descontar: 2
2025-11-11 10:37:59 - facturacion_facil.test_integration - INFO - facturas_methods.py:586 -    - Stock antes: 10
2025-11-11 10:37:59 - facturacion_facil.test_integration - INFO - facturas_methods.py:593 -    - Stock después: 8
2025-11-11 10:37:59 - facturacion_facil.test_integration - INFO - facturas_methods.py:598 -    ✅ Stock actualizado correctamente
2025-11-11 10:37:59 - facturacion_facil - DEBUG - logger.py:100 - DB UPDATE en stock: Producto Producto Integration Test 1762853879: 10→8 (Factura: INT-TEST-MULTI)
2025-11-11 10:37:59 - facturacion_facil.test_integration - INFO - facturas_methods.py:609 - Stock actualizado para producto Producto Integration Test 1762853879: -2 unidades (10→8)
2025-11-11 10:37:59 - facturacion_facil.test_integration - INFO - facturas_methods.py:580 - 📊 Procesando item 2/2
2025-11-11 10:37:59 - facturacion_facil.test_integration - INFO - facturas_methods.py:581 -    - Producto ID: 34
2025-11-11 10:37:59 - facturacion_facil.test_integration - INFO - facturas_methods.py:582 -    - Cantidad a descontar: 3
2025-11-11 10:37:59 - facturacion_facil.test_integration - INFO - facturas_methods.py:586 -    - Stock antes: 8
2025-11-11 10:37:59 - facturacion_facil.test_integration - INFO - facturas_methods.py:593 -    - Stock después: 5
2025-11-11 10:37:59 - facturacion_facil.test_integration - INFO - facturas_methods.py:598 -    ✅ Stock actualizado correctamente
2025-11-11 10:37:59 - facturacion_facil - DEBUG - logger.py:100 - DB UPDATE en stock: Producto Producto Integration Test 2: 8→5 (Factura: INT-TEST-MULTI)
2025-11-11 10:37:59 - facturacion_facil.test_integration - INFO - facturas_methods.py:609 - Stock actualizado para producto Producto Integration Test 2: -3 unidades (8→5)
2025-11-11 10:37:59 - facturacion_facil.test_integration - INFO - facturas_methods.py:611 - ✅ COMPLETADA actualización de stock para factura INT-TEST-MULTI
2025-11-11 10:37:59 - facturacion_facil.test_integration - WARNING - facturas_methods.py:114 - Stock bajo para producto Producto Integration Test 1762853879: 3 unidades
2025-11-11 10:37:59 - facturacion_facil.test_integration - INFO - facturas_methods.py:324 - 🔧 DEBUG: Usando diálogo directo con botones CONFIRMAR/CANCELAR...
2025-11-11 10:37:59 - facturacion_facil.test_integration - INFO - facturas_methods.py:327 - 🔧 DEBUG: Resultado del diálogo directo: True
2025-11-11 10:37:59 - facturacion_facil.test_integration - INFO - facturas_methods.py:324 - 🔧 DEBUG: Usando diálogo directo con botones CONFIRMAR/CANCELAR...
2025-11-11 10:37:59 - facturacion_facil.test_integration - INFO - facturas_methods.py:327 - 🔧 DEBUG: Resultado del diálogo directo: False
2025-11-11 10:37:59 - facturacion_facil.test_integration - INFO - facturas_methods.py:324 - 🔧 DEBUG: Usando diálogo directo con botones CONFIRMAR/CANCELAR...
2025-11-11 10:37:59 - facturacion_facil.test_integration - INFO - facturas_methods.py:327 - 🔧 DEBUG: Resultado del diálogo directo: True
2025-11-11 10:37:59 - facturacion_facil.test_integration - INFO - facturas_methods.py:572 - 🔄 INICIANDO actualización de stock para factura INT-TEST-1762853879
2025-11-11 10:37:59 - facturacion_facil.test_integration - INFO - facturas_methods.py:573 - 📦 Número de items a procesar: 1
2025-11-11 10:37:59 - facturacion_facil.test_integration - INFO - facturas_methods.py:580 - 📊 Procesando item 1/1
2025-11-11 10:37:59 - facturacion_facil.test_integration - INFO - facturas_methods.py:581 -    - Producto ID: 38
2025-11-11 10:37:59 - facturacion_facil.test_integration - INFO - facturas_methods.py:582 -    - Cantidad a descontar: 3
2025-11-11 10:37:59 - facturacion_facil.test_integration - INFO - facturas_methods.py:586 -    - Stock antes: 10
2025-11-11 10:37:59 - facturacion_facil.test_integration - INFO - facturas_methods.py:593 -    - Stock después: 7
2025-11-11 10:37:59 - facturacion_facil.test_integration - INFO - facturas_methods.py:598 -    ✅ Stock actualizado correctamente
2025-11-11 10:37:59 - facturacion_facil - DEBUG - logger.py:100 - DB UPDATE en stock: Producto Producto Integration Test 1762853879: 10→7 (Factura: INT-TEST-1762853879)
2025-11-11 10:37:59 - facturacion_facil.test_integration - INFO - facturas_methods.py:609 - Stock actualizado para producto Producto Integration Test 1762853879: -3 unidades (10→7)
2025-11-11 10:37:59 - facturacion_facil.test_integration - INFO - facturas_methods.py:611 - ✅ COMPLETADA actualización de stock para factura INT-TEST-1762853879
2025-11-11 10:39:45 - facturacion_facil - INFO - logger.py:75 - === Iniciando facturacion_facil ===
2025-11-11 10:39:45 - facturacion_facil - INFO - logger.py:76 - Directorio de logs: /home/pascal/development/for_django/facturacion_facil/logs
2025-11-11 10:39:45 - facturacion_facil - INFO - logger.py:86 - Python version: 3.13.7 (main, Sep 19 2025, 17:28:11) [GCC 14.2.0]
2025-11-11 10:39:45 - facturacion_facil - INFO - logger.py:87 - Directorio de trabajo: /home/pascal/development/for_django/facturacion_facil
2025-11-11 10:39:45 - facturacion_facil - INFO - logger.py:88 - Argumentos: ['main.py']
2025-11-11 10:39:45 - facturacion_facil - INFO - logger.py:138 - === Iniciando aplicación Facturación Fácil ===
2025-11-11 10:39:45 - facturacion_facil.force_copyable - INFO - force_copyable_dialogs.py:96 - 🔧 FORCE: Parche forzado aplicado a messagebox
2025-11-11 10:39:45 - facturacion_facil.force_copyable - INFO - force_copyable_dialogs.py:97 - 🔧 FORCE: TODOS los messagebox ahora usan diálogos copiables
2025-11-11 10:39:45 - facturacion_facil - INFO - logger.py:138 - 🔧 Parche FORZADO de mensajes copiables aplicado correctamente
2025-11-11 10:39:45 - facturacion_facil - INFO - logger.py:138 - 🎯 GARANTÍA: Todos los messagebox tendrán botón copiar
2025-11-11 10:39:45 - facturacion_facil - INFO - logger.py:138 - Inicializando base de datos...
2025-11-11 10:39:45 - facturacion_facil - INFO - logger.py:138 - Base de datos inicializada correctamente
2025-11-11 10:39:45 - facturacion_facil - INFO - logger.py:138 - Creando ventana principal
2025-11-11 10:39:45 - facturacion_facil - INFO - logger.py:138 - Iniciando bucle principal de la aplicación
2025-11-11 10:39:48 - facturacion_facil.treeview_sorter - INFO - treeview_sorter.py:39 - Configurado sorting para 5 columnas
2025-11-11 10:39:48 - facturacion_facil.stock_window - DEBUG - stock.py:429 - Actualizando display stock: 2 elementos
2025-11-11 10:39:48 - facturacion_facil.stock_window - DEBUG - stock.py:477 - Display stock actualizado correctamente
2025-11-11 10:39:48 - facturacion_facil.stock_window - INFO - stock.py:346 - Cargados 2 productos en stock (OPTIMIZADO)
2025-11-11 10:39:49 - facturacion_facil.stock_window - INFO - stock.py:492 - Stock seleccionado: Producto Botones Test 1 (ID: 39)
2025-11-11 10:39:50 - facturacion_facil.stock_window - INFO - stock.py:492 - Stock seleccionado: Producto Botones Test 1 (ID: 39)
2025-11-11 10:39:51 - facturacion_facil.stock_window - INFO - stock.py:492 - Stock seleccionado: Producto Botones Test 1 (ID: 39)
2025-11-11 10:39:51 - facturacion_facil.stock_window - INFO - stock.py:551 - 🚨 DEBUG: actualizar_stock_selected EJECUTADA
2025-11-11 10:39:51 - facturacion_facil.stock_window - INFO - stock.py:556 - 🚨 DEBUG: hasattr(self, 'selected_producto_id') = True
2025-11-11 10:39:51 - facturacion_facil.stock_window - INFO - stock.py:560 - 🚨 DEBUG: selected_producto_id = 39
2025-11-11 10:39:51 - facturacion_facil.stock_window - INFO - stock.py:599 - 🚨 DEBUG: PRODUCTO SELECCIONADO - continuando con actualización
2025-11-11 10:39:51 - facturacion_facil.stock_window - ERROR - stock.py:1080 - Error modificando stock: grab failed: window not viewable
2025-11-11 10:39:51 - facturacion_facil.window_manager - DEBUG - window_manager.py:42 - Ventana hecha visible: .!ctktoplevel.!ctktoplevel2
2025-11-11 10:39:51 - facturacion_facil.window_manager - DEBUG - window_manager.py:57 - Topmost removido de ventana: .!ctktoplevel.!ctktoplevel2
2025-11-11 10:40:09 - facturacion_facil.window_manager - DEBUG - window_manager.py:82 - Ventana cerrada exitosamente: .!ctktoplevel.!ctktoplevel2
2025-11-11 10:41:20 - facturacion_facil - INFO - logger.py:75 - === Iniciando facturacion_facil ===
2025-11-11 10:41:20 - facturacion_facil - INFO - logger.py:76 - Directorio de logs: /home/pascal/development/for_django/facturacion_facil/logs
2025-11-11 10:41:20 - facturacion_facil.treeview_sorter - INFO - treeview_sorter.py:39 - Configurado sorting para 5 columnas
2025-11-11 10:41:20 - facturacion_facil.stock_window - DEBUG - stock.py:429 - Actualizando display stock: 3 elementos
2025-11-11 10:41:20 - facturacion_facil.stock_window - DEBUG - stock.py:477 - Display stock actualizado correctamente
2025-11-11 10:41:20 - facturacion_facil.stock_window - INFO - stock.py:346 - Cargados 3 productos en stock (OPTIMIZADO)
2025-11-11 10:41:50 - facturacion_facil - INFO - logger.py:75 - === Iniciando facturacion_facil ===
2025-11-11 10:41:50 - facturacion_facil - INFO - logger.py:76 - Directorio de logs: /home/pascal/development/for_django/facturacion_facil/logs
2025-11-11 10:41:50 - facturacion_facil.test_database_manager - DEBUG - test_database_manager.py:53 - Base de données de test créée: test_test_stock_dialog_grab_error_fix_df7nhrnc.db
2025-11-11 10:41:50 - facturacion_facil.test_database_manager - DEBUG - test_database_manager.py:78 - Répertoire de test créé: test_test_stock_dialog_grab_error_fix_assets_dymnc73d
2025-11-11 10:41:51 - facturacion_facil.test_database_manager - DEBUG - test_database_manager.py:98 - Base de données supprimée: test_test_stock_dialog_grab_error_fix_df7nhrnc.db
2025-11-11 10:41:51 - facturacion_facil.test_database_manager - DEBUG - test_database_manager.py:109 - Répertoire supprimé: test_test_stock_dialog_grab_error_fix_assets_dymnc73d
2025-11-11 10:41:53 - facturacion_facil.test_database_manager - INFO - test_database_manager.py:141 - Toutes les ressources de test nettoyées
2025-11-11 10:42:27 - facturacion_facil - INFO - logger.py:75 - === Iniciando facturacion_facil ===
2025-11-11 10:42:27 - facturacion_facil - INFO - logger.py:76 - Directorio de logs: /home/pascal/development/for_django/facturacion_facil/logs
2025-11-11 10:42:28 - facturacion_facil.test_database_manager - INFO - test_database_manager.py:141 - Toutes les ressources de test nettoyées
2025-11-11 10:42:57 - facturacion_facil - INFO - logger.py:75 - === Iniciando facturacion_facil ===
2025-11-11 10:42:57 - facturacion_facil - INFO - logger.py:76 - Directorio de logs: /home/pascal/development/for_django/facturacion_facil/logs
2025-11-11 10:42:58 - facturacion_facil.test_database_manager - DEBUG - test_database_manager.py:53 - Base de données de test créée: test_test_stock_dialog_grab_error_fix_qe4fplcv.db
2025-11-11 10:42:58 - facturacion_facil.test_database_manager - DEBUG - test_database_manager.py:78 - Répertoire de test créé: test_test_stock_dialog_grab_error_fix_assets_wt8r3byt
2025-11-11 10:42:58 - facturacion_facil.mock_stock_window - WARNING - test_ui_improvements.py:374 - No se pudo hacer grab_set: grab failed: window not viewable
2025-11-11 10:42:58 - facturacion_facil.test_database_manager - DEBUG - test_database_manager.py:98 - Base de données supprimée: test_test_stock_dialog_grab_error_fix_qe4fplcv.db
2025-11-11 10:42:58 - facturacion_facil.test_database_manager - DEBUG - test_database_manager.py:109 - Répertoire supprimé: test_test_stock_dialog_grab_error_fix_assets_wt8r3byt
2025-11-11 10:43:00 - facturacion_facil.test_database_manager - INFO - test_database_manager.py:141 - Toutes les ressources de test nettoyées
2025-11-11 10:44:24 - facturacion_facil - INFO - logger.py:75 - === Iniciando facturacion_facil ===
2025-11-11 10:44:24 - facturacion_facil - INFO - logger.py:76 - Directorio de logs: /home/pascal/development/for_django/facturacion_facil/logs
2025-11-11 10:44:24 - facturacion_facil.test_database_manager - DEBUG - test_database_manager.py:53 - Base de données de test créée: test_test_safe_grab_set_method_exists_ilry2do3.db
2025-11-11 10:44:24 - facturacion_facil.test_database_manager - DEBUG - test_database_manager.py:78 - Répertoire de test créé: test_test_safe_grab_set_method_exists_assets_7xirkngg
2025-11-11 10:44:24 - facturacion_facil.test_database_manager - DEBUG - test_database_manager.py:98 - Base de données supprimée: test_test_safe_grab_set_method_exists_ilry2do3.db
2025-11-11 10:44:24 - facturacion_facil.test_database_manager - DEBUG - test_database_manager.py:109 - Répertoire supprimé: test_test_safe_grab_set_method_exists_assets_7xirkngg
2025-11-11 10:44:24 - facturacion_facil.test_database_manager - DEBUG - test_database_manager.py:53 - Base de données de test créée: test_test_safe_grab_set_with_valid_window_up6a772i.db
2025-11-11 10:44:24 - facturacion_facil.test_database_manager - DEBUG - test_database_manager.py:78 - Répertoire de test créé: test_test_safe_grab_set_with_valid_window_assets_8p9_rzq1
2025-11-11 10:44:24 - facturacion_facil.test_database_manager - DEBUG - test_database_manager.py:98 - Base de données supprimée: test_test_safe_grab_set_with_valid_window_up6a772i.db
2025-11-11 10:44:24 - facturacion_facil.test_database_manager - DEBUG - test_database_manager.py:109 - Répertoire supprimé: test_test_safe_grab_set_with_valid_window_assets_8p9_rzq1
2025-11-11 10:44:24 - facturacion_facil.test_database_manager - DEBUG - test_database_manager.py:53 - Base de données de test créée: test_test_safe_grab_set_with_invalid_window_vkx71729.db
2025-11-11 10:44:24 - facturacion_facil.test_database_manager - DEBUG - test_database_manager.py:78 - Répertoire de test créé: test_test_safe_grab_set_with_invalid_window_assets_yvf7gmpx
2025-11-11 10:44:24 - facturacion_facil.test_database_manager - DEBUG - test_database_manager.py:98 - Base de données supprimée: test_test_safe_grab_set_with_invalid_window_vkx71729.db
2025-11-11 10:44:24 - facturacion_facil.test_database_manager - DEBUG - test_database_manager.py:109 - Répertoire supprimé: test_test_safe_grab_set_with_invalid_window_assets_yvf7gmpx
2025-11-11 10:44:24 - facturacion_facil.test_database_manager - DEBUG - test_database_manager.py:53 - Base de données de test créée: test_test_safe_grab_set_handles_grab_exceptions_1qjp58h5.db
2025-11-11 10:44:24 - facturacion_facil.test_database_manager - DEBUG - test_database_manager.py:78 - Répertoire de test créé: test_test_safe_grab_set_handles_grab_exceptions_assets_no4hcfkh
2025-11-11 10:44:24 - facturacion_facil.mock_stock_window - WARNING - test_stock_grab_error_fix.py:141 - No se pudo hacer grab_set: grab failed: window not viewable
2025-11-11 10:44:24 - facturacion_facil.test_database_manager - DEBUG - test_database_manager.py:98 - Base de données supprimée: test_test_safe_grab_set_handles_grab_exceptions_1qjp58h5.db
2025-11-11 10:44:24 - facturacion_facil.test_database_manager - DEBUG - test_database_manager.py:109 - Répertoire supprimé: test_test_safe_grab_set_handles_grab_exceptions_assets_no4hcfkh
2025-11-11 10:44:24 - facturacion_facil.test_database_manager - DEBUG - test_database_manager.py:53 - Base de données de test créée: test_test_stock_dialog_positioning_safety_g1_yky9n.db
2025-11-11 10:44:24 - facturacion_facil.test_database_manager - DEBUG - test_database_manager.py:78 - Répertoire de test créé: test_test_stock_dialog_positioning_safety_assets_9azgr23k
2025-11-11 10:44:24 - facturacion_facil.test_database_manager - DEBUG - test_database_manager.py:98 - Base de données supprimée: test_test_stock_dialog_positioning_safety_g1_yky9n.db
2025-11-11 10:44:24 - facturacion_facil.test_database_manager - DEBUG - test_database_manager.py:109 - Répertoire supprimé: test_test_stock_dialog_positioning_safety_assets_9azgr23k
2025-11-11 10:44:26 - facturacion_facil.test_database_manager - INFO - test_database_manager.py:141 - Toutes les ressources de test nettoyées
2025-11-11 10:46:25 - facturacion_facil - INFO - logger.py:75 - === Iniciando facturacion_facil ===
2025-11-11 10:46:25 - facturacion_facil - INFO - logger.py:76 - Directorio de logs: /home/pascal/development/for_django/facturacion_facil/logs
2025-11-11 10:46:25 - facturacion_facil - INFO - logger.py:86 - Python version: 3.13.7 (main, Sep 19 2025, 17:28:11) [GCC 14.2.0]
2025-11-11 10:46:25 - facturacion_facil - INFO - logger.py:87 - Directorio de trabajo: /home/pascal/development/for_django/facturacion_facil
2025-11-11 10:46:25 - facturacion_facil - INFO - logger.py:88 - Argumentos: ['main.py']
2025-11-11 10:46:25 - facturacion_facil - INFO - logger.py:138 - === Iniciando aplicación Facturación Fácil ===
2025-11-11 10:46:25 - facturacion_facil.force_copyable - INFO - force_copyable_dialogs.py:96 - 🔧 FORCE: Parche forzado aplicado a messagebox
2025-11-11 10:46:25 - facturacion_facil.force_copyable - INFO - force_copyable_dialogs.py:97 - 🔧 FORCE: TODOS los messagebox ahora usan diálogos copiables
2025-11-11 10:46:25 - facturacion_facil - INFO - logger.py:138 - 🔧 Parche FORZADO de mensajes copiables aplicado correctamente
2025-11-11 10:46:25 - facturacion_facil - INFO - logger.py:138 - 🎯 GARANTÍA: Todos los messagebox tendrán botón copiar
2025-11-11 10:46:25 - facturacion_facil - INFO - logger.py:138 - Inicializando base de datos...
2025-11-11 10:46:25 - facturacion_facil - INFO - logger.py:138 - Base de datos inicializada correctamente
2025-11-11 10:46:25 - facturacion_facil - INFO - logger.py:138 - Creando ventana principal
2025-11-11 10:46:25 - facturacion_facil - INFO - logger.py:138 - Iniciando bucle principal de la aplicación
2025-11-11 10:46:28 - facturacion_facil.treeview_sorter - INFO - treeview_sorter.py:39 - Configurado sorting para 5 columnas
2025-11-11 10:46:28 - facturacion_facil.stock_window - DEBUG - stock.py:429 - Actualizando display stock: 3 elementos
2025-11-11 10:46:28 - facturacion_facil.stock_window - DEBUG - stock.py:477 - Display stock actualizado correctamente
2025-11-11 10:46:28 - facturacion_facil.stock_window - INFO - stock.py:346 - Cargados 3 productos en stock (OPTIMIZADO)
2025-11-11 10:46:30 - facturacion_facil.stock_window - INFO - stock.py:492 - Stock seleccionado: Producto Botones Test 1 (ID: 39)
2025-11-11 10:46:31 - facturacion_facil.stock_window - INFO - stock.py:551 - 🚨 DEBUG: actualizar_stock_selected EJECUTADA
2025-11-11 10:46:31 - facturacion_facil.stock_window - INFO - stock.py:556 - 🚨 DEBUG: hasattr(self, 'selected_producto_id') = True
2025-11-11 10:46:31 - facturacion_facil.stock_window - INFO - stock.py:560 - 🚨 DEBUG: selected_producto_id = 39
2025-11-11 10:46:31 - facturacion_facil.stock_window - INFO - stock.py:599 - 🚨 DEBUG: PRODUCTO SELECCIONADO - continuando con actualización
2025-11-11 10:46:35 - facturacion_facil.stock_window - INFO - stock.py:385 - Forzando recarga de datos de stock sin cache
2025-11-11 10:46:35 - facturacion_facil.stock_window - DEBUG - stock.py:391 - Cache invalidado
2025-11-11 10:46:35 - facturacion_facil.stock_window - DEBUG - stock.py:429 - Actualizando display stock: 3 elementos
2025-11-11 10:46:35 - facturacion_facil.stock_window - DEBUG - stock.py:477 - Display stock actualizado correctamente
2025-11-11 10:46:35 - facturacion_facil.stock_window - INFO - stock.py:419 - Recarga forzada completada: 3 productos
2025-11-11 10:46:35 - facturacion_facil.stock_window - INFO - stock.py:1216 - Stock modificado para producto 39: 12 -> 13
2025-11-11 10:46:35 - facturacion_facil.window_manager - DEBUG - window_manager.py:42 - Ventana hecha visible: .!ctktoplevel.!ctktoplevel2
2025-11-11 10:46:35 - facturacion_facil.window_manager - DEBUG - window_manager.py:57 - Topmost removido de ventana: .!ctktoplevel.!ctktoplevel2
2025-11-11 10:46:38 - facturacion_facil.window_manager - DEBUG - window_manager.py:82 - Ventana cerrada exitosamente: .!ctktoplevel.!ctktoplevel2
2025-11-11 10:46:42 - facturacion_facil.stock_window - INFO - stock.py:492 - Stock seleccionado: Producto Botones Test 2 (ID: 40)
2025-11-11 10:46:43 - facturacion_facil.stock_window - INFO - stock.py:492 - Stock seleccionado: Producto Botones Test 2 (ID: 40)
2025-11-11 10:46:43 - facturacion_facil.stock_window - INFO - stock.py:551 - 🚨 DEBUG: actualizar_stock_selected EJECUTADA
2025-11-11 10:46:43 - facturacion_facil.stock_window - INFO - stock.py:556 - 🚨 DEBUG: hasattr(self, 'selected_producto_id') = True
2025-11-11 10:46:43 - facturacion_facil.stock_window - INFO - stock.py:560 - 🚨 DEBUG: selected_producto_id = 40
2025-11-11 10:46:43 - facturacion_facil.stock_window - INFO - stock.py:599 - 🚨 DEBUG: PRODUCTO SELECCIONADO - continuando con actualización
2025-11-11 10:46:47 - facturacion_facil.stock_window - INFO - stock.py:385 - Forzando recarga de datos de stock sin cache
2025-11-11 10:46:47 - facturacion_facil.stock_window - DEBUG - stock.py:391 - Cache invalidado
2025-11-11 10:46:47 - facturacion_facil.stock_window - DEBUG - stock.py:429 - Actualizando display stock: 3 elementos
2025-11-11 10:46:47 - facturacion_facil.stock_window - DEBUG - stock.py:477 - Display stock actualizado correctamente
2025-11-11 10:46:47 - facturacion_facil.stock_window - INFO - stock.py:419 - Recarga forzada completada: 3 productos
2025-11-11 10:46:47 - facturacion_facil.stock_window - INFO - stock.py:1216 - Stock modificado para producto 40: 5 -> 4
2025-11-11 10:46:47 - facturacion_facil.window_manager - DEBUG - window_manager.py:42 - Ventana hecha visible: .!ctktoplevel.!ctktoplevel4
2025-11-11 10:46:47 - facturacion_facil.window_manager - DEBUG - window_manager.py:57 - Topmost removido de ventana: .!ctktoplevel.!ctktoplevel4
2025-11-11 10:46:49 - facturacion_facil.window_manager - DEBUG - window_manager.py:82 - Ventana cerrada exitosamente: .!ctktoplevel.!ctktoplevel4
2025-11-11 10:47:00 - facturacion_facil.treeview_sorter - INFO - treeview_sorter.py:39 - Configurado sorting para 5 columnas
2025-11-11 10:47:00 - facturacion_facil.stock_window - DEBUG - stock.py:429 - Actualizando display stock: 3 elementos
2025-11-11 10:47:00 - facturacion_facil.stock_window - DEBUG - stock.py:477 - Display stock actualizado correctamente
2025-11-11 10:47:00 - facturacion_facil.stock_window - INFO - stock.py:346 - Cargados 3 productos en stock (OPTIMIZADO)
2025-11-11 10:47:04 - facturacion_facil.treeview_sorter - INFO - treeview_sorter.py:39 - Configurado sorting para 4 columnas
2025-11-11 10:47:04 - facturacion_facil.facturaswindow - INFO - facturas.py:380 - Cargadas 0 facturas (OPTIMIZADO - résumé)
2025-11-11 10:47:04 - facturacion_facil.facturaswindow - INFO - facturas.py:412 - Cargados 3 productos disponibles con información de stock (OPTIMIZADO)
2025-11-11 10:47:04 - facturacion_facil.facturaswindow - INFO - facturas.py:38 - Ventana de facturas inicializada correctamente
2025-11-11 10:47:16 - facturacion_facil.producto_list_widget - DEBUG - producto_list_widget.py:179 - Tous les items supprimés
2025-11-11 10:47:16 - facturacion_facil.facturaswindow - DEBUG - facturas.py:575 - Formulario de factura limpiado
2025-11-11 10:47:16 - facturacion_facil.utils.factura_numbering - INFO - factura_numbering.py:39 - Siguiente número de factura sugerido: FACT-500-2025
2025-11-11 10:47:16 - facturacion_facil - INFO - logger.py:96 - Acción usuario: Número de factura inicializado - Número: FACT-500-2025
2025-11-11 10:47:16 - facturacion_facil.facturaswindow - INFO - facturas.py:530 - Nueva factura iniciada
2025-11-11 10:47:16 - facturacion_facil - INFO - logger.py:96 - Acción usuario: Nueva factura - Formulario preparado
2025-11-11 10:47:52 - facturacion_facil.simple_producto_autocomplete - WARNING - simple_producto_autocomplete.py:109 - Error obteniendo stock para producto 39: type object 'Stock' has no attribute 'get_by_producto_id'
2025-11-11 10:47:52 - facturacion_facil.simple_producto_autocomplete - WARNING - simple_producto_autocomplete.py:109 - Error obteniendo stock para producto 40: type object 'Stock' has no attribute 'get_by_producto_id'
2025-11-11 10:47:52 - facturacion_facil.simple_producto_autocomplete - WARNING - simple_producto_autocomplete.py:109 - Error obteniendo stock para producto 41: type object 'Stock' has no attribute 'get_by_producto_id'
2025-11-11 10:47:52 - facturacion_facil.simple_producto_autocomplete - INFO - simple_producto_autocomplete.py:130 - Cargados 3 productos para autocompletado
2025-11-11 10:47:53 - facturacion_facil.producto_factura_dialog - INFO - producto_factura_dialog.py:688 - Interceptor de scroll basado en foco instalado
2025-11-11 10:48:00 - facturacion_facil.simple_producto_autocomplete - INFO - simple_producto_autocomplete.py:335 - Refrescando datos de productos...
2025-11-11 10:48:00 - facturacion_facil.simple_producto_autocomplete - WARNING - simple_producto_autocomplete.py:109 - Error obteniendo stock para producto 39: type object 'Stock' has no attribute 'get_by_producto_id'
2025-11-11 10:48:00 - facturacion_facil.simple_producto_autocomplete - WARNING - simple_producto_autocomplete.py:109 - Error obteniendo stock para producto 40: type object 'Stock' has no attribute 'get_by_producto_id'
2025-11-11 10:48:00 - facturacion_facil.simple_producto_autocomplete - WARNING - simple_producto_autocomplete.py:109 - Error obteniendo stock para producto 41: type object 'Stock' has no attribute 'get_by_producto_id'
2025-11-11 10:48:00 - facturacion_facil.simple_producto_autocomplete - INFO - simple_producto_autocomplete.py:130 - Cargados 3 productos para autocompletado
2025-11-11 10:48:00 - facturacion_facil.producto_factura_dialog - INFO - producto_factura_dialog.py:228 - Datos de productos actualizados
2025-11-11 10:48:06 - facturacion_facil.simple_producto_autocomplete - DEBUG - simple_producto_autocomplete.py:169 - Filtradas 2 sugerencias para 'pr'
2025-11-11 10:48:06 - facturacion_facil.simple_producto_autocomplete - DEBUG - simple_producto_autocomplete.py:193 - Dropdown mostrado
2025-11-11 10:48:07 - facturacion_facil.simple_producto_autocomplete - DEBUG - simple_producto_autocomplete.py:169 - Filtradas 2 sugerencias para 'pro'
2025-11-11 10:48:10 - facturacion_facil.simple_producto_autocomplete - DEBUG - simple_producto_autocomplete.py:200 - Dropdown ocultado
2025-11-11 10:48:10 - facturacion_facil.producto_factura_dialog - INFO - producto_factura_dialog.py:159 - Producto seleccionado: Producto Botones Test 2 - PBT002
2025-11-11 10:48:10 - facturacion_facil.producto_factura_dialog - ERROR - producto_factura_dialog.py:171 - Error al seleccionar producto: 'ProductoFacturaDialog' object has no attribute 'update_totales_preview'
2025-11-11 10:48:10 - facturacion_facil.simple_producto_autocomplete - INFO - simple_producto_autocomplete.py:220 - Seleccionado: Producto Botones Test 2 - PBT002
2025-11-11 10:48:20 - facturacion_facil.simple_producto_autocomplete - DEBUG - simple_producto_autocomplete.py:169 - Filtradas 0 sugerencias para 'Producto Botones Test 2 - PBT002'
2025-11-11 10:48:26 - facturacion_facil.producto_factura_dialog - INFO - producto_factura_dialog.py:613 - Interceptor de scroll basado en foco removido
2025-11-11 10:48:26 - facturacion_facil.producto_list_widget - DEBUG - producto_list_widget.py:179 - Tous les items supprimés
2025-11-11 10:48:26 - facturacion_facil.producto_list_widget - DEBUG - producto_list_widget.py:167 - Item ajouté: Producto Botones Test 2
2025-11-11 10:48:26 - facturacion_facil.producto_list_widget - DEBUG - producto_list_widget.py:223 - Liste mise à jour avec 1 items
2025-11-11 10:48:26 - facturacion_facil - INFO - logger.py:96 - Acción usuario: Producto agregado a factura - Producto ID: 40, Cantidad: 2
2025-11-11 10:48:38 - facturacion_facil.facturaswindow - INFO - facturas.py:431 - 🔧 DEBUG: Botón guardar presionado
2025-11-11 10:48:38 - facturacion_facil.facturaswindow - INFO - facturas.py:432 - 🔧 DEBUG: Método guardar_factura disponible: True
2025-11-11 10:48:38 - facturacion_facil.facturaswindow - INFO - facturas.py:433 - 🔧 DEBUG: Tipo de guardar_factura: <class 'method'>
2025-11-11 10:48:38 - facturacion_facil.facturaswindow - INFO - facturas.py:436 - 🔧 DEBUG: current_factura: <database.models.Factura object at 0x7f2ede18d7f0>
2025-11-11 10:48:38 - facturacion_facil.facturaswindow - INFO - facturas.py:437 - 🔧 DEBUG: factura_items: 1
2025-11-11 10:48:38 - facturacion_facil.facturaswindow - INFO - facturas.py:441 - 🔧 DEBUG: Llamando a guardar_factura...
2025-11-11 10:48:38 - facturacion_facil.facturaswindow - WARNING - facturas_methods.py:114 - Stock bajo para producto Producto Botones Test 2: 4 unidades
2025-11-11 10:48:38 - facturacion_facil.facturaswindow - INFO - facturas_methods.py:509 - 🔧 DEBUG: Mostrando resumen de impacto en stock...
2025-11-11 10:48:38 - facturacion_facil.facturaswindow - INFO - facturas_methods.py:324 - 🔧 DEBUG: Usando diálogo directo con botones CONFIRMAR/CANCELAR...
2025-11-11 10:48:46 - facturacion_facil.facturaswindow - INFO - facturas_methods.py:327 - 🔧 DEBUG: Resultado del diálogo directo: True
2025-11-11 10:48:46 - facturacion_facil.facturaswindow - INFO - facturas_methods.py:511 - 🔧 DEBUG: Resultado del resumen de stock: True
2025-11-11 10:48:46 - facturacion_facil.facturaswindow - INFO - facturas_methods.py:517 - 🔧 DEBUG: Usuario CONFIRMÓ continuar con la factura
2025-11-11 10:48:46 - facturacion_facil.facturaswindow - INFO - facturas_methods.py:540 - 💾 Guardando factura FACT-500-2025 en base de datos...
2025-11-11 10:48:46 - facturacion_facil.facturaswindow - INFO - facturas_methods.py:542 - ✅ Factura guardada con ID: 9
2025-11-11 10:48:46 - facturacion_facil.facturaswindow - INFO - facturas_methods.py:545 - 📊 Iniciando actualización de stock para factura FACT-500-2025...
2025-11-11 10:48:46 - facturacion_facil.facturaswindow - INFO - facturas_methods.py:572 - 🔄 INICIANDO actualización de stock para factura FACT-500-2025
2025-11-11 10:48:46 - facturacion_facil.facturaswindow - INFO - facturas_methods.py:573 - 📦 Número de items a procesar: 1
2025-11-11 10:48:46 - facturacion_facil.facturaswindow - INFO - facturas_methods.py:580 - 📊 Procesando item 1/1
2025-11-11 10:48:46 - facturacion_facil.facturaswindow - INFO - facturas_methods.py:581 -    - Producto ID: 40
2025-11-11 10:48:46 - facturacion_facil.facturaswindow - INFO - facturas_methods.py:582 -    - Cantidad a descontar: 2
2025-11-11 10:48:46 - facturacion_facil.facturaswindow - INFO - facturas_methods.py:586 -    - Stock antes: 4
2025-11-11 10:48:46 - facturacion_facil.facturaswindow - INFO - facturas_methods.py:593 -    - Stock después: 2
2025-11-11 10:48:46 - facturacion_facil.facturaswindow - INFO - facturas_methods.py:598 -    ✅ Stock actualizado correctamente
2025-11-11 10:48:46 - facturacion_facil - DEBUG - logger.py:100 - DB UPDATE en stock: Producto Producto Botones Test 2: 4→2 (Factura: FACT-500-2025)
2025-11-11 10:48:46 - facturacion_facil.facturaswindow - INFO - facturas_methods.py:609 - Stock actualizado para producto Producto Botones Test 2: -2 unidades (4→2)
2025-11-11 10:48:46 - facturacion_facil.facturaswindow - INFO - facturas_methods.py:611 - ✅ COMPLETADA actualización de stock para factura FACT-500-2025
2025-11-11 10:48:46 - facturacion_facil.facturaswindow - INFO - facturas_methods.py:547 - ✅ Actualización de stock completada
2025-11-11 10:48:46 - facturacion_facil.utils.factura_numbering - INFO - factura_numbering.py:190 - Número de factura usado: FACT-500-2025 (número: 500)
2025-11-11 10:48:46 - facturacion_facil.facturaswindow - INFO - facturas.py:380 - Cargadas 1 facturas (OPTIMIZADO - résumé)
2025-11-11 10:48:46 - facturacion_facil.producto_list_widget - DEBUG - producto_list_widget.py:179 - Tous les items supprimés
2025-11-11 10:48:46 - facturacion_facil.facturaswindow - DEBUG - facturas.py:575 - Formulario de factura limpiado
2025-11-11 10:48:46 - facturacion_facil.utils.factura_numbering - INFO - factura_numbering.py:39 - Siguiente número de factura sugerido: FACT-501-2025
2025-11-11 10:48:46 - facturacion_facil - INFO - logger.py:96 - Acción usuario: Número de factura inicializado - Número: FACT-501-2025
2025-11-11 10:48:46 - facturacion_facil.facturaswindow - INFO - facturas.py:530 - Nueva factura iniciada
2025-11-11 10:48:46 - facturacion_facil - INFO - logger.py:96 - Acción usuario: Nueva factura - Formulario preparado
2025-11-11 10:48:46 - facturacion_facil.window_manager - DEBUG - window_manager.py:42 - Ventana hecha visible: .!ctktoplevel3.!ctktoplevel2
2025-11-11 10:48:47 - facturacion_facil.window_manager - DEBUG - window_manager.py:57 - Topmost removido de ventana: .!ctktoplevel3.!ctktoplevel2
2025-11-11 10:48:49 - facturacion_facil.window_manager - DEBUG - window_manager.py:82 - Ventana cerrada exitosamente: .!ctktoplevel3.!ctktoplevel2
2025-11-11 10:48:49 - facturacion_facil - DEBUG - logger.py:100 - DB INSERT/UPDATE en facturas: Factura 
2025-11-11 10:48:49 - facturacion_facil - INFO - logger.py:96 - Acción usuario: Factura guardada - Número: 
2025-11-11 10:48:49 - facturacion_facil.facturaswindow - INFO - facturas.py:444 - 🔧 DEBUG: guardar_factura completado SIN ERRORES
2025-11-11 10:48:53 - facturacion_facil.stock_window - DEBUG - stock.py:429 - Actualizando display stock: 3 elementos
2025-11-11 10:48:53 - facturacion_facil.stock_window - DEBUG - stock.py:477 - Display stock actualizado correctamente
2025-11-11 10:48:53 - facturacion_facil.stock_window - INFO - stock.py:346 - Cargados 3 productos en stock (OPTIMIZADO)
2025-11-11 10:49:03 - facturacion_facil.facturaswindow - INFO - facturas.py:474 - 🔍 DEBUG: Buscando factura con número: FACT-500-2025
2025-11-11 10:49:03 - facturacion_facil.facturaswindow - INFO - facturas.py:476 - 🔍 DEBUG: Factura encontrada: True
2025-11-11 10:49:03 - facturacion_facil.facturaswindow - INFO - facturas.py:479 - 🔍 DEBUG: Factura ID: 9, Items: 1
2025-11-11 10:49:03 - facturacion_facil.producto_list_widget - DEBUG - producto_list_widget.py:179 - Tous les items supprimés
2025-11-11 10:49:03 - facturacion_facil.producto_list_widget - DEBUG - producto_list_widget.py:167 - Item ajouté: Producto Botones Test 2
2025-11-11 10:49:03 - facturacion_facil.producto_list_widget - DEBUG - producto_list_widget.py:223 - Liste mise à jour avec 1 items
2025-11-11 10:49:03 - facturacion_facil.facturaswindow - INFO - facturas.py:608 - Factura cargada en formulario: FACT-500-2025
2025-11-11 10:49:03 - facturacion_facil.facturaswindow - INFO - facturas.py:490 - Factura seleccionada y cargada para edición: FACT-500-2025
2025-11-11 10:49:03 - facturacion_facil - INFO - logger.py:96 - Acción usuario: Factura en edición automática - Número: FACT-500-2025
2025-11-11 10:52:13 - facturacion_facil - INFO - logger.py:75 - === Iniciando facturacion_facil ===
2025-11-11 10:52:13 - facturacion_facil - INFO - logger.py:76 - Directorio de logs: /home/pascal/development/for_django/facturacion_facil/logs
2025-11-11 10:52:36 - facturacion_facil - INFO - logger.py:75 - === Iniciando facturacion_facil ===
2025-11-11 10:52:36 - facturacion_facil - INFO - logger.py:76 - Directorio de logs: /home/pascal/development/for_django/facturacion_facil/logs
2025-11-11 10:53:02 - facturacion_facil - INFO - logger.py:75 - === Iniciando facturacion_facil ===
2025-11-11 10:53:02 - facturacion_facil - INFO - logger.py:76 - Directorio de logs: /home/pascal/development/for_django/facturacion_facil/logs
2025-11-11 10:53:02 - facturacion_facil.treeview_sorter - INFO - treeview_sorter.py:39 - Configurado sorting para 4 columnas
2025-11-11 10:53:03 - facturacion_facil.facturaswindow - INFO - facturas.py:381 - Cargadas 4 facturas (OPTIMIZADO - résumé)
2025-11-11 10:53:03 - facturacion_facil.facturaswindow - INFO - facturas.py:413 - Cargados 3 productos disponibles con información de stock (OPTIMIZADO)
2025-11-11 10:53:03 - facturacion_facil.facturaswindow - INFO - facturas.py:38 - Ventana de facturas inicializada correctamente
2025-11-11 10:53:21 - facturacion_facil - INFO - logger.py:75 - === Iniciando facturacion_facil ===
2025-11-11 10:53:21 - facturacion_facil - INFO - logger.py:76 - Directorio de logs: /home/pascal/development/for_django/facturacion_facil/logs
2025-11-11 10:53:38 - facturacion_facil - INFO - logger.py:75 - === Iniciando facturacion_facil ===
2025-11-11 10:53:38 - facturacion_facil - INFO - logger.py:76 - Directorio de logs: /home/pascal/development/for_django/facturacion_facil/logs
2025-11-11 10:53:38 - facturacion_facil.treeview_sorter - INFO - treeview_sorter.py:39 - Configurado sorting para 4 columnas
2025-11-11 10:53:39 - facturacion_facil.facturaswindow - INFO - facturas.py:381 - Cargadas 7 facturas (OPTIMIZADO - résumé)
2025-11-11 10:53:39 - facturacion_facil.facturaswindow - INFO - facturas.py:413 - Cargados 3 productos disponibles con información de stock (OPTIMIZADO)
2025-11-11 10:53:39 - facturacion_facil.facturaswindow - INFO - facturas.py:38 - Ventana de facturas inicializada correctamente
2025-11-11 10:53:39 - facturacion_facil.facturaswindow - INFO - facturas.py:381 - Cargadas 7 facturas (OPTIMIZADO - résumé)
2025-11-11 10:53:39 - facturacion_facil.producto_list_widget - DEBUG - producto_list_widget.py:179 - Tous les items supprimés
2025-11-11 10:53:39 - facturacion_facil.facturaswindow - DEBUG - facturas.py:576 - Formulario de factura limpiado
2025-11-11 10:53:39 - facturacion_facil.utils.factura_numbering - INFO - factura_numbering.py:39 - Siguiente número de factura sugerido: FACT-1762854819-2025
2025-11-11 10:53:39 - facturacion_facil - INFO - logger.py:96 - Acción usuario: Número de factura inicializado - Número: FACT-1762854819-2025
2025-11-11 10:53:39 - facturacion_facil.facturaswindow - INFO - facturas.py:531 - Nueva factura iniciada
2025-11-11 10:53:39 - facturacion_facil - INFO - logger.py:96 - Acción usuario: Nueva factura - Formulario preparado
2025-11-11 10:54:28 - facturacion_facil - INFO - logger.py:75 - === Iniciando facturacion_facil ===
2025-11-11 10:54:28 - facturacion_facil - INFO - logger.py:76 - Directorio de logs: /home/pascal/development/for_django/facturacion_facil/logs
2025-11-11 10:54:28 - facturacion_facil - INFO - logger.py:86 - Python version: 3.13.7 (main, Sep 19 2025, 17:28:11) [GCC 14.2.0]
2025-11-11 10:54:28 - facturacion_facil - INFO - logger.py:87 - Directorio de trabajo: /home/pascal/development/for_django/facturacion_facil
2025-11-11 10:54:28 - facturacion_facil - INFO - logger.py:88 - Argumentos: ['main.py']
2025-11-11 10:54:28 - facturacion_facil - INFO - logger.py:138 - === Iniciando aplicación Facturación Fácil ===
2025-11-11 10:54:28 - facturacion_facil.force_copyable - INFO - force_copyable_dialogs.py:96 - 🔧 FORCE: Parche forzado aplicado a messagebox
2025-11-11 10:54:28 - facturacion_facil.force_copyable - INFO - force_copyable_dialogs.py:97 - 🔧 FORCE: TODOS los messagebox ahora usan diálogos copiables
2025-11-11 10:54:28 - facturacion_facil - INFO - logger.py:138 - 🔧 Parche FORZADO de mensajes copiables aplicado correctamente
2025-11-11 10:54:28 - facturacion_facil - INFO - logger.py:138 - 🎯 GARANTÍA: Todos los messagebox tendrán botón copiar
2025-11-11 10:54:28 - facturacion_facil - INFO - logger.py:138 - Inicializando base de datos...
2025-11-11 10:54:28 - facturacion_facil - INFO - logger.py:138 - Base de datos inicializada correctamente
2025-11-11 10:54:28 - facturacion_facil - INFO - logger.py:138 - Creando ventana principal
2025-11-11 10:54:28 - facturacion_facil - INFO - logger.py:138 - Iniciando bucle principal de la aplicación
2025-11-11 10:55:08 - facturacion_facil - INFO - logger.py:75 - === Iniciando facturacion_facil ===
2025-11-11 10:55:08 - facturacion_facil - INFO - logger.py:76 - Directorio de logs: /home/pascal/development/for_django/facturacion_facil/logs
2025-11-11 10:55:11 - facturacion_facil.test_database_manager - INFO - test_database_manager.py:141 - Toutes les ressources de test nettoyées
2025-11-11 10:55:29 - facturacion_facil - INFO - logger.py:75 - === Iniciando facturacion_facil ===
2025-11-11 10:55:29 - facturacion_facil - INFO - logger.py:76 - Directorio de logs: /home/pascal/development/for_django/facturacion_facil/logs
2025-11-11 10:55:31 - facturacion_facil.test_database_manager - INFO - test_database_manager.py:141 - Toutes les ressources de test nettoyées
2025-11-11 10:56:33 - facturacion_facil - INFO - logger.py:75 - === Iniciando facturacion_facil ===
2025-11-11 10:56:33 - facturacion_facil - INFO - logger.py:76 - Directorio de logs: /home/pascal/development/for_django/facturacion_facil/logs
2025-11-11 10:56:33 - facturacion_facil.test_database_manager - DEBUG - test_database_manager.py:53 - Base de données de test créée: test_test_facturas_vertical_layout_rih95x50.db
2025-11-11 10:56:33 - facturacion_facil.test_database_manager - DEBUG - test_database_manager.py:78 - Répertoire de test créé: test_test_facturas_vertical_layout_assets_84y85d3p
2025-11-11 10:56:34 - facturacion_facil.treeview_sorter - INFO - treeview_sorter.py:39 - Configurado sorting para 4 columnas
2025-11-11 10:56:34 - facturacion_facil.facturaswindow - INFO - facturas.py:381 - Cargadas 3 facturas (OPTIMIZADO - résumé)
2025-11-11 10:56:34 - facturacion_facil.facturaswindow - INFO - facturas.py:413 - Cargados 0 productos disponibles con información de stock (OPTIMIZADO)
2025-11-11 10:56:34 - facturacion_facil.facturaswindow - INFO - facturas.py:38 - Ventana de facturas inicializada correctamente
2025-11-11 10:56:35 - facturacion_facil.facturaswindow - INFO - facturas.py:381 - Cargadas 3 facturas (OPTIMIZADO - résumé)
2025-11-11 10:56:35 - facturacion_facil.producto_list_widget - DEBUG - producto_list_widget.py:179 - Tous les items supprimés
2025-11-11 10:56:35 - facturacion_facil.facturaswindow - DEBUG - facturas.py:576 - Formulario de factura limpiado
2025-11-11 10:56:35 - facturacion_facil.utils.factura_numbering - INFO - factura_numbering.py:39 - Siguiente número de factura sugerido: FACT-1762854819-2025
2025-11-11 10:56:35 - facturacion_facil - INFO - logger.py:96 - Acción usuario: Número de factura inicializado - Número: FACT-1762854819-2025
2025-11-11 10:56:35 - facturacion_facil.facturaswindow - INFO - facturas.py:531 - Nueva factura iniciada
2025-11-11 10:56:35 - facturacion_facil - INFO - logger.py:96 - Acción usuario: Nueva factura - Formulario preparado
2025-11-11 10:56:35 - facturacion_facil.test_database_manager - DEBUG - test_database_manager.py:98 - Base de données supprimée: test_test_facturas_vertical_layout_rih95x50.db
2025-11-11 10:56:35 - facturacion_facil.test_database_manager - DEBUG - test_database_manager.py:109 - Répertoire supprimé: test_test_facturas_vertical_layout_assets_84y85d3p
2025-11-11 10:56:37 - facturacion_facil.test_database_manager - INFO - test_database_manager.py:141 - Toutes les ressources de test nettoyées
2025-11-11 10:57:20 - facturacion_facil - INFO - logger.py:75 - === Iniciando facturacion_facil ===
2025-11-11 10:57:20 - facturacion_facil - INFO - logger.py:76 - Directorio de logs: /home/pascal/development/for_django/facturacion_facil/logs
2025-11-11 10:57:20 - facturacion_facil - INFO - logger.py:86 - Python version: 3.13.7 (main, Sep 19 2025, 17:28:11) [GCC 14.2.0]
2025-11-11 10:57:20 - facturacion_facil - INFO - logger.py:87 - Directorio de trabajo: /home/pascal/development/for_django/facturacion_facil
2025-11-11 10:57:20 - facturacion_facil - INFO - logger.py:88 - Argumentos: ['main.py']
2025-11-11 10:57:20 - facturacion_facil - INFO - logger.py:138 - === Iniciando aplicación Facturación Fácil ===
2025-11-11 10:57:20 - facturacion_facil.force_copyable - INFO - force_copyable_dialogs.py:96 - 🔧 FORCE: Parche forzado aplicado a messagebox
2025-11-11 10:57:20 - facturacion_facil.force_copyable - INFO - force_copyable_dialogs.py:97 - 🔧 FORCE: TODOS los messagebox ahora usan diálogos copiables
2025-11-11 10:57:20 - facturacion_facil - INFO - logger.py:138 - 🔧 Parche FORZADO de mensajes copiables aplicado correctamente
2025-11-11 10:57:20 - facturacion_facil - INFO - logger.py:138 - 🎯 GARANTÍA: Todos los messagebox tendrán botón copiar
2025-11-11 10:57:20 - facturacion_facil - INFO - logger.py:138 - Inicializando base de datos...
2025-11-11 10:57:20 - facturacion_facil - INFO - logger.py:138 - Base de datos inicializada correctamente
2025-11-11 10:57:20 - facturacion_facil - INFO - logger.py:138 - Creando ventana principal
2025-11-11 10:57:20 - facturacion_facil - INFO - logger.py:138 - Iniciando bucle principal de la aplicación
2025-11-11 10:57:22 - facturacion_facil.treeview_sorter - INFO - treeview_sorter.py:39 - Configurado sorting para 4 columnas
2025-11-11 10:57:23 - facturacion_facil.facturaswindow - INFO - facturas.py:381 - Cargadas 7 facturas (OPTIMIZADO - résumé)
2025-11-11 10:57:23 - facturacion_facil.facturaswindow - INFO - facturas.py:413 - Cargados 3 productos disponibles con información de stock (OPTIMIZADO)
2025-11-11 10:57:23 - facturacion_facil.facturaswindow - INFO - facturas.py:38 - Ventana de facturas inicializada correctamente
2025-11-11 10:57:44 - facturacion_facil.producto_list_widget - DEBUG - producto_list_widget.py:179 - Tous les items supprimés
2025-11-11 10:57:44 - facturacion_facil.facturaswindow - DEBUG - facturas.py:576 - Formulario de factura limpiado
2025-11-11 10:57:44 - facturacion_facil.utils.factura_numbering - INFO - factura_numbering.py:39 - Siguiente número de factura sugerido: FACT-1762854819-2025
2025-11-11 10:57:44 - facturacion_facil - INFO - logger.py:96 - Acción usuario: Número de factura inicializado - Número: FACT-1762854819-2025
2025-11-11 10:57:44 - facturacion_facil.facturaswindow - INFO - facturas.py:531 - Nueva factura iniciada
2025-11-11 10:57:44 - facturacion_facil - INFO - logger.py:96 - Acción usuario: Nueva factura - Formulario preparado
2025-11-11 10:57:47 - facturacion_facil.facturaswindow - INFO - facturas.py:475 - 🔍 DEBUG: Buscando factura con número: TEST-1762854818-003
2025-11-11 10:57:47 - facturacion_facil.facturaswindow - INFO - facturas.py:477 - 🔍 DEBUG: Factura encontrada: True
2025-11-11 10:57:47 - facturacion_facil.facturaswindow - INFO - facturas.py:480 - 🔍 DEBUG: Factura ID: 15, Items: 0
2025-11-11 10:57:47 - facturacion_facil.producto_list_widget - DEBUG - producto_list_widget.py:179 - Tous les items supprimés
2025-11-11 10:57:47 - facturacion_facil.producto_list_widget - DEBUG - producto_list_widget.py:223 - Liste mise à jour avec 0 items
2025-11-11 10:57:47 - facturacion_facil.facturaswindow - INFO - facturas.py:609 - Factura cargada en formulario: TEST-1762854818-003
2025-11-11 10:57:47 - facturacion_facil.facturaswindow - INFO - facturas.py:491 - Factura seleccionada y cargada para edición: TEST-1762854818-003
2025-11-11 10:57:47 - facturacion_facil - INFO - logger.py:96 - Acción usuario: Factura en edición automática - Número: TEST-1762854818-003
2025-11-11 10:57:50 - facturacion_facil.facturaswindow - INFO - facturas.py:475 - 🔍 DEBUG: Buscando factura con número: TEST-1762854818-001
2025-11-11 10:57:50 - facturacion_facil.facturaswindow - INFO - facturas.py:477 - 🔍 DEBUG: Factura encontrada: True
2025-11-11 10:57:50 - facturacion_facil.facturaswindow - INFO - facturas.py:480 - 🔍 DEBUG: Factura ID: 13, Items: 0
2025-11-11 10:57:50 - facturacion_facil.producto_list_widget - DEBUG - producto_list_widget.py:179 - Tous les items supprimés
2025-11-11 10:57:50 - facturacion_facil.producto_list_widget - DEBUG - producto_list_widget.py:223 - Liste mise à jour avec 0 items
2025-11-11 10:57:50 - facturacion_facil.facturaswindow - INFO - facturas.py:609 - Factura cargada en formulario: TEST-1762854818-001
2025-11-11 10:57:50 - facturacion_facil.facturaswindow - INFO - facturas.py:491 - Factura seleccionada y cargada para edición: TEST-1762854818-001
2025-11-11 10:57:50 - facturacion_facil - INFO - logger.py:96 - Acción usuario: Factura en edición automática - Número: TEST-1762854818-001
2025-11-11 10:58:05 - facturacion_facil.file_manager_logos - DEBUG - file_manager.py:41 - Répertoire: /home/pascal/development/for_django/facturacion_facil/data/logos
2025-11-11 10:58:05 - facturacion_facil.organizacion - INFO - organizacion.py:445 - Datos de organización cargados correctamente
2025-11-11 10:58:05 - facturacion_facil.organizacion - INFO - organizacion.py:44 - Ventana de organización inicializada
2025-11-11 10:58:31 - facturacion_facil.file_manager_logos - INFO - file_manager.py:81 - Fichier copié: madrid_bajo_nieve.png -> Test_Org_Layout_logo_070a3737.png
2025-11-11 10:58:31 - facturacion_facil.organizacion - DEBUG - organizacion.py:676 - Logo configurado exitosamente en intento 1
2025-11-11 10:58:31 - facturacion_facil.organizacion - INFO - organizacion.py:580 - Logo cargado correctamente: Test_Org_Layout_logo_070a3737.png
2025-11-11 10:58:31 - facturacion_facil.organizacion - INFO - organizacion.py:535 - Logo seleccionado y copiado: /home/pascal/Documents/madrid_bajo_nieve.png -> /home/pascal/development/for_django/facturacion_facil/data/logos/Test_Org_Layout_logo_070a3737.png
2025-11-11 10:58:31 - facturacion_facil - INFO - logger.py:96 - Acción usuario: Logo seleccionado - /home/pascal/development/for_django/facturacion_facil/data/logos/Test_Org_Layout_logo_070a3737.png
2025-11-11 10:58:55 - facturacion_facil.organizacion - INFO - organizacion.py:740 - Directorio seleccionado: /home/pascal/Documents/saligny
2025-11-11 10:58:55 - facturacion_facil - INFO - logger.py:96 - Acción usuario: Directorio de imágenes seleccionado - /home/pascal/Documents/saligny
2025-11-11 10:59:05 - facturacion_facil.organizacion - INFO - organizacion.py:778 - Directorio PDF seleccionado: /home/pascal/Downloads
2025-11-11 10:59:05 - facturacion_facil - INFO - logger.py:96 - Acción usuario: Directorio de PDF seleccionado - /home/pascal/Downloads
2025-11-11 10:59:22 - facturacion_facil.window_manager - DEBUG - window_manager.py:42 - Ventana hecha visible: .!ctktoplevel2
2025-11-11 10:59:22 - facturacion_facil.window_manager - DEBUG - window_manager.py:57 - Topmost removido de ventana: .!ctktoplevel2
2025-11-11 10:59:22 - facturacion_facil.window_manager - DEBUG - window_manager.py:42 - Ventana hecha visible: .!ctktoplevel2.!ctktoplevel
2025-11-11 10:59:22 - facturacion_facil.window_manager - DEBUG - window_manager.py:57 - Topmost removido de ventana: .!ctktoplevel2.!ctktoplevel
2025-11-11 10:59:30 - facturacion_facil.window_manager - DEBUG - window_manager.py:82 - Ventana cerrada exitosamente: .!ctktoplevel2.!ctktoplevel
2025-11-11 10:59:44 - facturacion_facil.window_manager - DEBUG - window_manager.py:42 - Ventana hecha visible: .!ctktoplevel2
2025-11-11 10:59:44 - facturacion_facil.window_manager - DEBUG - window_manager.py:57 - Topmost removido de ventana: .!ctktoplevel2
2025-11-11 10:59:44 - facturacion_facil.window_manager - DEBUG - window_manager.py:42 - Ventana hecha visible: .!ctktoplevel2.!ctktoplevel2
2025-11-11 10:59:44 - facturacion_facil.window_manager - DEBUG - window_manager.py:57 - Topmost removido de ventana: .!ctktoplevel2.!ctktoplevel2
2025-11-11 11:01:13 - facturacion_facil.window_manager - DEBUG - window_manager.py:82 - Ventana cerrada exitosamente: .!ctktoplevel2.!ctktoplevel2
2025-11-11 11:01:32 - facturacion_facil - INFO - logger.py:75 - === Iniciando facturacion_facil ===
2025-11-11 11:01:32 - facturacion_facil - INFO - logger.py:76 - Directorio de logs: /home/pascal/development/for_django/facturacion_facil/logs
2025-11-11 11:01:32 - facturacion_facil.file_manager_logos - DEBUG - file_manager.py:41 - Répertoire: /home/pascal/development/for_django/facturacion_facil/data/logos
2025-11-11 11:01:32 - facturacion_facil.organizacion - INFO - organizacion.py:445 - Datos de organización cargados correctamente
2025-11-11 11:01:32 - facturacion_facil.organizacion - INFO - organizacion.py:44 - Ventana de organización inicializada
2025-11-11 11:02:02 - facturacion_facil.window_manager - DEBUG - window_manager.py:42 - Ventana hecha visible: .!ctktoplevel2
2025-11-11 11:02:02 - facturacion_facil.window_manager - DEBUG - window_manager.py:57 - Topmost removido de ventana: .!ctktoplevel2
2025-11-11 11:02:02 - facturacion_facil.window_manager - DEBUG - window_manager.py:42 - Ventana hecha visible: .!ctktoplevel2.!ctktoplevel3
2025-11-11 11:02:02 - facturacion_facil.window_manager - DEBUG - window_manager.py:57 - Topmost removido de ventana: .!ctktoplevel2.!ctktoplevel3
2025-11-11 11:02:07 - facturacion_facil.window_manager - DEBUG - window_manager.py:82 - Ventana cerrada exitosamente: .!ctktoplevel2.!ctktoplevel3
2025-11-11 11:06:44 - facturacion_facil - INFO - logger.py:75 - === Iniciando facturacion_facil ===
2025-11-11 11:06:44 - facturacion_facil - INFO - logger.py:76 - Directorio de logs: /home/pascal/development/for_django/facturacion_facil/logs
2025-11-11 11:06:44 - facturacion_facil.file_manager_logos - DEBUG - file_manager.py:41 - Répertoire: /home/pascal/development/for_django/facturacion_facil/data/logos
2025-11-11 11:06:44 - facturacion_facil.organizacion - INFO - organizacion.py:451 - Datos de organización cargados correctamente
2025-11-11 11:06:44 - facturacion_facil.organizacion - INFO - organizacion.py:44 - Ventana de organización inicializada
2025-11-11 11:07:35 - facturacion_facil - INFO - logger.py:75 - === Iniciando facturacion_facil ===
2025-11-11 11:07:35 - facturacion_facil - INFO - logger.py:76 - Directorio de logs: /home/pascal/development/for_django/facturacion_facil/logs
2025-11-11 11:07:35 - facturacion_facil.file_manager_logos - DEBUG - file_manager.py:41 - Répertoire: /home/pascal/development/for_django/facturacion_facil/data/logos
2025-11-11 11:07:35 - facturacion_facil.organizacion - INFO - organizacion.py:451 - Datos de organización cargados correctamente
2025-11-11 11:07:35 - facturacion_facil.organizacion - INFO - organizacion.py:44 - Ventana de organización inicializada
2025-11-11 11:08:00 - facturacion_facil - INFO - logger.py:75 - === Iniciando facturacion_facil ===
2025-11-11 11:08:00 - facturacion_facil - INFO - logger.py:76 - Directorio de logs: /home/pascal/development/for_django/facturacion_facil/logs
2025-11-11 11:08:21 - facturacion_facil - INFO - logger.py:75 - === Iniciando facturacion_facil ===
2025-11-11 11:08:21 - facturacion_facil - INFO - logger.py:76 - Directorio de logs: /home/pascal/development/for_django/facturacion_facil/logs
2025-11-11 11:08:38 - facturacion_facil - INFO - logger.py:75 - === Iniciando facturacion_facil ===
2025-11-11 11:08:38 - facturacion_facil - INFO - logger.py:76 - Directorio de logs: /home/pascal/development/for_django/facturacion_facil/logs
2025-11-11 11:08:43 - facturacion_facil - INFO - logger.py:75 - === Iniciando facturacion_facil ===
2025-11-11 11:08:43 - facturacion_facil - INFO - logger.py:76 - Directorio de logs: /home/pascal/development/for_django/facturacion_facil/logs
2025-11-11 11:08:43 - facturacion_facil.file_manager_logos - DEBUG - file_manager.py:41 - Répertoire: /home/pascal/development/for_django/facturacion_facil/data/logos
2025-11-11 11:08:43 - facturacion_facil.organizacion - INFO - organizacion.py:451 - Datos de organización cargados correctamente
2025-11-11 11:08:43 - facturacion_facil.organizacion - INFO - organizacion.py:44 - Ventana de organización inicializada
2025-11-11 11:08:43 - facturacion_facil.file_manager_logos - DEBUG - file_manager.py:41 - Répertoire: /home/pascal/development/for_django/facturacion_facil/data/logos
2025-11-11 11:08:43 - facturacion_facil.organizacion - INFO - organizacion.py:451 - Datos de organización cargados correctamente
2025-11-11 11:08:43 - facturacion_facil.organizacion - INFO - organizacion.py:44 - Ventana de organización inicializada
2025-11-11 11:08:43 - facturacion_facil.file_manager_logos - DEBUG - file_manager.py:41 - Répertoire: /home/pascal/development/for_django/facturacion_facil/data/logos
2025-11-11 11:08:43 - facturacion_facil.organizacion - INFO - organizacion.py:451 - Datos de organización cargados correctamente
2025-11-11 11:08:43 - facturacion_facil.organizacion - INFO - organizacion.py:44 - Ventana de organización inicializada
2025-11-11 11:08:43 - facturacion_facil.file_manager_logos - DEBUG - file_manager.py:41 - Répertoire: /home/pascal/development/for_django/facturacion_facil/data/logos
2025-11-11 11:08:44 - facturacion_facil.organizacion - INFO - organizacion.py:451 - Datos de organización cargados correctamente
2025-11-11 11:08:44 - facturacion_facil.organizacion - INFO - organizacion.py:44 - Ventana de organización inicializada
2025-11-11 11:08:44 - facturacion_facil.file_manager_logos - DEBUG - file_manager.py:41 - Répertoire: /home/pascal/development/for_django/facturacion_facil/data/logos
2025-11-11 11:08:44 - facturacion_facil.organizacion - INFO - organizacion.py:451 - Datos de organización cargados correctamente
2025-11-11 11:08:44 - facturacion_facil.organizacion - INFO - organizacion.py:44 - Ventana de organización inicializada
2025-11-11 11:08:44 - facturacion_facil.file_manager_logos - DEBUG - file_manager.py:41 - Répertoire: /home/pascal/development/for_django/facturacion_facil/data/logos
2025-11-11 11:08:44 - facturacion_facil.organizacion - INFO - organizacion.py:451 - Datos de organización cargados correctamente
2025-11-11 11:08:44 - facturacion_facil.organizacion - INFO - organizacion.py:44 - Ventana de organización inicializada
2025-11-11 11:08:44 - facturacion_facil.file_manager_logos - DEBUG - file_manager.py:41 - Répertoire: /home/pascal/development/for_django/facturacion_facil/data/logos
2025-11-11 11:08:44 - facturacion_facil.organizacion - INFO - organizacion.py:451 - Datos de organización cargados correctamente
2025-11-11 11:08:44 - facturacion_facil.organizacion - INFO - organizacion.py:44 - Ventana de organización inicializada
2025-11-11 11:08:44 - facturacion_facil.file_manager_logos - DEBUG - file_manager.py:41 - Répertoire: /home/pascal/development/for_django/facturacion_facil/data/logos
2025-11-11 11:08:44 - facturacion_facil.organizacion - INFO - organizacion.py:451 - Datos de organización cargados correctamente
2025-11-11 11:08:44 - facturacion_facil.organizacion - INFO - organizacion.py:44 - Ventana de organización inicializada
2025-11-11 11:09:37 - facturacion_facil - INFO - logger.py:75 - === Iniciando facturacion_facil ===
2025-11-11 11:09:37 - facturacion_facil - INFO - logger.py:76 - Directorio de logs: /home/pascal/development/for_django/facturacion_facil/logs
2025-11-11 11:09:37 - facturacion_facil - INFO - logger.py:86 - Python version: 3.13.7 (main, Sep 19 2025, 17:28:11) [GCC 14.2.0]
2025-11-11 11:09:37 - facturacion_facil - INFO - logger.py:87 - Directorio de trabajo: /home/pascal/development/for_django/facturacion_facil
2025-11-11 11:09:37 - facturacion_facil - INFO - logger.py:88 - Argumentos: ['main.py']
2025-11-11 11:09:37 - facturacion_facil - INFO - logger.py:138 - === Iniciando aplicación Facturación Fácil ===
2025-11-11 11:09:37 - facturacion_facil.force_copyable - INFO - force_copyable_dialogs.py:96 - 🔧 FORCE: Parche forzado aplicado a messagebox
2025-11-11 11:09:37 - facturacion_facil.force_copyable - INFO - force_copyable_dialogs.py:97 - 🔧 FORCE: TODOS los messagebox ahora usan diálogos copiables
2025-11-11 11:09:37 - facturacion_facil - INFO - logger.py:138 - 🔧 Parche FORZADO de mensajes copiables aplicado correctamente
2025-11-11 11:09:37 - facturacion_facil - INFO - logger.py:138 - 🎯 GARANTÍA: Todos los messagebox tendrán botón copiar
2025-11-11 11:09:37 - facturacion_facil - INFO - logger.py:138 - Inicializando base de datos...
2025-11-11 11:09:37 - facturacion_facil - INFO - logger.py:138 - Base de datos inicializada correctamente
2025-11-11 11:09:37 - facturacion_facil - INFO - logger.py:138 - Creando ventana principal
2025-11-11 11:09:37 - facturacion_facil - INFO - logger.py:138 - Iniciando bucle principal de la aplicación
2025-11-11 11:11:29 - facturacion_facil - INFO - logger.py:75 - === Iniciando facturacion_facil ===
2025-11-11 11:11:29 - facturacion_facil - INFO - logger.py:76 - Directorio de logs: /home/pascal/development/for_django/facturacion_facil/logs
2025-11-11 11:11:29 - facturacion_facil - INFO - logger.py:86 - Python version: 3.13.7 (main, Sep 19 2025, 17:28:11) [GCC 14.2.0]
2025-11-11 11:11:29 - facturacion_facil - INFO - logger.py:87 - Directorio de trabajo: /home/pascal/development/for_django/facturacion_facil
2025-11-11 11:11:29 - facturacion_facil - INFO - logger.py:88 - Argumentos: ['main.py']
2025-11-11 11:11:29 - facturacion_facil - INFO - logger.py:138 - === Iniciando aplicación Facturación Fácil ===
2025-11-11 11:11:29 - facturacion_facil.force_copyable - INFO - force_copyable_dialogs.py:96 - 🔧 FORCE: Parche forzado aplicado a messagebox
2025-11-11 11:11:29 - facturacion_facil.force_copyable - INFO - force_copyable_dialogs.py:97 - 🔧 FORCE: TODOS los messagebox ahora usan diálogos copiables
2025-11-11 11:11:29 - facturacion_facil - INFO - logger.py:138 - 🔧 Parche FORZADO de mensajes copiables aplicado correctamente
2025-11-11 11:11:29 - facturacion_facil - INFO - logger.py:138 - 🎯 GARANTÍA: Todos los messagebox tendrán botón copiar
2025-11-11 11:11:29 - facturacion_facil - INFO - logger.py:138 - Inicializando base de datos...
2025-11-11 11:11:29 - facturacion_facil - INFO - logger.py:138 - Base de datos inicializada correctamente
2025-11-11 11:11:29 - facturacion_facil - INFO - logger.py:138 - Creando ventana principal
2025-11-11 11:11:30 - facturacion_facil - INFO - logger.py:138 - Iniciando bucle principal de la aplicación
2025-11-11 11:11:32 - facturacion_facil.file_manager_logos - DEBUG - file_manager.py:41 - Répertoire: /home/pascal/development/for_django/facturacion_facil/data/logos
2025-11-11 11:11:32 - facturacion_facil.organizacion - INFO - organizacion.py:451 - Datos de organización cargados correctamente
2025-11-11 11:11:32 - facturacion_facil.organizacion - INFO - organizacion.py:44 - Ventana de organización inicializada
2025-11-11 11:11:55 - facturacion_facil.file_manager_logos - INFO - file_manager.py:81 - Fichier copié: photo_2023-03-06_08-01-44.jpg -> toto_logo_284148c9.jpg
2025-11-11 11:11:55 - facturacion_facil.organizacion - DEBUG - organizacion.py:682 - Logo configurado exitosamente en intento 1
2025-11-11 11:11:55 - facturacion_facil.organizacion - INFO - organizacion.py:586 - Logo cargado correctamente: toto_logo_284148c9.jpg
2025-11-11 11:11:55 - facturacion_facil.organizacion - INFO - organizacion.py:541 - Logo seleccionado y copiado: /home/pascal/Documents/photo_2023-03-06_08-01-44.jpg -> /home/pascal/development/for_django/facturacion_facil/data/logos/toto_logo_284148c9.jpg
2025-11-11 11:11:55 - facturacion_facil - INFO - logger.py:96 - Acción usuario: Logo seleccionado - /home/pascal/development/for_django/facturacion_facil/data/logos/toto_logo_284148c9.jpg
2025-11-11 11:12:13 - facturacion_facil.organizacion - INFO - organizacion.py:746 - Directorio seleccionado: /home/pascal/Documents/casa
2025-11-11 11:12:13 - facturacion_facil - INFO - logger.py:96 - Acción usuario: Directorio de imágenes seleccionado - /home/pascal/Documents/casa
2025-11-11 11:12:51 - facturacion_facil.organizacion - INFO - organizacion.py:784 - Directorio PDF seleccionado: /home/pascal/Documents
2025-11-11 11:12:51 - facturacion_facil - INFO - logger.py:96 - Acción usuario: Directorio de PDF seleccionado - /home/pascal/Documents
2025-11-11 11:13:17 - facturacion_facil.file_manager_logos - INFO - file_manager.py:112 - Fichier supprimé: Demo_Company_logo_9d9951d7.png
2025-11-11 11:13:17 - facturacion_facil.file_manager_logos - INFO - file_manager.py:112 - Fichier supprimé: Ma_Super_Entreprise__6976f361.png
2025-11-11 11:13:17 - facturacion_facil.file_manager_logos - INFO - file_manager.py:112 - Fichier supprimé: Test_Org_Layout_logo_070a3737.png
2025-11-11 11:13:17 - facturacion_facil.file_manager_logos - INFO - file_manager.py:212 - Nettoyage: 3 fichiers orphelins supprimés
2025-11-11 11:13:17 - facturacion_facil.window_manager - DEBUG - window_manager.py:42 - Ventana hecha visible: .!ctktoplevel
2025-11-11 11:13:17 - facturacion_facil.window_manager - DEBUG - window_manager.py:57 - Topmost removido de ventana: .!ctktoplevel
2025-11-11 11:13:17 - facturacion_facil.window_manager - DEBUG - window_manager.py:42 - Ventana hecha visible: .!ctktoplevel.!ctktoplevel
2025-11-11 11:13:17 - facturacion_facil.window_manager - DEBUG - window_manager.py:57 - Topmost removido de ventana: .!ctktoplevel.!ctktoplevel
2025-11-11 11:13:20 - facturacion_facil.window_manager - DEBUG - window_manager.py:82 - Ventana cerrada exitosamente: .!ctktoplevel.!ctktoplevel
2025-11-11 11:13:20 - facturacion_facil.organizacion - INFO - organizacion.py:937 - Configuración de organización guardada correctamente
2025-11-11 11:13:20 - facturacion_facil - INFO - logger.py:96 - Acción usuario: Organización guardada - Nombre: toto
2025-11-11 11:13:23 - facturacion_facil - INFO - logger.py:138 - Aplicación cerrada normalmente
2025-11-11 11:13:25 - facturacion_facil - INFO - logger.py:75 - === Iniciando facturacion_facil ===
2025-11-11 11:13:25 - facturacion_facil - INFO - logger.py:76 - Directorio de logs: /home/pascal/development/for_django/facturacion_facil/logs
2025-11-11 11:13:25 - facturacion_facil - INFO - logger.py:86 - Python version: 3.13.7 (main, Sep 19 2025, 17:28:11) [GCC 14.2.0]
2025-11-11 11:13:25 - facturacion_facil - INFO - logger.py:87 - Directorio de trabajo: /home/pascal/development/for_django/facturacion_facil
2025-11-11 11:13:25 - facturacion_facil - INFO - logger.py:88 - Argumentos: ['main.py']
2025-11-11 11:13:25 - facturacion_facil - INFO - logger.py:138 - === Iniciando aplicación Facturación Fácil ===
2025-11-11 11:13:25 - facturacion_facil.force_copyable - INFO - force_copyable_dialogs.py:96 - 🔧 FORCE: Parche forzado aplicado a messagebox
2025-11-11 11:13:25 - facturacion_facil.force_copyable - INFO - force_copyable_dialogs.py:97 - 🔧 FORCE: TODOS los messagebox ahora usan diálogos copiables
2025-11-11 11:13:25 - facturacion_facil - INFO - logger.py:138 - 🔧 Parche FORZADO de mensajes copiables aplicado correctamente
2025-11-11 11:13:25 - facturacion_facil - INFO - logger.py:138 - 🎯 GARANTÍA: Todos los messagebox tendrán botón copiar
2025-11-11 11:13:25 - facturacion_facil - INFO - logger.py:138 - Inicializando base de datos...
2025-11-11 11:13:25 - facturacion_facil - INFO - logger.py:138 - Base de datos inicializada correctamente
2025-11-11 11:13:25 - facturacion_facil - INFO - logger.py:138 - Creando ventana principal
2025-11-11 11:13:25 - facturacion_facil - INFO - logger.py:138 - Iniciando bucle principal de la aplicación
2025-11-11 11:13:27 - facturacion_facil.file_manager_logos - DEBUG - file_manager.py:41 - Répertoire: /home/pascal/development/for_django/facturacion_facil/data/logos
2025-11-11 11:13:27 - facturacion_facil.organizacion - DEBUG - organizacion.py:682 - Logo configurado exitosamente en intento 1
2025-11-11 11:13:27 - facturacion_facil.organizacion - INFO - organizacion.py:586 - Logo cargado correctamente: toto_logo_284148c9.jpg
2025-11-11 11:13:27 - facturacion_facil.organizacion - INFO - organizacion.py:451 - Datos de organización cargados correctamente
2025-11-11 11:13:27 - facturacion_facil.organizacion - INFO - organizacion.py:44 - Ventana de organización inicializada
2025-11-11 11:14:16 - facturacion_facil.productos - INFO - productos.py:28 - Inicializando ventana de gestión de productos
2025-11-11 11:14:16 - facturacion_facil.productos - DEBUG - productos.py:192 - Frame principal scrollable creado con tamaño mínimo configurado
2025-11-11 11:14:16 - facturacion_facil.treeview_sorter - INFO - treeview_sorter.py:39 - Configurado sorting para 4 columnas
2025-11-11 11:14:16 - facturacion_facil.productos - DEBUG - productos.py:358 - Frame de botones del formulario creado y packed
2025-11-11 11:14:16 - facturacion_facil.productos - INFO - productos.py:371 - Frame inferior de botones creado: .!ctktoplevel3.!ctkframe.!canvas.!ctkscrollableframe.!ctkframe.!ctkframe2.!ctkframe.!ctkframe3.!ctkframe2
2025-11-11 11:14:16 - facturacion_facil.productos - INFO - productos.py:384 - Botón 'Guardar' creado: .!ctktoplevel3.!ctkframe.!canvas.!ctkscrollableframe.!ctkframe.!ctkframe2.!ctkframe.!ctkframe3.!ctkframe2.!ctkbutton en frame .!ctktoplevel3.!ctkframe.!canvas.!ctkscrollableframe.!ctkframe.!ctkframe2.!ctkframe.!ctkframe3.!ctkframe2
2025-11-11 11:14:16 - facturacion_facil.productos - INFO - productos.py:397 - Botón 'Cancelar' creado: .!ctktoplevel3.!ctkframe.!canvas.!ctkscrollableframe.!ctkframe.!ctkframe2.!ctkframe.!ctkframe3.!ctkframe2.!ctkbutton2 en frame .!ctktoplevel3.!ctkframe.!canvas.!ctkscrollableframe.!ctkframe.!ctkframe2.!ctkframe.!ctkframe3.!ctkframe2
2025-11-11 11:14:16 - facturacion_facil.productos - DEBUG - productos.py:60 - Comportamiento de scrolling configurado
2025-11-11 11:14:16 - facturacion_facil.productos - DEBUG - productos.py:117 - Scroll de rueda del ratón configurado para todos los widgets
2025-11-11 11:14:16 - facturacion_facil.productos - DEBUG - productos.py:402 - Cargando lista de productos desde la base de datos
2025-11-11 11:14:16 - facturacion_facil - DEBUG - logger.py:100 - DB SELECT en productos: Cargados 3 productos
2025-11-11 11:14:16 - facturacion_facil.productos - INFO - productos.py:429 - Lista de productos actualizada: 3 productos
2025-11-11 11:14:16 - facturacion_facil.productos - INFO - productos.py:46 - Ventana de productos inicializada correctamente con scrolling habilitado
2025-11-11 11:18:20 - facturacion_facil - INFO - logger.py:138 - Aplicación cerrada normalmente
2025-11-11 11:24:07 - facturacion_facil - INFO - logger.py:75 - === Iniciando facturacion_facil ===
2025-11-11 11:24:07 - facturacion_facil - INFO - logger.py:76 - Directorio de logs: /home/pascal/development/for_django/facturacion_facil/logs
2025-11-11 11:24:12 - facturacion_facil - INFO - logger.py:75 - === Iniciando facturacion_facil ===
2025-11-11 11:24:12 - facturacion_facil - INFO - logger.py:76 - Directorio de logs: /home/pascal/development/for_django/facturacion_facil/logs
2025-11-11 11:24:12 - facturacion_facil.test_database_manager - DEBUG - test_database_manager.py:53 - Base de données de test créée: test_test_cliente_crud_operations_pcmgurjf.db
2025-11-11 11:24:12 - facturacion_facil.test_database_manager - DEBUG - test_database_manager.py:78 - Répertoire de test créé: test_test_cliente_crud_operations_assets_lzbnrk2a
2025-11-11 11:24:12 - facturacion_facil.test_database_manager - DEBUG - test_database_manager.py:98 - Base de données supprimée: test_test_cliente_crud_operations_pcmgurjf.db
2025-11-11 11:24:12 - facturacion_facil.test_database_manager - DEBUG - test_database_manager.py:109 - Répertoire supprimé: test_test_cliente_crud_operations_assets_lzbnrk2a
2025-11-11 11:24:12 - facturacion_facil.test_database_manager - DEBUG - test_database_manager.py:53 - Base de données de test créée: test_test_cliente_factura_integration_gpw_y8_a.db
2025-11-11 11:24:12 - facturacion_facil.test_database_manager - DEBUG - test_database_manager.py:78 - Répertoire de test créé: test_test_cliente_factura_integration_assets_cx4we481
2025-11-11 11:24:12 - facturacion_facil.test_database_manager - DEBUG - test_database_manager.py:98 - Base de données supprimée: test_test_cliente_factura_integration_gpw_y8_a.db
2025-11-11 11:24:12 - facturacion_facil.test_database_manager - DEBUG - test_database_manager.py:109 - Répertoire supprimé: test_test_cliente_factura_integration_assets_cx4we481
2025-11-11 11:24:12 - facturacion_facil.test_database_manager - DEBUG - test_database_manager.py:53 - Base de données de test créée: test_test_cliente_interface_simulation_r92mspul.db
2025-11-11 11:24:12 - facturacion_facil.test_database_manager - DEBUG - test_database_manager.py:78 - Répertoire de test créé: test_test_cliente_interface_simulation_assets_is4xnnb9
2025-11-11 11:24:13 - facturacion_facil.treeview_sorter - INFO - treeview_sorter.py:39 - Configurado sorting para 4 columnas
2025-11-11 11:24:13 - facturacion_facil.ui.clientes - DEBUG - clientes.py:181 - Cargados 0 clientes
2025-11-11 11:24:13 - facturacion_facil - INFO - logger.py:96 - Acción usuario: Ventana de clientes abierta - 
2025-11-11 11:24:13 - facturacion_facil.ui.clientes - INFO - clientes.py:22 - Ventana de clientes inicializada
2025-11-11 11:24:13 - facturacion_facil.ui.clientes - ERROR - clientes.py:334 - Error guardando cliente: type object 'FormValidator' has no attribute 'is_valid_email'
2025-11-11 11:25:19 - facturacion_facil - INFO - logger.py:75 - === Iniciando facturacion_facil ===
2025-11-11 11:25:19 - facturacion_facil - INFO - logger.py:76 - Directorio de logs: /home/pascal/development/for_django/facturacion_facil/logs
2025-11-11 11:25:40 - facturacion_facil - INFO - logger.py:75 - === Iniciando facturacion_facil ===
2025-11-11 11:25:40 - facturacion_facil - INFO - logger.py:76 - Directorio de logs: /home/pascal/development/for_django/facturacion_facil/logs
2025-11-11 11:26:01 - facturacion_facil - INFO - logger.py:75 - === Iniciando facturacion_facil ===
2025-11-11 11:26:01 - facturacion_facil - INFO - logger.py:76 - Directorio de logs: /home/pascal/development/for_django/facturacion_facil/logs
2025-11-11 11:26:07 - facturacion_facil - INFO - logger.py:75 - === Iniciando facturacion_facil ===
2025-11-11 11:26:07 - facturacion_facil - INFO - logger.py:76 - Directorio de logs: /home/pascal/development/for_django/facturacion_facil/logs
2025-11-11 11:26:39 - facturacion_facil - INFO - logger.py:75 - === Iniciando facturacion_facil ===
2025-11-11 11:26:39 - facturacion_facil - INFO - logger.py:76 - Directorio de logs: /home/pascal/development/for_django/facturacion_facil/logs
2025-11-11 11:26:45 - facturacion_facil - INFO - logger.py:75 - === Iniciando facturacion_facil ===
2025-11-11 11:26:45 - facturacion_facil - INFO - logger.py:76 - Directorio de logs: /home/pascal/development/for_django/facturacion_facil/logs
2025-11-11 11:26:45 - facturacion_facil.test_database_manager - DEBUG - test_database_manager.py:53 - Base de données de test créée: test_test_cliente_factura_integration_bo7od0wb.db
2025-11-11 11:26:45 - facturacion_facil.test_database_manager - DEBUG - test_database_manager.py:78 - Répertoire de test créé: test_test_cliente_factura_integration_assets_it4us0nd
2025-11-11 11:26:45 - facturacion_facil.test_database_manager - DEBUG - test_database_manager.py:98 - Base de données supprimée: test_test_cliente_factura_integration_bo7od0wb.db
2025-11-11 11:26:45 - facturacion_facil.test_database_manager - DEBUG - test_database_manager.py:109 - Répertoire supprimé: test_test_cliente_factura_integration_assets_it4us0nd
2025-11-11 11:26:47 - facturacion_facil.test_database_manager - INFO - test_database_manager.py:141 - Toutes les ressources de test nettoyées
2025-11-11 11:26:59 - facturacion_facil - INFO - logger.py:75 - === Iniciando facturacion_facil ===
2025-11-11 11:26:59 - facturacion_facil - INFO - logger.py:76 - Directorio de logs: /home/pascal/development/for_django/facturacion_facil/logs
2025-11-11 11:27:43 - facturacion_facil - INFO - logger.py:75 - === Iniciando facturacion_facil ===
2025-11-11 11:27:43 - facturacion_facil - INFO - logger.py:76 - Directorio de logs: /home/pascal/development/for_django/facturacion_facil/logs
2025-11-11 11:27:43 - facturacion_facil.test_database_manager - DEBUG - test_database_manager.py:53 - Base de données de test créée: test_test_cliente_factura_integration_vx58w8pm.db
2025-11-11 11:27:43 - facturacion_facil.test_database_manager - DEBUG - test_database_manager.py:78 - Répertoire de test créé: test_test_cliente_factura_integration_assets_3bmiekyr
2025-11-11 11:27:43 - facturacion_facil.test_database_manager - DEBUG - test_database_manager.py:98 - Base de données supprimée: test_test_cliente_factura_integration_vx58w8pm.db
2025-11-11 11:27:43 - facturacion_facil.test_database_manager - DEBUG - test_database_manager.py:109 - Répertoire supprimé: test_test_cliente_factura_integration_assets_3bmiekyr
2025-11-11 11:27:45 - facturacion_facil.test_database_manager - INFO - test_database_manager.py:141 - Toutes les ressources de test nettoyées
2025-11-11 11:27:51 - facturacion_facil - INFO - logger.py:75 - === Iniciando facturacion_facil ===
2025-11-11 11:27:51 - facturacion_facil - INFO - logger.py:76 - Directorio de logs: /home/pascal/development/for_django/facturacion_facil/logs
2025-11-11 11:27:51 - facturacion_facil.test_database_manager - DEBUG - test_database_manager.py:53 - Base de données de test créée: test_test_cliente_crud_operations_8hc7dhqs.db
2025-11-11 11:27:51 - facturacion_facil.test_database_manager - DEBUG - test_database_manager.py:78 - Répertoire de test créé: test_test_cliente_crud_operations_assets_ko_205e8
2025-11-11 11:27:51 - facturacion_facil.test_database_manager - DEBUG - test_database_manager.py:98 - Base de données supprimée: test_test_cliente_crud_operations_8hc7dhqs.db
2025-11-11 11:27:51 - facturacion_facil.test_database_manager - DEBUG - test_database_manager.py:109 - Répertoire supprimé: test_test_cliente_crud_operations_assets_ko_205e8
2025-11-11 11:27:51 - facturacion_facil.test_database_manager - DEBUG - test_database_manager.py:53 - Base de données de test créée: test_test_cliente_factura_integration_o6wgv082.db
2025-11-11 11:27:51 - facturacion_facil.test_database_manager - DEBUG - test_database_manager.py:78 - Répertoire de test créé: test_test_cliente_factura_integration_assets_xiowdn2r
2025-11-11 11:27:51 - facturacion_facil.test_database_manager - DEBUG - test_database_manager.py:98 - Base de données supprimée: test_test_cliente_factura_integration_o6wgv082.db
2025-11-11 11:27:51 - facturacion_facil.test_database_manager - DEBUG - test_database_manager.py:109 - Répertoire supprimé: test_test_cliente_factura_integration_assets_xiowdn2r
2025-11-11 11:27:51 - facturacion_facil.test_database_manager - DEBUG - test_database_manager.py:53 - Base de données de test créée: test_test_cliente_interface_simulation_c5hnjx21.db
2025-11-11 11:27:51 - facturacion_facil.test_database_manager - DEBUG - test_database_manager.py:78 - Répertoire de test créé: test_test_cliente_interface_simulation_assets_hv1wezcv
2025-11-11 11:27:52 - facturacion_facil.treeview_sorter - INFO - treeview_sorter.py:39 - Configurado sorting para 4 columnas
2025-11-11 11:27:52 - facturacion_facil.ui.clientes - DEBUG - clientes.py:181 - Cargados 0 clientes
2025-11-11 11:27:52 - facturacion_facil - INFO - logger.py:96 - Acción usuario: Ventana de clientes abierta - 
2025-11-11 11:27:52 - facturacion_facil.ui.clientes - INFO - clientes.py:22 - Ventana de clientes inicializada
2025-11-11 11:27:52 - facturacion_facil.ui.clientes - ERROR - clientes.py:334 - Error guardando cliente: type object 'FormValidator' has no attribute 'is_valid_email'
2025-11-11 11:28:55 - facturacion_facil - INFO - logger.py:75 - === Iniciando facturacion_facil ===
2025-11-11 11:28:55 - facturacion_facil - INFO - logger.py:76 - Directorio de logs: /home/pascal/development/for_django/facturacion_facil/logs
2025-11-11 11:28:55 - facturacion_facil - INFO - logger.py:86 - Python version: 3.13.7 (main, Sep 19 2025, 17:28:11) [GCC 14.2.0]
2025-11-11 11:28:55 - facturacion_facil - INFO - logger.py:87 - Directorio de trabajo: /home/pascal/development/for_django/facturacion_facil
2025-11-11 11:28:55 - facturacion_facil - INFO - logger.py:88 - Argumentos: ['main.py']
2025-11-11 11:28:55 - facturacion_facil - INFO - logger.py:138 - === Iniciando aplicación Facturación Fácil ===
2025-11-11 11:28:55 - facturacion_facil.force_copyable - INFO - force_copyable_dialogs.py:96 - 🔧 FORCE: Parche forzado aplicado a messagebox
2025-11-11 11:28:55 - facturacion_facil.force_copyable - INFO - force_copyable_dialogs.py:97 - 🔧 FORCE: TODOS los messagebox ahora usan diálogos copiables
2025-11-11 11:28:55 - facturacion_facil - INFO - logger.py:138 - 🔧 Parche FORZADO de mensajes copiables aplicado correctamente
2025-11-11 11:28:55 - facturacion_facil - INFO - logger.py:138 - 🎯 GARANTÍA: Todos los messagebox tendrán botón copiar
2025-11-11 11:28:55 - facturacion_facil - INFO - logger.py:138 - Inicializando base de datos...
2025-11-11 11:28:55 - facturacion_facil - INFO - logger.py:138 - Base de datos inicializada correctamente
2025-11-11 11:28:55 - facturacion_facil - INFO - logger.py:138 - Creando ventana principal
2025-11-11 11:28:56 - facturacion_facil - INFO - logger.py:138 - Iniciando bucle principal de la aplicación
2025-11-11 11:30:38 - facturacion_facil - INFO - logger.py:75 - === Iniciando facturacion_facil ===
2025-11-11 11:30:38 - facturacion_facil - INFO - logger.py:76 - Directorio de logs: /home/pascal/development/for_django/facturacion_facil/logs
2025-11-11 11:30:38 - facturacion_facil - INFO - logger.py:86 - Python version: 3.13.7 (main, Sep 19 2025, 17:28:11) [GCC 14.2.0]
2025-11-11 11:30:38 - facturacion_facil - INFO - logger.py:87 - Directorio de trabajo: /home/pascal/development/for_django/facturacion_facil
2025-11-11 11:30:38 - facturacion_facil - INFO - logger.py:88 - Argumentos: ['main.py']
2025-11-11 11:30:38 - facturacion_facil - INFO - logger.py:138 - === Iniciando aplicación Facturación Fácil ===
2025-11-11 11:30:38 - facturacion_facil.force_copyable - INFO - force_copyable_dialogs.py:96 - 🔧 FORCE: Parche forzado aplicado a messagebox
2025-11-11 11:30:38 - facturacion_facil.force_copyable - INFO - force_copyable_dialogs.py:97 - 🔧 FORCE: TODOS los messagebox ahora usan diálogos copiables
2025-11-11 11:30:38 - facturacion_facil - INFO - logger.py:138 - 🔧 Parche FORZADO de mensajes copiables aplicado correctamente
2025-11-11 11:30:38 - facturacion_facil - INFO - logger.py:138 - 🎯 GARANTÍA: Todos los messagebox tendrán botón copiar
2025-11-11 11:30:38 - facturacion_facil - INFO - logger.py:138 - Inicializando base de datos...
2025-11-11 11:30:38 - facturacion_facil - INFO - logger.py:138 - Base de datos inicializada correctamente
2025-11-11 11:30:38 - facturacion_facil - INFO - logger.py:138 - Creando ventana principal
2025-11-11 11:30:39 - facturacion_facil - INFO - logger.py:138 - Iniciando bucle principal de la aplicación
2025-11-11 11:30:41 - facturacion_facil.treeview_sorter - INFO - treeview_sorter.py:39 - Configurado sorting para 4 columnas
2025-11-11 11:30:41 - facturacion_facil.ui.clientes - DEBUG - clientes.py:181 - Cargados 4 clientes
2025-11-11 11:30:41 - facturacion_facil - INFO - logger.py:96 - Acción usuario: Ventana de clientes abierta - 
2025-11-11 11:30:41 - facturacion_facil.ui.clientes - INFO - clientes.py:22 - Ventana de clientes inicializada
2025-11-11 11:30:43 - facturacion_facil.ui.clientes - DEBUG - clientes.py:246 - Datos del cliente Test cargados
2025-11-11 11:31:04 - facturacion_facil.ui.clientes - ERROR - clientes.py:334 - Error guardando cliente: type object 'FormValidator' has no attribute 'is_valid_email'
2025-11-11 11:31:04 - facturacion_facil.force_copyable - INFO - force_copyable_dialogs.py:32 - 🔧 FORCE: Interceptando messagebox.showerror - 'Error': 'Error guardando cliente: type object 'FormValidato...'
2025-11-11 11:31:04 - facturacion_facil.force_copyable - INFO - force_copyable_dialogs.py:37 - 🔧 FORCE: Usando show_copyable_error
2025-11-11 11:31:04 - facturacion_facil.window_manager - DEBUG - window_manager.py:42 - Ventana hecha visible: .!ctktoplevel2
2025-11-11 11:31:04 - facturacion_facil.window_manager - DEBUG - window_manager.py:57 - Topmost removido de ventana: .!ctktoplevel2
2025-11-11 11:31:33 - facturacion_facil.force_copyable - INFO - force_copyable_dialogs.py:39 - ✅ FORCE: show_copyable_error exitoso
2025-11-11 11:31:33 - facturacion_facil - INFO - logger.py:138 - Aplicación cerrada normalmente
2025-11-11 11:31:52 - facturacion_facil - INFO - logger.py:75 - === Iniciando facturacion_facil ===
2025-11-11 11:31:52 - facturacion_facil - INFO - logger.py:76 - Directorio de logs: /home/pascal/development/for_django/facturacion_facil/logs
2025-11-11 11:31:52 - facturacion_facil.treeview_sorter - INFO - treeview_sorter.py:39 - Configurado sorting para 4 columnas
2025-11-11 11:31:52 - facturacion_facil.ui.clientes - DEBUG - clientes.py:181 - Cargados 4 clientes
2025-11-11 11:31:52 - facturacion_facil - INFO - logger.py:96 - Acción usuario: Ventana de clientes abierta - 
2025-11-11 11:31:52 - facturacion_facil.ui.clientes - INFO - clientes.py:22 - Ventana de clientes inicializada
2025-11-11 11:31:52 - facturacion_facil.ui.clientes - DEBUG - clientes.py:181 - Cargados 5 clientes
2025-11-11 11:32:34 - facturacion_facil - INFO - logger.py:75 - === Iniciando facturacion_facil ===
2025-11-11 11:32:34 - facturacion_facil - INFO - logger.py:76 - Directorio de logs: /home/pascal/development/for_django/facturacion_facil/logs
2025-11-11 11:32:43 - facturacion_facil - INFO - logger.py:75 - === Iniciando facturacion_facil ===
2025-11-11 11:32:43 - facturacion_facil - INFO - logger.py:76 - Directorio de logs: /home/pascal/development/for_django/facturacion_facil/logs
2025-11-11 11:32:49 - facturacion_facil - INFO - logger.py:75 - === Iniciando facturacion_facil ===
2025-11-11 11:32:49 - facturacion_facil - INFO - logger.py:76 - Directorio de logs: /home/pascal/development/for_django/facturacion_facil/logs
2025-11-11 11:32:49 - facturacion_facil - INFO - logger.py:86 - Python version: 3.13.7 (main, Sep 19 2025, 17:28:11) [GCC 14.2.0]
2025-11-11 11:32:49 - facturacion_facil - INFO - logger.py:87 - Directorio de trabajo: /home/pascal/development/for_django/facturacion_facil
2025-11-11 11:32:49 - facturacion_facil - INFO - logger.py:88 - Argumentos: ['main.py']
2025-11-11 11:32:49 - facturacion_facil - INFO - logger.py:138 - === Iniciando aplicación Facturación Fácil ===
2025-11-11 11:32:49 - facturacion_facil.force_copyable - INFO - force_copyable_dialogs.py:96 - 🔧 FORCE: Parche forzado aplicado a messagebox
2025-11-11 11:32:49 - facturacion_facil.force_copyable - INFO - force_copyable_dialogs.py:97 - 🔧 FORCE: TODOS los messagebox ahora usan diálogos copiables
2025-11-11 11:32:49 - facturacion_facil - INFO - logger.py:138 - 🔧 Parche FORZADO de mensajes copiables aplicado correctamente
2025-11-11 11:32:49 - facturacion_facil - INFO - logger.py:138 - 🎯 GARANTÍA: Todos los messagebox tendrán botón copiar
2025-11-11 11:32:49 - facturacion_facil - INFO - logger.py:138 - Inicializando base de datos...
2025-11-11 11:32:49 - facturacion_facil - INFO - logger.py:138 - Base de datos inicializada correctamente
2025-11-11 11:32:49 - facturacion_facil - INFO - logger.py:138 - Creando ventana principal
2025-11-11 11:32:49 - facturacion_facil - INFO - logger.py:138 - Iniciando bucle principal de la aplicación
2025-11-11 11:33:28 - facturacion_facil - INFO - logger.py:75 - === Iniciando facturacion_facil ===
2025-11-11 11:33:28 - facturacion_facil - INFO - logger.py:76 - Directorio de logs: /home/pascal/development/for_django/facturacion_facil/logs
2025-11-11 11:34:25 - facturacion_facil - INFO - logger.py:75 - === Iniciando facturacion_facil ===
2025-11-11 11:34:25 - facturacion_facil - INFO - logger.py:76 - Directorio de logs: /home/pascal/development/for_django/facturacion_facil/logs
2025-11-11 11:34:25 - facturacion_facil - INFO - logger.py:86 - Python version: 3.13.7 (main, Sep 19 2025, 17:28:11) [GCC 14.2.0]
2025-11-11 11:34:25 - facturacion_facil - INFO - logger.py:87 - Directorio de trabajo: /home/pascal/development/for_django/facturacion_facil
2025-11-11 11:34:25 - facturacion_facil - INFO - logger.py:88 - Argumentos: ['main.py']
2025-11-11 11:34:25 - facturacion_facil - INFO - logger.py:138 - === Iniciando aplicación Facturación Fácil ===
2025-11-11 11:34:25 - facturacion_facil.force_copyable - INFO - force_copyable_dialogs.py:96 - 🔧 FORCE: Parche forzado aplicado a messagebox
2025-11-11 11:34:25 - facturacion_facil.force_copyable - INFO - force_copyable_dialogs.py:97 - 🔧 FORCE: TODOS los messagebox ahora usan diálogos copiables
2025-11-11 11:34:25 - facturacion_facil - INFO - logger.py:138 - 🔧 Parche FORZADO de mensajes copiables aplicado correctamente
2025-11-11 11:34:25 - facturacion_facil - INFO - logger.py:138 - 🎯 GARANTÍA: Todos los messagebox tendrán botón copiar
2025-11-11 11:34:25 - facturacion_facil - INFO - logger.py:138 - Inicializando base de datos...
2025-11-11 11:34:25 - facturacion_facil - INFO - logger.py:138 - Base de datos inicializada correctamente
2025-11-11 11:34:25 - facturacion_facil - INFO - logger.py:138 - Creando ventana principal
2025-11-11 11:34:26 - facturacion_facil - INFO - logger.py:138 - Iniciando bucle principal de la aplicación
2025-11-11 11:34:28 - facturacion_facil.treeview_sorter - INFO - treeview_sorter.py:39 - Configurado sorting para 4 columnas
2025-11-11 11:34:28 - facturacion_facil.ui.clientes - DEBUG - clientes.py:181 - Cargados 6 clientes
2025-11-11 11:34:28 - facturacion_facil - INFO - logger.py:96 - Acción usuario: Ventana de clientes abierta - 
2025-11-11 11:34:28 - facturacion_facil.ui.clientes - INFO - clientes.py:22 - Ventana de clientes inicializada
2025-11-11 11:35:07 - facturacion_facil.ui.clientes - DEBUG - clientes.py:269 - Formulario de cliente limpiado
2025-11-11 11:35:07 - facturacion_facil - INFO - logger.py:96 - Acción usuario: Nuevo cliente iniciado - 
2025-11-11 11:35:33 - facturacion_facil.ui.clientes - DEBUG - clientes.py:269 - Formulario de cliente limpiado
2025-11-11 11:35:33 - facturacion_facil - INFO - logger.py:96 - Acción usuario: Nuevo cliente iniciado - 
2025-11-11 11:35:42 - facturacion_facil.treeview_sorter - INFO - treeview_sorter.py:39 - Configurado sorting para 4 columnas
2025-11-11 11:35:42 - facturacion_facil.ui.clientes - DEBUG - clientes.py:181 - Cargados 6 clientes
2025-11-11 11:35:42 - facturacion_facil - INFO - logger.py:96 - Acción usuario: Ventana de clientes abierta - 
2025-11-11 11:35:42 - facturacion_facil.ui.clientes - INFO - clientes.py:22 - Ventana de clientes inicializada
2025-11-11 11:36:09 - facturacion_facil.ui.clientes - DEBUG - clientes.py:181 - Cargados 7 clientes
2025-11-11 11:36:09 - facturacion_facil.force_copyable - INFO - force_copyable_dialogs.py:48 - 🔧 FORCE: Interceptando messagebox.showinfo - 'Éxito': 'Cliente creado correctamente...'
2025-11-11 11:36:09 - facturacion_facil.force_copyable - INFO - force_copyable_dialogs.py:53 - 🔧 FORCE: Usando show_copyable_info
2025-11-11 11:36:09 - facturacion_facil.window_manager - DEBUG - window_manager.py:42 - Ventana hecha visible: .!ctktoplevel3
2025-11-11 11:36:09 - facturacion_facil.window_manager - DEBUG - window_manager.py:57 - Topmost removido de ventana: .!ctktoplevel3
2025-11-11 11:36:12 - facturacion_facil.window_manager - DEBUG - window_manager.py:82 - Ventana cerrada exitosamente: .!ctktoplevel3
2025-11-11 11:36:12 - facturacion_facil.force_copyable - INFO - force_copyable_dialogs.py:55 - ✅ FORCE: show_copyable_info exitoso
2025-11-11 11:36:12 - facturacion_facil - INFO - logger.py:96 - Acción usuario: Cliente creado: client1 - 
2025-11-11 11:36:12 - facturacion_facil.ui.clientes - INFO - clientes.py:329 - Cliente creado: client1
2025-11-11 11:36:12 - facturacion_facil.ui.clientes - DEBUG - clientes.py:269 - Formulario de cliente limpiado
2025-11-11 11:36:18 - facturacion_facil.ui.clientes - DEBUG - clientes.py:246 - Datos del cliente Test cargados
2025-11-11 11:36:20 - facturacion_facil.ui.clientes - DEBUG - clientes.py:246 - Datos del cliente Test Cliente cargados
2025-11-11 11:36:22 - facturacion_facil.ui.clientes - DEBUG - clientes.py:246 - Datos del cliente client1 cargados
2025-11-11 11:36:30 - facturacion_facil.ui.clientes - DEBUG - clientes.py:181 - Cargados 7 clientes
2025-11-11 11:36:30 - facturacion_facil.force_copyable - INFO - force_copyable_dialogs.py:48 - 🔧 FORCE: Interceptando messagebox.showinfo - 'Éxito': 'Cliente actualizado correctamente...'
2025-11-11 11:36:30 - facturacion_facil.force_copyable - INFO - force_copyable_dialogs.py:53 - 🔧 FORCE: Usando show_copyable_info
2025-11-11 11:36:30 - facturacion_facil.window_manager - DEBUG - window_manager.py:42 - Ventana hecha visible: .!ctktoplevel4
2025-11-11 11:36:30 - facturacion_facil.window_manager - DEBUG - window_manager.py:57 - Topmost removido de ventana: .!ctktoplevel4
2025-11-11 11:36:32 - facturacion_facil.window_manager - DEBUG - window_manager.py:82 - Ventana cerrada exitosamente: .!ctktoplevel4
2025-11-11 11:36:32 - facturacion_facil.force_copyable - INFO - force_copyable_dialogs.py:55 - ✅ FORCE: show_copyable_info exitoso
2025-11-11 11:36:32 - facturacion_facil - INFO - logger.py:96 - Acción usuario: Cliente actualizado: client1 - 
2025-11-11 11:36:32 - facturacion_facil.ui.clientes - INFO - clientes.py:329 - Cliente actualizado: client1
2025-11-11 11:36:36 - facturacion_facil.treeview_sorter - INFO - treeview_sorter.py:39 - Configurado sorting para 4 columnas
2025-11-11 11:36:36 - facturacion_facil.facturaswindow - INFO - facturas.py:409 - Cargadas 11 facturas (OPTIMIZADO - résumé)
2025-11-11 11:36:36 - facturacion_facil.facturaswindow - INFO - facturas.py:441 - Cargados 3 productos disponibles con información de stock (OPTIMIZADO)
2025-11-11 11:36:36 - facturacion_facil.facturaswindow - DEBUG - facturas.py:651 - Cargados 7 clientes en combobox
2025-11-11 11:36:36 - facturacion_facil.facturaswindow - INFO - facturas.py:41 - Ventana de facturas inicializada correctamente
2025-11-11 11:36:44 - facturacion_facil.producto_list_widget - DEBUG - producto_list_widget.py:179 - Tous les items supprimés
2025-11-11 11:36:44 - facturacion_facil.facturaswindow - DEBUG - facturas.py:604 - Formulario de factura limpiado
2025-11-11 11:36:44 - facturacion_facil.utils.factura_numbering - INFO - factura_numbering.py:39 - Siguiente número de factura sugerido: FACT-1762854819-2025
2025-11-11 11:36:44 - facturacion_facil - INFO - logger.py:96 - Acción usuario: Número de factura inicializado - Número: FACT-1762854819-2025
2025-11-11 11:36:44 - facturacion_facil.facturaswindow - INFO - facturas.py:559 - Nueva factura iniciada
2025-11-11 11:36:44 - facturacion_facil - INFO - logger.py:96 - Acción usuario: Nueva factura - Formulario preparado
2025-11-11 11:37:30 - facturacion_facil.simple_producto_autocomplete - WARNING - simple_producto_autocomplete.py:109 - Error obteniendo stock para producto 39: type object 'Stock' has no attribute 'get_by_producto_id'
2025-11-11 11:37:30 - facturacion_facil.simple_producto_autocomplete - WARNING - simple_producto_autocomplete.py:109 - Error obteniendo stock para producto 40: type object 'Stock' has no attribute 'get_by_producto_id'
2025-11-11 11:37:30 - facturacion_facil.simple_producto_autocomplete - WARNING - simple_producto_autocomplete.py:109 - Error obteniendo stock para producto 41: type object 'Stock' has no attribute 'get_by_producto_id'
2025-11-11 11:37:30 - facturacion_facil.simple_producto_autocomplete - INFO - simple_producto_autocomplete.py:130 - Cargados 3 productos para autocompletado
2025-11-11 11:37:30 - facturacion_facil.producto_factura_dialog - INFO - producto_factura_dialog.py:688 - Interceptor de scroll basado en foco instalado
2025-11-11 11:37:37 - facturacion_facil.simple_producto_autocomplete - DEBUG - simple_producto_autocomplete.py:169 - Filtradas 0 sugerencias para 'prc'
2025-11-11 11:37:37 - facturacion_facil.simple_producto_autocomplete - DEBUG - simple_producto_autocomplete.py:169 - Filtradas 0 sugerencias para 'prc'
2025-11-11 11:37:37 - facturacion_facil.simple_producto_autocomplete - DEBUG - simple_producto_autocomplete.py:169 - Filtradas 2 sugerencias para 'pr'
2025-11-11 11:37:37 - facturacion_facil.simple_producto_autocomplete - DEBUG - simple_producto_autocomplete.py:193 - Dropdown mostrado
2025-11-11 11:37:41 - facturacion_facil.simple_producto_autocomplete - DEBUG - simple_producto_autocomplete.py:200 - Dropdown ocultado
2025-11-11 11:37:41 - facturacion_facil.producto_factura_dialog - INFO - producto_factura_dialog.py:159 - Producto seleccionado: Producto Botones Test 1 - PBT001
2025-11-11 11:37:41 - facturacion_facil.producto_factura_dialog - ERROR - producto_factura_dialog.py:171 - Error al seleccionar producto: 'ProductoFacturaDialog' object has no attribute 'update_totales_preview'
2025-11-11 11:37:41 - facturacion_facil.simple_producto_autocomplete - INFO - simple_producto_autocomplete.py:220 - Seleccionado: Producto Botones Test 1 - PBT001
2025-11-11 11:37:46 - facturacion_facil.producto_factura_dialog - INFO - producto_factura_dialog.py:613 - Interceptor de scroll basado en foco removido
2025-11-11 11:37:46 - facturacion_facil.producto_list_widget - DEBUG - producto_list_widget.py:179 - Tous les items supprimés
2025-11-11 11:37:46 - facturacion_facil.producto_list_widget - DEBUG - producto_list_widget.py:167 - Item ajouté: Producto Botones Test 1
2025-11-11 11:37:46 - facturacion_facil.producto_list_widget - DEBUG - producto_list_widget.py:223 - Liste mise à jour avec 1 items
2025-11-11 11:37:46 - facturacion_facil - INFO - logger.py:96 - Acción usuario: Producto agregado a factura - Producto ID: 39, Cantidad: 1
2025-11-11 11:37:52 - facturacion_facil.facturaswindow - INFO - facturas.py:460 - 🔧 DEBUG: Botón guardar presionado
2025-11-11 11:37:52 - facturacion_facil.facturaswindow - INFO - facturas.py:461 - 🔧 DEBUG: Método guardar_factura disponible: True
2025-11-11 11:37:52 - facturacion_facil.facturaswindow - INFO - facturas.py:462 - 🔧 DEBUG: Tipo de guardar_factura: <class 'method'>
2025-11-11 11:37:52 - facturacion_facil.facturaswindow - INFO - facturas.py:465 - 🔧 DEBUG: current_factura: <database.models.Factura object at 0x7f5df381c830>
2025-11-11 11:37:52 - facturacion_facil.facturaswindow - INFO - facturas.py:466 - 🔧 DEBUG: factura_items: 1
2025-11-11 11:37:52 - facturacion_facil.facturaswindow - INFO - facturas.py:470 - 🔧 DEBUG: Llamando a guardar_factura...
2025-11-11 11:37:52 - facturacion_facil.facturaswindow - INFO - facturas_methods.py:509 - 🔧 DEBUG: Mostrando resumen de impacto en stock...
2025-11-11 11:37:52 - facturacion_facil.facturaswindow - INFO - facturas_methods.py:324 - 🔧 DEBUG: Usando diálogo directo con botones CONFIRMAR/CANCELAR...
2025-11-11 11:37:57 - facturacion_facil.facturaswindow - INFO - facturas_methods.py:327 - 🔧 DEBUG: Resultado del diálogo directo: True
2025-11-11 11:37:57 - facturacion_facil.facturaswindow - INFO - facturas_methods.py:511 - 🔧 DEBUG: Resultado del resumen de stock: True
2025-11-11 11:37:57 - facturacion_facil.facturaswindow - INFO - facturas_methods.py:517 - 🔧 DEBUG: Usuario CONFIRMÓ continuar con la factura
2025-11-11 11:37:57 - facturacion_facil.facturaswindow - DEBUG - facturas.py:651 - Cargados 8 clientes en combobox
2025-11-11 11:37:57 - facturacion_facil.facturaswindow - INFO - facturas.py:754 - Nuevo cliente creado automáticamente: toto
2025-11-11 11:37:57 - facturacion_facil - INFO - logger.py:96 - Acción usuario: Cliente creado automáticamente: toto - 
2025-11-11 11:37:57 - facturacion_facil.facturaswindow - INFO - facturas_methods.py:544 - 💾 Guardando factura FACT-1762854819-2025 en base de datos...
2025-11-11 11:37:57 - facturacion_facil.facturaswindow - INFO - facturas_methods.py:546 - ✅ Factura guardada con ID: 21
2025-11-11 11:37:57 - facturacion_facil.facturaswindow - INFO - facturas_methods.py:549 - 📊 Iniciando actualización de stock para factura FACT-1762854819-2025...
2025-11-11 11:37:57 - facturacion_facil.facturaswindow - INFO - facturas_methods.py:576 - 🔄 INICIANDO actualización de stock para factura FACT-1762854819-2025
2025-11-11 11:37:57 - facturacion_facil.facturaswindow - INFO - facturas_methods.py:577 - 📦 Número de items a procesar: 1
2025-11-11 11:37:57 - facturacion_facil.facturaswindow - INFO - facturas_methods.py:584 - 📊 Procesando item 1/1
2025-11-11 11:37:57 - facturacion_facil.facturaswindow - INFO - facturas_methods.py:585 -    - Producto ID: 39
2025-11-11 11:37:57 - facturacion_facil.facturaswindow - INFO - facturas_methods.py:586 -    - Cantidad a descontar: 1
2025-11-11 11:37:57 - facturacion_facil.facturaswindow - INFO - facturas_methods.py:590 -    - Stock antes: 13
2025-11-11 11:37:57 - facturacion_facil.facturaswindow - INFO - facturas_methods.py:597 -    - Stock después: 12
2025-11-11 11:37:57 - facturacion_facil.facturaswindow - INFO - facturas_methods.py:602 -    ✅ Stock actualizado correctamente
2025-11-11 11:37:57 - facturacion_facil - DEBUG - logger.py:100 - DB UPDATE en stock: Producto Producto Botones Test 1: 13→12 (Factura: FACT-1762854819-2025)
2025-11-11 11:37:57 - facturacion_facil.facturaswindow - INFO - facturas_methods.py:613 - Stock actualizado para producto Producto Botones Test 1: -1 unidades (13→12)
2025-11-11 11:37:57 - facturacion_facil.facturaswindow - INFO - facturas_methods.py:615 - ✅ COMPLETADA actualización de stock para factura FACT-1762854819-2025
2025-11-11 11:37:57 - facturacion_facil.facturaswindow - INFO - facturas_methods.py:551 - ✅ Actualización de stock completada
2025-11-11 11:37:57 - facturacion_facil.utils.factura_numbering - INFO - factura_numbering.py:190 - Número de factura usado: FACT-1762854819-2025 (número: 1762854819)
2025-11-11 11:37:57 - facturacion_facil.facturaswindow - INFO - facturas.py:409 - Cargadas 12 facturas (OPTIMIZADO - résumé)
2025-11-11 11:37:57 - facturacion_facil.producto_list_widget - DEBUG - producto_list_widget.py:179 - Tous les items supprimés
2025-11-11 11:37:57 - facturacion_facil.facturaswindow - DEBUG - facturas.py:604 - Formulario de factura limpiado
2025-11-11 11:37:57 - facturacion_facil.utils.factura_numbering - INFO - factura_numbering.py:39 - Siguiente número de factura sugerido: FACT-1762854820-2025
2025-11-11 11:37:57 - facturacion_facil - INFO - logger.py:96 - Acción usuario: Número de factura inicializado - Número: FACT-1762854820-2025
2025-11-11 11:37:57 - facturacion_facil.facturaswindow - INFO - facturas.py:559 - Nueva factura iniciada
2025-11-11 11:37:57 - facturacion_facil - INFO - logger.py:96 - Acción usuario: Nueva factura - Formulario preparado
2025-11-11 11:37:58 - facturacion_facil.window_manager - DEBUG - window_manager.py:42 - Ventana hecha visible: .!ctktoplevel5.!ctktoplevel2
2025-11-11 11:37:58 - facturacion_facil.window_manager - DEBUG - window_manager.py:57 - Topmost removido de ventana: .!ctktoplevel5.!ctktoplevel2
2025-11-11 11:38:01 - facturacion_facil.window_manager - DEBUG - window_manager.py:82 - Ventana cerrada exitosamente: .!ctktoplevel5.!ctktoplevel2
2025-11-11 11:38:01 - facturacion_facil - DEBUG - logger.py:100 - DB INSERT/UPDATE en facturas: Factura 
2025-11-11 11:38:01 - facturacion_facil - INFO - logger.py:96 - Acción usuario: Factura guardada - Número: 
2025-11-11 11:38:01 - facturacion_facil.facturaswindow - INFO - facturas.py:473 - 🔧 DEBUG: guardar_factura completado SIN ERRORES
2025-11-11 11:38:06 - facturacion_facil.treeview_sorter - INFO - treeview_sorter.py:39 - Configurado sorting para 4 columnas
2025-11-11 11:38:06 - facturacion_facil.ui.clientes - DEBUG - clientes.py:181 - Cargados 8 clientes
2025-11-11 11:38:06 - facturacion_facil - INFO - logger.py:96 - Acción usuario: Ventana de clientes abierta - 
2025-11-11 11:38:06 - facturacion_facil.ui.clientes - INFO - clientes.py:22 - Ventana de clientes inicializada
2025-11-11 11:38:08 - facturacion_facil.ui.clientes - DEBUG - clientes.py:246 - Datos del cliente toto cargados
